Name,lon,lat,Sampling_date,Reservoir,Sampling_method,Parameter,Parameter_value,Parameter_unit,Result_ID,Quantification_limit,Meta_analysis_name,Sample_type,Depth,Inland_water_body_IDS2_date,days_diff,S2_product_ID,B1,B2,B3,B4,B5,B6,B7,B8,B8A,B9,B11,B12,QA60,SCL,cloud_probability,CPP
JU06150028,-0.2307,40.0116,6/13/2024,Estación punto de presa E. de Sitjar,DETERMINACION FÍSICO-QUÍMICA IN SITU,CLOROFILA A,0.36,µg/L,"0,36",0.03,Fluorescencia atómica,DISCRETA,3,6/8/2024,5,S2A_MSIL2A_20240608T104631_N0510_R051_T30TYK_20240608T164745,0.2744,0.2398,0.2367,0.2087,0.2354,0.2473,0.2546,0.2468,0.2548,0.5714,0.1724,0.1524,2048,8,99,45.761174
JU06150028,-0.2307,40.0116,6/13/2024,Estación punto de presa E. de Sitjar,DETERMINACION FÍSICO-QUÍMICA IN SITU,CLOROFILA A,0.53,µg/L,"0,53",0.03,Fluorescencia atómica,DISCRETA,5,6/8/2024,5,S2A_MSIL2A_20240608T104631_N0510_R051_T30TYK_20240608T164745,0.2744,0.2398,0.2367,0.2087,0.2354,0.2473,0.2546,0.2468,0.2548,0.5714,0.1724,0.1524,2048,8,99,45.761174
JU06150028,-0.2307,40.0116,6/13/2024,Estación punto de presa E. de Sitjar,DETERMINACION FÍSICO-QUÍMICA IN SITU,CLOROFILA A,0.63,µg/L,"0,63",0.03,Fluorescencia atómica,DISCRETA,6,6/8/2024,5,S2A_MSIL2A_20240608T104631_N0510_R051_T30TYK_20240608T164745,0.2744,0.2398,0.2367,0.2087,0.2354,0.2473,0.2546,0.2468,0.2548,0.5714,0.1724,0.1524,2048,8,99,45.761174
JU06150028,-0.2307,40.0116,6/13/2024,Estación punto de presa E. de Sitjar,TOMA DE MUESTRAS PARA LABORATORIO,SOLIDOS EN SUSPENSION,3,mg/L,3,2,Gravimetría,INTEGRADA,-1,6/8/2024,5,S2A_MSIL2A_20240608T104631_N0510_R051_T30TYK_20240608T164745,0.2744,0.2398,0.2367,0.2087,0.2354,0.2473,0.2546,0.2468,0.2548,0.5714,0.1724,0.1524,2048,8,99,45.761174
JU06150028,-0.2307,40.0116,6/13/2024,Estación punto de presa E. de Sitjar,DETERMINACION FÍSICO-QUÍMICA IN SITU,CLOROFILA A,0.48,µg/L,"0,48",0.03,Fluorescencia atómica,DISCRETA,12,6/8/2024,5,S2A_MSIL2A_20240608T104631_N0510_R051_T30TYK_20240608T164745,0.2744,0.2398,0.2367,0.2087,0.2354,0.2473,0.2546,0.2468,0.2548,0.5714,0.1724,0.1524,2048,8,99,45.761174
JU06150028,-0.2307,40.0116,6/13/2024,Estación punto de presa E. de Sitjar,DETERMINACION FÍSICO-QUÍMICA IN SITU,CLOROFILA A,0.49,µg/L,"0,49",0.03,Fluorescencia atómica,DISCRETA,13,6/8/2024,5,S2A_MSIL2A_20240608T104631_N0510_R051_T30TYK_20240608T164745,0.2744,0.2398,0.2367,0.2087,0.2354,0.2473,0.2546,0.2468,0.2548,0.5714,0.1724,0.1524,2048,8,99,45.761174
JU06150028,-0.2307,40.0116,6/13/2024,Estación punto de presa E. de Sitjar,DETERMINACION FÍSICO-QUÍMICA IN SITU,CLOROFILA A,0.66,µg/L,"0,66",0.03,Fluorescencia atómica,DISCRETA,14,6/8/2024,5,S2A_MSIL2A_20240608T104631_N0510_R051_T30TYK_20240608T164745,0.2744,0.2398,0.2367,0.2087,0.2354,0.2473,0.2546,0.2468,0.2548,0.5714,0.1724,0.1524,2048,8,99,45.761174
JU06150028,-0.2307,40.0116,6/13/2024,Estación punto de presa E. de Sitjar,DETERMINACION FÍSICO-QUÍMICA IN SITU,CLOROFILA A,0.58,µg/L,"0,58",0.03,Fluorescencia atómica,DISCRETA,9,6/8/2024,5,S2A_MSIL2A_20240608T104631_N0510_R051_T30TYK_20240608T164745,0.2744,0.2398,0.2367,0.2087,0.2354,0.2473,0.2546,0.2468,0.2548,0.5714,0.1724,0.1524,2048,8,99,45.761174
JU06150028,-0.2307,40.0116,6/13/2024,Estación punto de presa E. de Sitjar,DETERMINACION FÍSICO-QUÍMICA IN SITU,CLOROFILA A,0.52,µg/L,"0,52",0.03,Fluorescencia atómica,DISCRETA,11,6/8/2024,5,S2A_MSIL2A_20240608T104631_N0510_R051_T30TYK_20240608T164745,0.2744,0.2398,0.2367,0.2087,0.2354,0.2473,0.2546,0.2468,0.2548,0.5714,0.1724,0.1524,2048,8,99,45.761174
JU06150028,-0.2307,40.0116,6/13/2024,Estación punto de presa E. de Sitjar,DETERMINACION FÍSICO-QUÍMICA IN SITU,CLOROFILA A,0.54,µg/L,"0,54",0.03,Fluorescencia atómica,DISCRETA,10,6/8/2024,5,S2A_MSIL2A_20240608T104631_N0510_R051_T30TYK_20240608T164745,0.2744,0.2398,0.2367,0.2087,0.2354,0.2473,0.2546,0.2468,0.2548,0.5714,0.1724,0.1524,2048,8,99,45.761174
JU06150028,-0.2307,40.0116,6/13/2024,Estación punto de presa E. de Sitjar,DETERMINACION FÍSICO-QUÍMICA IN SITU,CLOROFILA A,0.27,µg/L,"0,27",0.03,Fluorescencia atómica,DISCRETA,1,6/8/2024,5,S2A_MSIL2A_20240608T104631_N0510_R051_T30TYK_20240608T164745,0.2744,0.2398,0.2367,0.2087,0.2354,0.2473,0.2546,0.2468,0.2548,0.5714,0.1724,0.1524,2048,8,99,45.761174
JU06150028,-0.2307,40.0116,6/13/2024,Estación punto de presa E. de Sitjar,DETERMINACION FÍSICO-QUÍMICA IN SITU,CLOROFILA A,0.62,µg/L,"0,62",0.03,Fluorescencia atómica,DISCRETA,7,6/8/2024,5,S2A_MSIL2A_20240608T104631_N0510_R051_T30TYK_20240608T164745,0.2744,0.2398,0.2367,0.2087,0.2354,0.2473,0.2546,0.2468,0.2548,0.5714,0.1724,0.1524,2048,8,99,45.761174
JU06150028,-0.2307,40.0116,6/13/2024,Estación punto de presa E. de Sitjar,DETERMINACION FÍSICO-QUÍMICA IN SITU,CLOROFILA A,0.64,µg/L,"0,64",0.03,Fluorescencia atómica,DISCRETA,8,6/8/2024,5,S2A_MSIL2A_20240608T104631_N0510_R051_T30TYK_20240608T164745,0.2744,0.2398,0.2367,0.2087,0.2354,0.2473,0.2546,0.2468,0.2548,0.5714,0.1724,0.1524,2048,8,99,45.761174
JU06150028,-0.2307,40.0116,6/13/2024,Estación punto de presa E. de Sitjar,DETERMINACION FÍSICO-QUÍMICA IN SITU,CLOROFILA A,0.23,µg/L,"0,23",0.03,Fluorescencia atómica,DISCRETA,0,6/8/2024,5,S2A_MSIL2A_20240608T104631_N0510_R051_T30TYK_20240608T164745,0.2744,0.2398,0.2367,0.2087,0.2354,0.2473,0.2546,0.2468,0.2548,0.5714,0.1724,0.1524,2048,8,99,45.761174
JU06150028,-0.2307,40.0116,6/13/2024,Estación punto de presa E. de Sitjar,DETERMINACION FÍSICO-QUÍMICA IN SITU,CLOROFILA A,0.32,µg/L,"0,32",0.03,Fluorescencia atómica,DISCRETA,2,6/8/2024,5,S2A_MSIL2A_20240608T104631_N0510_R051_T30TYK_20240608T164745,0.2744,0.2398,0.2367,0.2087,0.2354,0.2473,0.2546,0.2468,0.2548,0.5714,0.1724,0.1524,2048,8,99,45.761174
JU06150028,-0.2307,40.0116,6/13/2024,Estación punto de presa E. de Sitjar,DETERMINACION FÍSICO-QUÍMICA IN SITU,CLOROFILA A,0.38,µg/L,"0,38",0.03,Fluorescencia atómica,DISCRETA,4,6/8/2024,5,S2A_MSIL2A_20240608T104631_N0510_R051_T30TYK_20240608T164745,0.2744,0.2398,0.2367,0.2087,0.2354,0.2473,0.2546,0.2468,0.2548,0.5714,0.1724,0.1524,2048,8,99,45.761174
JU06150028,-0.2307,40.0116,6/13/2024,Estación punto de presa E. de Sitjar,TOMA DE MUESTRAS PARA LABORATORIO,FOSFORO TOTAL,0.009,mg P/l,"0,009",0.004,Espectofotometría de absorción molecular,INTEGRADA,-1,6/8/2024,5,S2A_MSIL2A_20240608T104631_N0510_R051_T30TYK_20240608T164745,0.2744,0.2398,0.2367,0.2087,0.2354,0.2473,0.2546,0.2468,0.2548,0.5714,0.1724,0.1524,2048,8,99,45.761174
JU06150028,-0.2307,40.0116,6/13/2024,Estación punto de presa E. de Sitjar,DETERMINACION FÍSICO-QUÍMICA IN SITU,Profundidad del disco de secchi,4,m,,,,INTEGRADA,-1,6/8/2024,5,S2A_MSIL2A_20240608T104631_N0510_R051_T30TYK_20240608T164745,0.2744,0.2398,0.2367,0.2087,0.2354,0.2473,0.2546,0.2468,0.2548,0.5714,0.1724,0.1524,2048,8,99,45.761174
JU06660017,-1.0992,39.7301,6/6/2024,Estación punto de presa E. de Benagéber,DETERMINACION FÍSICO-QUÍMICA IN SITU,CLOROFILA A,1.02,µg/L,"1,02",0.03,Fluorescencia atómica,DISCRETA,12,6/3/2024,3,S2B_MSIL2A_20240603T104619_N0510_R051_T30SXJ_20240603T133819,0.0526,0.0579,0.0714,0.0318,0.0273,0.0206,0.0228,0.0205,0.0205,0.0221,0.0231,0.0205,0,6,1,6.037803
JU06660017,-1.0992,39.7301,6/6/2024,Estación punto de presa E. de Benagéber,DETERMINACION FÍSICO-QUÍMICA IN SITU,CLOROFILA A,2.65,µg/L,"2,65",0.03,Fluorescencia atómica,DISCRETA,1,6/3/2024,3,S2B_MSIL2A_20240603T104619_N0510_R051_T30SXJ_20240603T133819,0.0526,0.0579,0.0714,0.0318,0.0273,0.0206,0.0228,0.0205,0.0205,0.0221,0.0231,0.0205,0,6,1,6.037803
JU06660017,-1.0992,39.7301,6/6/2024,Estación punto de presa E. de Benagéber,DETERMINACION FÍSICO-QUÍMICA IN SITU,CLOROFILA A,0.99,µg/L,"0,99",0.03,Fluorescencia atómica,DISCRETA,27,6/3/2024,3,S2B_MSIL2A_20240603T104619_N0510_R051_T30SXJ_20240603T133819,0.0526,0.0579,0.0714,0.0318,0.0273,0.0206,0.0228,0.0205,0.0205,0.0221,0.0231,0.0205,0,6,1,6.037803
JU06660017,-1.0992,39.7301,6/6/2024,Estación punto de presa E. de Benagéber,DETERMINACION FÍSICO-QUÍMICA IN SITU,CLOROFILA A,0.57,µg/L,"0,57",0.03,Fluorescencia atómica,DISCRETA,40,6/3/2024,3,S2B_MSIL2A_20240603T104619_N0510_R051_T30SXJ_20240603T133819,0.0526,0.0579,0.0714,0.0318,0.0273,0.0206,0.0228,0.0205,0.0205,0.0221,0.0231,0.0205,0,6,1,6.037803
JU06660017,-1.0992,39.7301,6/6/2024,Estación punto de presa E. de Benagéber,DETERMINACION FÍSICO-QUÍMICA IN SITU,CLOROFILA A,0.79,µg/L,"0,79",0.03,Fluorescencia atómica,DISCRETA,44,6/3/2024,3,S2B_MSIL2A_20240603T104619_N0510_R051_T30SXJ_20240603T133819,0.0526,0.0579,0.0714,0.0318,0.0273,0.0206,0.0228,0.0205,0.0205,0.0221,0.0231,0.0205,0,6,1,6.037803
JU06660017,-1.0992,39.7301,6/6/2024,Estación punto de presa E. de Benagéber,DETERMINACION FÍSICO-QUÍMICA IN SITU,CLOROFILA A,0.89,µg/L,"0,89",0.03,Fluorescencia atómica,DISCRETA,16,6/3/2024,3,S2B_MSIL2A_20240603T104619_N0510_R051_T30SXJ_20240603T133819,0.0526,0.0579,0.0714,0.0318,0.0273,0.0206,0.0228,0.0205,0.0205,0.0221,0.0231,0.0205,0,6,1,6.037803
JU06660017,-1.0992,39.7301,6/6/2024,Estación punto de presa E. de Benagéber,DETERMINACION FÍSICO-QUÍMICA IN SITU,CLOROFILA A,0.86,µg/L,"0,86",0.03,Fluorescencia atómica,DISCRETA,25,6/3/2024,3,S2B_MSIL2A_20240603T104619_N0510_R051_T30SXJ_20240603T133819,0.0526,0.0579,0.0714,0.0318,0.0273,0.0206,0.0228,0.0205,0.0205,0.0221,0.0231,0.0205,0,6,1,6.037803
JU06660017,-1.0992,39.7301,6/6/2024,Estación punto de presa E. de Benagéber,DETERMINACION FÍSICO-QUÍMICA IN SITU,CLOROFILA A,0.91,µg/L,"0,91",0.03,Fluorescencia atómica,DISCRETA,26,6/3/2024,3,S2B_MSIL2A_20240603T104619_N0510_R051_T30SXJ_20240603T133819,0.0526,0.0579,0.0714,0.0318,0.0273,0.0206,0.0228,0.0205,0.0205,0.0221,0.0231,0.0205,0,6,1,6.037803
JU06660017,-1.0992,39.7301,6/6/2024,Estación punto de presa E. de Benagéber,DETERMINACION FÍSICO-QUÍMICA IN SITU,CLOROFILA A,0.69,µg/L,"0,69",0.03,Fluorescencia atómica,DISCRETA,32,6/3/2024,3,S2B_MSIL2A_20240603T104619_N0510_R051_T30SXJ_20240603T133819,0.0526,0.0579,0.0714,0.0318,0.0273,0.0206,0.0228,0.0205,0.0205,0.0221,0.0231,0.0205,0,6,1,6.037803
JU06660017,-1.0992,39.7301,6/6/2024,Estación punto de presa E. de Benagéber,DETERMINACION FÍSICO-QUÍMICA IN SITU,CLOROFILA A,0.64,µg/L,"0,64",0.03,Fluorescencia atómica,DISCRETA,33,6/3/2024,3,S2B_MSIL2A_20240603T104619_N0510_R051_T30SXJ_20240603T133819,0.0526,0.0579,0.0714,0.0318,0.0273,0.0206,0.0228,0.0205,0.0205,0.0221,0.0231,0.0205,0,6,1,6.037803
JU06660017,-1.0992,39.7301,6/6/2024,Estación punto de presa E. de Benagéber,DETERMINACION FÍSICO-QUÍMICA IN SITU,CLOROFILA A,0.59,µg/L,"0,59",0.03,Fluorescencia atómica,DISCRETA,38,6/3/2024,3,S2B_MSIL2A_20240603T104619_N0510_R051_T30SXJ_20240603T133819,0.0526,0.0579,0.0714,0.0318,0.0273,0.0206,0.0228,0.0205,0.0205,0.0221,0.0231,0.0205,0,6,1,6.037803
JU06660017,-1.0992,39.7301,6/6/2024,Estación punto de presa E. de Benagéber,DETERMINACION FÍSICO-QUÍMICA IN SITU,CLOROFILA A,0.62,µg/L,"0,62",0.03,Fluorescencia atómica,DISCRETA,42,6/3/2024,3,S2B_MSIL2A_20240603T104619_N0510_R051_T30SXJ_20240603T133819,0.0526,0.0579,0.0714,0.0318,0.0273,0.0206,0.0228,0.0205,0.0205,0.0221,0.0231,0.0205,0,6,1,6.037803
JU06660017,-1.0992,39.7301,6/6/2024,Estación punto de presa E. de Benagéber,DETERMINACION FÍSICO-QUÍMICA IN SITU,CLOROFILA A,1.2,µg/L,"1,2",0.03,Fluorescencia atómica,DISCRETA,10,6/3/2024,3,S2B_MSIL2A_20240603T104619_N0510_R051_T30SXJ_20240603T133819,0.0526,0.0579,0.0714,0.0318,0.0273,0.0206,0.0228,0.0205,0.0205,0.0221,0.0231,0.0205,0,6,1,6.037803
JU06660017,-1.0992,39.7301,6/6/2024,Estación punto de presa E. de Benagéber,DETERMINACION FÍSICO-QUÍMICA IN SITU,CLOROFILA A,0.86,µg/L,"0,86",0.03,Fluorescencia atómica,DISCRETA,20,6/3/2024,3,S2B_MSIL2A_20240603T104619_N0510_R051_T30SXJ_20240603T133819,0.0526,0.0579,0.0714,0.0318,0.0273,0.0206,0.0228,0.0205,0.0205,0.0221,0.0231,0.0205,0,6,1,6.037803
JU06660017,-1.0992,39.7301,6/6/2024,Estación punto de presa E. de Benagéber,DETERMINACION FÍSICO-QUÍMICA IN SITU,CLOROFILA A,0.91,µg/L,"0,91",0.03,Fluorescencia atómica,DISCRETA,29,6/3/2024,3,S2B_MSIL2A_20240603T104619_N0510_R051_T30SXJ_20240603T133819,0.0526,0.0579,0.0714,0.0318,0.0273,0.0206,0.0228,0.0205,0.0205,0.0221,0.0231,0.0205,0,6,1,6.037803
JU06660017,-1.0992,39.7301,6/6/2024,Estación punto de presa E. de Benagéber,DETERMINACION FÍSICO-QUÍMICA IN SITU,CLOROFILA A,0.54,µg/L,"0,54",0.03,Fluorescencia atómica,DISCRETA,35,6/3/2024,3,S2B_MSIL2A_20240603T104619_N0510_R051_T30SXJ_20240603T133819,0.0526,0.0579,0.0714,0.0318,0.0273,0.0206,0.0228,0.0205,0.0205,0.0221,0.0231,0.0205,0,6,1,6.037803
JU06660017,-1.0992,39.7301,6/6/2024,Estación punto de presa E. de Benagéber,DETERMINACION FÍSICO-QUÍMICA IN SITU,CLOROFILA A,2.54,µg/L,"2,54",0.03,Fluorescencia atómica,DISCRETA,3,6/3/2024,3,S2B_MSIL2A_20240603T104619_N0510_R051_T30SXJ_20240603T133819,0.0526,0.0579,0.0714,0.0318,0.0273,0.0206,0.0228,0.0205,0.0205,0.0221,0.0231,0.0205,0,6,1,6.037803
JU06660017,-1.0992,39.7301,6/6/2024,Estación punto de presa E. de Benagéber,DETERMINACION FÍSICO-QUÍMICA IN SITU,CLOROFILA A,0.84,µg/L,"0,84",0.03,Fluorescencia atómica,DISCRETA,47,6/3/2024,3,S2B_MSIL2A_20240603T104619_N0510_R051_T30SXJ_20240603T133819,0.0526,0.0579,0.0714,0.0318,0.0273,0.0206,0.0228,0.0205,0.0205,0.0221,0.0231,0.0205,0,6,1,6.037803
JU06660017,-1.0992,39.7301,6/6/2024,Estación punto de presa E. de Benagéber,DETERMINACION FÍSICO-QUÍMICA IN SITU,CLOROFILA A,2.69,µg/L,"2,69",0.03,Fluorescencia atómica,DISCRETA,4,6/3/2024,3,S2B_MSIL2A_20240603T104619_N0510_R051_T30SXJ_20240603T133819,0.0526,0.0579,0.0714,0.0318,0.0273,0.0206,0.0228,0.0205,0.0205,0.0221,0.0231,0.0205,0,6,1,6.037803
JU06660017,-1.0992,39.7301,6/6/2024,Estación punto de presa E. de Benagéber,DETERMINACION FÍSICO-QUÍMICA IN SITU,CLOROFILA A,0.95,µg/L,"0,95",0.03,Fluorescencia atómica,DISCRETA,19,6/3/2024,3,S2B_MSIL2A_20240603T104619_N0510_R051_T30SXJ_20240603T133819,0.0526,0.0579,0.0714,0.0318,0.0273,0.0206,0.0228,0.0205,0.0205,0.0221,0.0231,0.0205,0,6,1,6.037803
JU06660017,-1.0992,39.7301,6/6/2024,Estación punto de presa E. de Benagéber,DETERMINACION FÍSICO-QUÍMICA IN SITU,CLOROFILA A,1.06,µg/L,"1,06",0.03,Fluorescencia atómica,DISCRETA,24,6/3/2024,3,S2B_MSIL2A_20240603T104619_N0510_R051_T30SXJ_20240603T133819,0.0526,0.0579,0.0714,0.0318,0.0273,0.0206,0.0228,0.0205,0.0205,0.0221,0.0231,0.0205,0,6,1,6.037803
JU06660017,-1.0992,39.7301,6/6/2024,Estación punto de presa E. de Benagéber,DETERMINACION FÍSICO-QUÍMICA IN SITU,CLOROFILA A,1,µg/L,1,0.03,Fluorescencia atómica,DISCRETA,30,6/3/2024,3,S2B_MSIL2A_20240603T104619_N0510_R051_T30SXJ_20240603T133819,0.0526,0.0579,0.0714,0.0318,0.0273,0.0206,0.0228,0.0205,0.0205,0.0221,0.0231,0.0205,0,6,1,6.037803
JU06660017,-1.0992,39.7301,6/6/2024,Estación punto de presa E. de Benagéber,DETERMINACION FÍSICO-QUÍMICA IN SITU,CLOROFILA A,0.52,µg/L,"0,52",0.03,Fluorescencia atómica,DISCRETA,34,6/3/2024,3,S2B_MSIL2A_20240603T104619_N0510_R051_T30SXJ_20240603T133819,0.0526,0.0579,0.0714,0.0318,0.0273,0.0206,0.0228,0.0205,0.0205,0.0221,0.0231,0.0205,0,6,1,6.037803
JU06660017,-1.0992,39.7301,6/6/2024,Estación punto de presa E. de Benagéber,DETERMINACION FÍSICO-QUÍMICA IN SITU,CLOROFILA A,0.53,µg/L,"0,53",0.03,Fluorescencia atómica,DISCRETA,49,6/3/2024,3,S2B_MSIL2A_20240603T104619_N0510_R051_T30SXJ_20240603T133819,0.0526,0.0579,0.0714,0.0318,0.0273,0.0206,0.0228,0.0205,0.0205,0.0221,0.0231,0.0205,0,6,1,6.037803
JU06660017,-1.0992,39.7301,6/6/2024,Estación punto de presa E. de Benagéber,DETERMINACION FÍSICO-QUÍMICA IN SITU,CLOROFILA A,1.19,µg/L,"1,19",0.03,Fluorescencia atómica,DISCRETA,13,6/3/2024,3,S2B_MSIL2A_20240603T104619_N0510_R051_T30SXJ_20240603T133819,0.0526,0.0579,0.0714,0.0318,0.0273,0.0206,0.0228,0.0205,0.0205,0.0221,0.0231,0.0205,0,6,1,6.037803
JU06660017,-1.0992,39.7301,6/6/2024,Estación punto de presa E. de Benagéber,DETERMINACION FÍSICO-QUÍMICA IN SITU,CLOROFILA A,0.95,µg/L,"0,95",0.03,Fluorescencia atómica,DISCRETA,14,6/3/2024,3,S2B_MSIL2A_20240603T104619_N0510_R051_T30SXJ_20240603T133819,0.0526,0.0579,0.0714,0.0318,0.0273,0.0206,0.0228,0.0205,0.0205,0.0221,0.0231,0.0205,0,6,1,6.037803
JU06660017,-1.0992,39.7301,6/6/2024,Estación punto de presa E. de Benagéber,DETERMINACION FÍSICO-QUÍMICA IN SITU,CLOROFILA A,0.79,µg/L,"0,79",0.03,Fluorescencia atómica,DISCRETA,22,6/3/2024,3,S2B_MSIL2A_20240603T104619_N0510_R051_T30SXJ_20240603T133819,0.0526,0.0579,0.0714,0.0318,0.0273,0.0206,0.0228,0.0205,0.0205,0.0221,0.0231,0.0205,0,6,1,6.037803
JU06660017,-1.0992,39.7301,6/6/2024,Estación punto de presa E. de Benagéber,DETERMINACION FÍSICO-QUÍMICA IN SITU,CLOROFILA A,0.83,µg/L,"0,83",0.03,Fluorescencia atómica,DISCRETA,28,6/3/2024,3,S2B_MSIL2A_20240603T104619_N0510_R051_T30SXJ_20240603T133819,0.0526,0.0579,0.0714,0.0318,0.0273,0.0206,0.0228,0.0205,0.0205,0.0221,0.0231,0.0205,0,6,1,6.037803
JU06660017,-1.0992,39.7301,6/6/2024,Estación punto de presa E. de Benagéber,DETERMINACION FÍSICO-QUÍMICA IN SITU,CLOROFILA A,2.38,µg/L,"2,38",0.03,Fluorescencia atómica,DISCRETA,2,6/3/2024,3,S2B_MSIL2A_20240603T104619_N0510_R051_T30SXJ_20240603T133819,0.0526,0.0579,0.0714,0.0318,0.0273,0.0206,0.0228,0.0205,0.0205,0.0221,0.0231,0.0205,0,6,1,6.037803
JU06660017,-1.0992,39.7301,6/6/2024,Estación punto de presa E. de Benagéber,DETERMINACION FÍSICO-QUÍMICA IN SITU,CLOROFILA A,0.72,µg/L,"0,72",0.03,Fluorescencia atómica,DISCRETA,39,6/3/2024,3,S2B_MSIL2A_20240603T104619_N0510_R051_T30SXJ_20240603T133819,0.0526,0.0579,0.0714,0.0318,0.0273,0.0206,0.0228,0.0205,0.0205,0.0221,0.0231,0.0205,0,6,1,6.037803
JU06660017,-1.0992,39.7301,6/6/2024,Estación punto de presa E. de Benagéber,DETERMINACION FÍSICO-QUÍMICA IN SITU,CLOROFILA A,3.05,µg/L,"3,05",0.03,Fluorescencia atómica,DISCRETA,5,6/3/2024,3,S2B_MSIL2A_20240603T104619_N0510_R051_T30SXJ_20240603T133819,0.0526,0.0579,0.0714,0.0318,0.0273,0.0206,0.0228,0.0205,0.0205,0.0221,0.0231,0.0205,0,6,1,6.037803
JU06660017,-1.0992,39.7301,6/6/2024,Estación punto de presa E. de Benagéber,DETERMINACION FÍSICO-QUÍMICA IN SITU,CLOROFILA A,2.79,µg/L,"2,79",0.03,Fluorescencia atómica,DISCRETA,6,6/3/2024,3,S2B_MSIL2A_20240603T104619_N0510_R051_T30SXJ_20240603T133819,0.0526,0.0579,0.0714,0.0318,0.0273,0.0206,0.0228,0.0205,0.0205,0.0221,0.0231,0.0205,0,6,1,6.037803
JU06660017,-1.0992,39.7301,6/6/2024,Estación punto de presa E. de Benagéber,DETERMINACION FÍSICO-QUÍMICA IN SITU,CLOROFILA A,1.41,µg/L,"1,41",0.03,Fluorescencia atómica,DISCRETA,8,6/3/2024,3,S2B_MSIL2A_20240603T104619_N0510_R051_T30SXJ_20240603T133819,0.0526,0.0579,0.0714,0.0318,0.0273,0.0206,0.0228,0.0205,0.0205,0.0221,0.0231,0.0205,0,6,1,6.037803
JU06660017,-1.0992,39.7301,6/6/2024,Estación punto de presa E. de Benagéber,DETERMINACION FÍSICO-QUÍMICA IN SITU,CLOROFILA A,0.95,µg/L,"0,95",0.03,Fluorescencia atómica,DISCRETA,17,6/3/2024,3,S2B_MSIL2A_20240603T104619_N0510_R051_T30SXJ_20240603T133819,0.0526,0.0579,0.0714,0.0318,0.0273,0.0206,0.0228,0.0205,0.0205,0.0221,0.0231,0.0205,0,6,1,6.037803
JU06660017,-1.0992,39.7301,6/6/2024,Estación punto de presa E. de Benagéber,DETERMINACION FÍSICO-QUÍMICA IN SITU,CLOROFILA A,0.95,µg/L,"0,95",0.03,Fluorescencia atómica,DISCRETA,18,6/3/2024,3,S2B_MSIL2A_20240603T104619_N0510_R051_T30SXJ_20240603T133819,0.0526,0.0579,0.0714,0.0318,0.0273,0.0206,0.0228,0.0205,0.0205,0.0221,0.0231,0.0205,0,6,1,6.037803
JU06660017,-1.0992,39.7301,6/6/2024,Estación punto de presa E. de Benagéber,DETERMINACION FÍSICO-QUÍMICA IN SITU,CLOROFILA A,0.78,µg/L,"0,78",0.03,Fluorescencia atómica,DISCRETA,31,6/3/2024,3,S2B_MSIL2A_20240603T104619_N0510_R051_T30SXJ_20240603T133819,0.0526,0.0579,0.0714,0.0318,0.0273,0.0206,0.0228,0.0205,0.0205,0.0221,0.0231,0.0205,0,6,1,6.037803
JU06660017,-1.0992,39.7301,6/6/2024,Estación punto de presa E. de Benagéber,DETERMINACION FÍSICO-QUÍMICA IN SITU,CLOROFILA A,0.62,µg/L,"0,62",0.03,Fluorescencia atómica,DISCRETA,36,6/3/2024,3,S2B_MSIL2A_20240603T104619_N0510_R051_T30SXJ_20240603T133819,0.0526,0.0579,0.0714,0.0318,0.0273,0.0206,0.0228,0.0205,0.0205,0.0221,0.0231,0.0205,0,6,1,6.037803
JU06660017,-1.0992,39.7301,6/6/2024,Estación punto de presa E. de Benagéber,DETERMINACION FÍSICO-QUÍMICA IN SITU,CLOROFILA A,0.6,µg/L,"0,6",0.03,Fluorescencia atómica,DISCRETA,37,6/3/2024,3,S2B_MSIL2A_20240603T104619_N0510_R051_T30SXJ_20240603T133819,0.0526,0.0579,0.0714,0.0318,0.0273,0.0206,0.0228,0.0205,0.0205,0.0221,0.0231,0.0205,0,6,1,6.037803
JU06660017,-1.0992,39.7301,6/6/2024,Estación punto de presa E. de Benagéber,DETERMINACION FÍSICO-QUÍMICA IN SITU,CLOROFILA A,0.53,µg/L,"0,53",0.03,Fluorescencia atómica,DISCRETA,43,6/3/2024,3,S2B_MSIL2A_20240603T104619_N0510_R051_T30SXJ_20240603T133819,0.0526,0.0579,0.0714,0.0318,0.0273,0.0206,0.0228,0.0205,0.0205,0.0221,0.0231,0.0205,0,6,1,6.037803
JU06660017,-1.0992,39.7301,6/6/2024,Estación punto de presa E. de Benagéber,DETERMINACION FÍSICO-QUÍMICA IN SITU,CLOROFILA A,1.42,µg/L,"1,42",0.03,Fluorescencia atómica,DISCRETA,7,6/3/2024,3,S2B_MSIL2A_20240603T104619_N0510_R051_T30SXJ_20240603T133819,0.0526,0.0579,0.0714,0.0318,0.0273,0.0206,0.0228,0.0205,0.0205,0.0221,0.0231,0.0205,0,6,1,6.037803
JU06660017,-1.0992,39.7301,6/6/2024,Estación punto de presa E. de Benagéber,DETERMINACION FÍSICO-QUÍMICA IN SITU,CLOROFILA A,1.37,µg/L,"1,37",0.03,Fluorescencia atómica,DISCRETA,9,6/3/2024,3,S2B_MSIL2A_20240603T104619_N0510_R051_T30SXJ_20240603T133819,0.0526,0.0579,0.0714,0.0318,0.0273,0.0206,0.0228,0.0205,0.0205,0.0221,0.0231,0.0205,0,6,1,6.037803
JU06660017,-1.0992,39.7301,6/6/2024,Estación punto de presa E. de Benagéber,DETERMINACION FÍSICO-QUÍMICA IN SITU,CLOROFILA A,0.94,µg/L,"0,94",0.03,Fluorescencia atómica,DISCRETA,15,6/3/2024,3,S2B_MSIL2A_20240603T104619_N0510_R051_T30SXJ_20240603T133819,0.0526,0.0579,0.0714,0.0318,0.0273,0.0206,0.0228,0.0205,0.0205,0.0221,0.0231,0.0205,0,6,1,6.037803
JU06660017,-1.0992,39.7301,6/6/2024,Estación punto de presa E. de Benagéber,DETERMINACION FÍSICO-QUÍMICA IN SITU,CLOROFILA A,1.21,µg/L,"1,21",0.03,Fluorescencia atómica,DISCRETA,21,6/3/2024,3,S2B_MSIL2A_20240603T104619_N0510_R051_T30SXJ_20240603T133819,0.0526,0.0579,0.0714,0.0318,0.0273,0.0206,0.0228,0.0205,0.0205,0.0221,0.0231,0.0205,0,6,1,6.037803
JU06660017,-1.0992,39.7301,6/6/2024,Estación punto de presa E. de Benagéber,DETERMINACION FÍSICO-QUÍMICA IN SITU,CLOROFILA A,0.92,µg/L,"0,92",0.03,Fluorescencia atómica,DISCRETA,23,6/3/2024,3,S2B_MSIL2A_20240603T104619_N0510_R051_T30SXJ_20240603T133819,0.0526,0.0579,0.0714,0.0318,0.0273,0.0206,0.0228,0.0205,0.0205,0.0221,0.0231,0.0205,0,6,1,6.037803
JU06660017,-1.0992,39.7301,6/6/2024,Estación punto de presa E. de Benagéber,DETERMINACION FÍSICO-QUÍMICA IN SITU,CLOROFILA A,0.57,µg/L,"0,57",0.03,Fluorescencia atómica,DISCRETA,41,6/3/2024,3,S2B_MSIL2A_20240603T104619_N0510_R051_T30SXJ_20240603T133819,0.0526,0.0579,0.0714,0.0318,0.0273,0.0206,0.0228,0.0205,0.0205,0.0221,0.0231,0.0205,0,6,1,6.037803
JU06660017,-1.0992,39.7301,6/6/2024,Estación punto de presa E. de Benagéber,TOMA DE MUESTRAS PARA LABORATORIO,SOLIDOS EN SUSPENSION,0,mg/L,<2,2,Gravimetría,INTEGRADA,-1,6/3/2024,3,S2B_MSIL2A_20240603T104619_N0510_R051_T30SXJ_20240603T133819,0.0526,0.0579,0.0714,0.0318,0.0273,0.0206,0.0228,0.0205,0.0205,0.0221,0.0231,0.0205,0,6,1,6.037803
JU06660017,-1.0992,39.7301,6/6/2024,Estación punto de presa E. de Benagéber,DETERMINACION FÍSICO-QUÍMICA IN SITU,CLOROFILA A,1.28,µg/L,"1,28",0.03,Fluorescencia atómica,DISCRETA,0,6/3/2024,3,S2B_MSIL2A_20240603T104619_N0510_R051_T30SXJ_20240603T133819,0.0526,0.0579,0.0714,0.0318,0.0273,0.0206,0.0228,0.0205,0.0205,0.0221,0.0231,0.0205,0,6,1,6.037803
JU06660017,-1.0992,39.7301,6/6/2024,Estación punto de presa E. de Benagéber,DETERMINACION FÍSICO-QUÍMICA IN SITU,CLOROFILA A,1.16,µg/L,"1,16",0.03,Fluorescencia atómica,DISCRETA,11,6/3/2024,3,S2B_MSIL2A_20240603T104619_N0510_R051_T30SXJ_20240603T133819,0.0526,0.0579,0.0714,0.0318,0.0273,0.0206,0.0228,0.0205,0.0205,0.0221,0.0231,0.0205,0,6,1,6.037803
JU06660017,-1.0992,39.7301,6/6/2024,Estación punto de presa E. de Benagéber,DETERMINACION FÍSICO-QUÍMICA IN SITU,CLOROFILA A,0.58,µg/L,"0,58",0.03,Fluorescencia atómica,DISCRETA,45,6/3/2024,3,S2B_MSIL2A_20240603T104619_N0510_R051_T30SXJ_20240603T133819,0.0526,0.0579,0.0714,0.0318,0.0273,0.0206,0.0228,0.0205,0.0205,0.0221,0.0231,0.0205,0,6,1,6.037803
JU06660017,-1.0992,39.7301,6/6/2024,Estación punto de presa E. de Benagéber,DETERMINACION FÍSICO-QUÍMICA IN SITU,CLOROFILA A,0.61,µg/L,"0,61",0.03,Fluorescencia atómica,DISCRETA,46,6/3/2024,3,S2B_MSIL2A_20240603T104619_N0510_R051_T30SXJ_20240603T133819,0.0526,0.0579,0.0714,0.0318,0.0273,0.0206,0.0228,0.0205,0.0205,0.0221,0.0231,0.0205,0,6,1,6.037803
JU06660017,-1.0992,39.7301,6/6/2024,Estación punto de presa E. de Benagéber,TOMA DE MUESTRAS PARA LABORATORIO,FOSFORO TOTAL,0.026,mg P/l,"0,026",0.02,Espectofotometría de absorción molecular,INTEGRADA,-1,6/3/2024,3,S2B_MSIL2A_20240603T104619_N0510_R051_T30SXJ_20240603T133819,0.0526,0.0579,0.0714,0.0318,0.0273,0.0206,0.0228,0.0205,0.0205,0.0221,0.0231,0.0205,0,6,1,6.037803
JU06660017,-1.0992,39.7301,6/6/2024,Estación punto de presa E. de Benagéber,DETERMINACION FÍSICO-QUÍMICA IN SITU,CLOROFILA A,0.6,µg/L,"0,6",0.03,Fluorescencia atómica,DISCRETA,48,6/3/2024,3,S2B_MSIL2A_20240603T104619_N0510_R051_T30SXJ_20240603T133819,0.0526,0.0579,0.0714,0.0318,0.0273,0.0206,0.0228,0.0205,0.0205,0.0221,0.0231,0.0205,0,6,1,6.037803
JU06660017,-1.0992,39.7301,6/6/2024,Estación punto de presa E. de Benagéber,DETERMINACION FÍSICO-QUÍMICA IN SITU,Profundidad del disco de secchi,2.1,m,,,,INTEGRADA,-1,6/3/2024,3,S2B_MSIL2A_20240603T104619_N0510_R051_T30SXJ_20240603T133819,0.0526,0.0579,0.0714,0.0318,0.0273,0.0206,0.0228,0.0205,0.0205,0.0221,0.0231,0.0205,0,6,1,6.037803
JU06160014,-0.164,40.0293,5/29/2024,Estación punto de presa E. de María Cristina,DETERMINACION FÍSICO-QUÍMICA IN SITU,CLOROFILA A,3.76,µg/L,"3,76",0.03,Fluorescencia atómica,DISCRETA,1,5/24/2024,5,S2B_MSIL2A_20240524T104619_N0510_R051_T30TYK_20240524T135347,0.1033,0.1317,0.1862,0.1414,0.1209,0.0484,0.0488,0.0461,0.0355,0.0173,0.0454,0.0415,0,6,3,30.128968
JU06160014,-0.164,40.0293,5/29/2024,Estación punto de presa E. de María Cristina,TOMA DE MUESTRAS PARA LABORATORIO,SOLIDOS EN SUSPENSION,22.2,mg/L,"22,2",2,Gravimetría,INTEGRADA,-1,5/24/2024,5,S2B_MSIL2A_20240524T104619_N0510_R051_T30TYK_20240524T135347,0.1033,0.1317,0.1862,0.1414,0.1209,0.0484,0.0488,0.0461,0.0355,0.0173,0.0454,0.0415,0,6,3,30.128968
JU06160014,-0.164,40.0293,5/29/2024,Estación punto de presa E. de María Cristina,DETERMINACION FÍSICO-QUÍMICA IN SITU,CLOROFILA A,1.61,µg/L,"1,61",0.03,Fluorescencia atómica,DISCRETA,0,5/24/2024,5,S2B_MSIL2A_20240524T104619_N0510_R051_T30TYK_20240524T135347,0.1033,0.1317,0.1862,0.1414,0.1209,0.0484,0.0488,0.0461,0.0355,0.0173,0.0454,0.0415,0,6,3,30.128968
JU06160014,-0.164,40.0293,5/29/2024,Estación punto de presa E. de María Cristina,DETERMINACION FÍSICO-QUÍMICA IN SITU,CLOROFILA A,3.46,µg/L,"3,46",0.03,Fluorescencia atómica,DISCRETA,1.5,5/24/2024,5,S2B_MSIL2A_20240524T104619_N0510_R051_T30TYK_20240524T135347,0.1033,0.1317,0.1862,0.1414,0.1209,0.0484,0.0488,0.0461,0.0355,0.0173,0.0454,0.0415,0,6,3,30.128968
JU06160014,-0.164,40.0293,5/29/2024,Estación punto de presa E. de María Cristina,DETERMINACION FÍSICO-QUÍMICA IN SITU,CLOROFILA A,2.43,µg/L,"2,43",0.03,Fluorescencia atómica,DISCRETA,0.5,5/24/2024,5,S2B_MSIL2A_20240524T104619_N0510_R051_T30TYK_20240524T135347,0.1033,0.1317,0.1862,0.1414,0.1209,0.0484,0.0488,0.0461,0.0355,0.0173,0.0454,0.0415,0,6,3,30.128968
JU06160014,-0.164,40.0293,5/29/2024,Estación punto de presa E. de María Cristina,TOMA DE MUESTRAS PARA LABORATORIO,FOSFORO TOTAL,0.81,mg P/l,"0,81",0.02,Espectofotometría de absorción molecular,INTEGRADA,-1,5/24/2024,5,S2B_MSIL2A_20240524T104619_N0510_R051_T30TYK_20240524T135347,0.1033,0.1317,0.1862,0.1414,0.1209,0.0484,0.0488,0.0461,0.0355,0.0173,0.0454,0.0415,0,6,3,30.128968
JU06160014,-0.164,40.0293,5/29/2024,Estación punto de presa E. de María Cristina,DETERMINACION FÍSICO-QUÍMICA IN SITU,Profundidad del disco de secchi,0.4,m,,,,INTEGRADA,-1,5/24/2024,5,S2B_MSIL2A_20240524T104619_N0510_R051_T30TYK_20240524T135347,0.1033,0.1317,0.1862,0.1414,0.1209,0.0484,0.0488,0.0461,0.0355,0.0173,0.0454,0.0415,0,6,3,30.128968
JU06150028,-0.2307,40.0116,3/14/2024,Estación punto de presa E. de Sitjar,DETERMINACION FÍSICO-QUÍMICA IN SITU,CLOROFILA A,0.55,µg/L,"0,55",0.03,Fluorescencia atómica,DISCRETA,3,3/15/2024,1,S2B_MSIL2A_20240315T104709_N0510_R051_T30TYK_20240315T133920,0.0574,0.0843,0.0982,0.0222,0.01,0,0,0,0,0,0.0045,0.004,0,6,1,4.181078
JU06150028,-0.2307,40.0116,3/14/2024,Estación punto de presa E. de Sitjar,DETERMINACION FÍSICO-QUÍMICA IN SITU,CLOROFILA A,0.49,µg/L,"0,49",0.03,Fluorescencia atómica,DISCRETA,2,3/15/2024,1,S2B_MSIL2A_20240315T104709_N0510_R051_T30TYK_20240315T133920,0.0574,0.0843,0.0982,0.0222,0.01,0,0,0,0,0,0.0045,0.004,0,6,1,4.181078
JU06150028,-0.2307,40.0116,3/14/2024,Estación punto de presa E. de Sitjar,DETERMINACION FÍSICO-QUÍMICA IN SITU,CLOROFILA A,0.74,µg/L,"0,74",0.03,Fluorescencia atómica,DISCRETA,5,3/15/2024,1,S2B_MSIL2A_20240315T104709_N0510_R051_T30TYK_20240315T133920,0.0574,0.0843,0.0982,0.0222,0.01,0,0,0,0,0,0.0045,0.004,0,6,1,4.181078
JU06150028,-0.2307,40.0116,3/14/2024,Estación punto de presa E. de Sitjar,DETERMINACION FÍSICO-QUÍMICA IN SITU,CLOROFILA A,0.1,µg/L,"0,1",0.03,Fluorescencia atómica,DISCRETA,0,3/15/2024,1,S2B_MSIL2A_20240315T104709_N0510_R051_T30TYK_20240315T133920,0.0574,0.0843,0.0982,0.0222,0.01,0,0,0,0,0,0.0045,0.004,0,6,1,4.181078
JU06150028,-0.2307,40.0116,3/14/2024,Estación punto de presa E. de Sitjar,DETERMINACION FÍSICO-QUÍMICA IN SITU,CLOROFILA A,0.4,µg/L,"0,4",0.03,Fluorescencia atómica,DISCRETA,1,3/15/2024,1,S2B_MSIL2A_20240315T104709_N0510_R051_T30TYK_20240315T133920,0.0574,0.0843,0.0982,0.0222,0.01,0,0,0,0,0,0.0045,0.004,0,6,1,4.181078
JU06150028,-0.2307,40.0116,3/14/2024,Estación punto de presa E. de Sitjar,DETERMINACION FÍSICO-QUÍMICA IN SITU,CLOROFILA A,0.82,µg/L,"0,82",0.03,Fluorescencia atómica,DISCRETA,6,3/15/2024,1,S2B_MSIL2A_20240315T104709_N0510_R051_T30TYK_20240315T133920,0.0574,0.0843,0.0982,0.0222,0.01,0,0,0,0,0,0.0045,0.004,0,6,1,4.181078
JU06150028,-0.2307,40.0116,3/14/2024,Estación punto de presa E. de Sitjar,DETERMINACION FÍSICO-QUÍMICA IN SITU,CLOROFILA A,0.73,µg/L,"0,73",0.03,Fluorescencia atómica,DISCRETA,8,3/15/2024,1,S2B_MSIL2A_20240315T104709_N0510_R051_T30TYK_20240315T133920,0.0574,0.0843,0.0982,0.0222,0.01,0,0,0,0,0,0.0045,0.004,0,6,1,4.181078
JU06150028,-0.2307,40.0116,3/14/2024,Estación punto de presa E. de Sitjar,DETERMINACION FÍSICO-QUÍMICA IN SITU,CLOROFILA A,1.91,µg/L,"1,91",0.03,Fluorescencia atómica,DISCRETA,10,3/15/2024,1,S2B_MSIL2A_20240315T104709_N0510_R051_T30TYK_20240315T133920,0.0574,0.0843,0.0982,0.0222,0.01,0,0,0,0,0,0.0045,0.004,0,6,1,4.181078
JU06150028,-0.2307,40.0116,3/14/2024,Estación punto de presa E. de Sitjar,DETERMINACION FÍSICO-QUÍMICA IN SITU,CLOROFILA A,0.64,µg/L,"0,64",0.03,Fluorescencia atómica,DISCRETA,4,3/15/2024,1,S2B_MSIL2A_20240315T104709_N0510_R051_T30TYK_20240315T133920,0.0574,0.0843,0.0982,0.0222,0.01,0,0,0,0,0,0.0045,0.004,0,6,1,4.181078
JU06150028,-0.2307,40.0116,3/14/2024,Estación punto de presa E. de Sitjar,DETERMINACION FÍSICO-QUÍMICA IN SITU,CLOROFILA A,0.7,µg/L,"0,7",0.03,Fluorescencia atómica,DISCRETA,9,3/15/2024,1,S2B_MSIL2A_20240315T104709_N0510_R051_T30TYK_20240315T133920,0.0574,0.0843,0.0982,0.0222,0.01,0,0,0,0,0,0.0045,0.004,0,6,1,4.181078
JU06150028,-0.2307,40.0116,3/14/2024,Estación punto de presa E. de Sitjar,TOMA DE MUESTRAS PARA LABORATORIO,SOLIDOS EN SUSPENSION,4.6,mg/L,"4,6",2,Gravimetría,INTEGRADA,-1,3/15/2024,1,S2B_MSIL2A_20240315T104709_N0510_R051_T30TYK_20240315T133920,0.0574,0.0843,0.0982,0.0222,0.01,0,0,0,0,0,0.0045,0.004,0,6,1,4.181078
JU06150028,-0.2307,40.0116,3/14/2024,Estación punto de presa E. de Sitjar,DETERMINACION FÍSICO-QUÍMICA IN SITU,CLOROFILA A,0.81,µg/L,"0,81",0.03,Fluorescencia atómica,DISCRETA,7,3/15/2024,1,S2B_MSIL2A_20240315T104709_N0510_R051_T30TYK_20240315T133920,0.0574,0.0843,0.0982,0.0222,0.01,0,0,0,0,0,0.0045,0.004,0,6,1,4.181078
JU06150028,-0.2307,40.0116,3/14/2024,Estación punto de presa E. de Sitjar,TOMA DE MUESTRAS PARA LABORATORIO,FOSFORO TOTAL,0.004,mg P/l,"0,004",0.004,Espectofotometría de absorción molecular,INTEGRADA,-1,3/15/2024,1,S2B_MSIL2A_20240315T104709_N0510_R051_T30TYK_20240315T133920,0.0574,0.0843,0.0982,0.0222,0.01,0,0,0,0,0,0.0045,0.004,0,6,1,4.181078
JU06150028,-0.2307,40.0116,3/14/2024,Estación punto de presa E. de Sitjar,DETERMINACION FÍSICO-QUÍMICA IN SITU,Profundidad del disco de secchi,1.8,m,,,,INTEGRADA,-1,3/15/2024,1,S2B_MSIL2A_20240315T104709_N0510_R051_T30TYK_20240315T133920,0.0574,0.0843,0.0982,0.0222,0.01,0,0,0,0,0,0.0045,0.004,0,6,1,4.181078
JU06660017,-1.0992,39.7301,3/8/2024,Estación punto de presa E. de Benagéber,DETERMINACION FÍSICO-QUÍMICA IN SITU,CLOROFILA A,1.75,µg/L,"1,75",0.03,Fluorescencia atómica,DISCRETA,14,3/5/2024,3,S2B_MSIL2A_20240305T104819_N0510_R051_T30SXJ_20240305T134312,0.0143,0.0258,0.0253,0.0021,0,0,0,0,0,0,0.0032,0.0019,0,6,0,0.285311
JU06660017,-1.0992,39.7301,3/8/2024,Estación punto de presa E. de Benagéber,DETERMINACION FÍSICO-QUÍMICA IN SITU,CLOROFILA A,1.83,µg/L,"1,83",0.03,Fluorescencia atómica,DISCRETA,16,3/5/2024,3,S2B_MSIL2A_20240305T104819_N0510_R051_T30SXJ_20240305T134312,0.0143,0.0258,0.0253,0.0021,0,0,0,0,0,0,0.0032,0.0019,0,6,0,0.285311
JU06660017,-1.0992,39.7301,3/8/2024,Estación punto de presa E. de Benagéber,DETERMINACION FÍSICO-QUÍMICA IN SITU,CLOROFILA A,0.98,µg/L,"0,98",0.03,Fluorescencia atómica,DISCRETA,1,3/5/2024,3,S2B_MSIL2A_20240305T104819_N0510_R051_T30SXJ_20240305T134312,0.0143,0.0258,0.0253,0.0021,0,0,0,0,0,0,0.0032,0.0019,0,6,0,0.285311
JU06660017,-1.0992,39.7301,3/8/2024,Estación punto de presa E. de Benagéber,DETERMINACION FÍSICO-QUÍMICA IN SITU,CLOROFILA A,1.24,µg/L,"1,24",0.03,Fluorescencia atómica,DISCRETA,30,3/5/2024,3,S2B_MSIL2A_20240305T104819_N0510_R051_T30SXJ_20240305T134312,0.0143,0.0258,0.0253,0.0021,0,0,0,0,0,0,0.0032,0.0019,0,6,0,0.285311
JU06660017,-1.0992,39.7301,3/8/2024,Estación punto de presa E. de Benagéber,DETERMINACION FÍSICO-QUÍMICA IN SITU,CLOROFILA A,1.21,µg/L,"1,21",0.03,Fluorescencia atómica,DISCRETA,41,3/5/2024,3,S2B_MSIL2A_20240305T104819_N0510_R051_T30SXJ_20240305T134312,0.0143,0.0258,0.0253,0.0021,0,0,0,0,0,0,0.0032,0.0019,0,6,0,0.285311
JU06660017,-1.0992,39.7301,3/8/2024,Estación punto de presa E. de Benagéber,DETERMINACION FÍSICO-QUÍMICA IN SITU,CLOROFILA A,1.4,µg/L,"1,4",0.03,Fluorescencia atómica,DISCRETA,45,3/5/2024,3,S2B_MSIL2A_20240305T104819_N0510_R051_T30SXJ_20240305T134312,0.0143,0.0258,0.0253,0.0021,0,0,0,0,0,0,0.0032,0.0019,0,6,0,0.285311
JU06660017,-1.0992,39.7301,3/8/2024,Estación punto de presa E. de Benagéber,DETERMINACION FÍSICO-QUÍMICA IN SITU,CLOROFILA A,0,µg/L,"<0,03",0.03,Fluorescencia atómica,DISCRETA,49,3/5/2024,3,S2B_MSIL2A_20240305T104819_N0510_R051_T30SXJ_20240305T134312,0.0143,0.0258,0.0253,0.0021,0,0,0,0,0,0,0.0032,0.0019,0,6,0,0.285311
JU06660017,-1.0992,39.7301,3/8/2024,Estación punto de presa E. de Benagéber,DETERMINACION FÍSICO-QUÍMICA IN SITU,CLOROFILA A,1.4,µg/L,"1,4",0.03,Fluorescencia atómica,DISCRETA,53,3/5/2024,3,S2B_MSIL2A_20240305T104819_N0510_R051_T30SXJ_20240305T134312,0.0143,0.0258,0.0253,0.0021,0,0,0,0,0,0,0.0032,0.0019,0,6,0,0.285311
JU06660017,-1.0992,39.7301,3/8/2024,Estación punto de presa E. de Benagéber,DETERMINACION FÍSICO-QUÍMICA IN SITU,CLOROFILA A,0.71,µg/L,"0,71",0.03,Fluorescencia atómica,DISCRETA,0,3/5/2024,3,S2B_MSIL2A_20240305T104819_N0510_R051_T30SXJ_20240305T134312,0.0143,0.0258,0.0253,0.0021,0,0,0,0,0,0,0.0032,0.0019,0,6,0,0.285311
JU06660017,-1.0992,39.7301,3/8/2024,Estación punto de presa E. de Benagéber,DETERMINACION FÍSICO-QUÍMICA IN SITU,CLOROFILA A,1.45,µg/L,"1,45",0.03,Fluorescencia atómica,DISCRETA,22,3/5/2024,3,S2B_MSIL2A_20240305T104819_N0510_R051_T30SXJ_20240305T134312,0.0143,0.0258,0.0253,0.0021,0,0,0,0,0,0,0.0032,0.0019,0,6,0,0.285311
JU06660017,-1.0992,39.7301,3/8/2024,Estación punto de presa E. de Benagéber,DETERMINACION FÍSICO-QUÍMICA IN SITU,CLOROFILA A,1.8,µg/L,"1,8",0.03,Fluorescencia atómica,DISCRETA,13,3/5/2024,3,S2B_MSIL2A_20240305T104819_N0510_R051_T30SXJ_20240305T134312,0.0143,0.0258,0.0253,0.0021,0,0,0,0,0,0,0.0032,0.0019,0,6,0,0.285311
JU06660017,-1.0992,39.7301,3/8/2024,Estación punto de presa E. de Benagéber,DETERMINACION FÍSICO-QUÍMICA IN SITU,CLOROFILA A,1.32,µg/L,"1,32",0.03,Fluorescencia atómica,DISCRETA,24,3/5/2024,3,S2B_MSIL2A_20240305T104819_N0510_R051_T30SXJ_20240305T134312,0.0143,0.0258,0.0253,0.0021,0,0,0,0,0,0,0.0032,0.0019,0,6,0,0.285311
JU06660017,-1.0992,39.7301,3/8/2024,Estación punto de presa E. de Benagéber,DETERMINACION FÍSICO-QUÍMICA IN SITU,CLOROFILA A,1.86,µg/L,"1,86",0.03,Fluorescencia atómica,DISCRETA,17,3/5/2024,3,S2B_MSIL2A_20240305T104819_N0510_R051_T30SXJ_20240305T134312,0.0143,0.0258,0.0253,0.0021,0,0,0,0,0,0,0.0032,0.0019,0,6,0,0.285311
JU06660017,-1.0992,39.7301,3/8/2024,Estación punto de presa E. de Benagéber,DETERMINACION FÍSICO-QUÍMICA IN SITU,CLOROFILA A,1.7,µg/L,"1,7",0.03,Fluorescencia atómica,DISCRETA,18,3/5/2024,3,S2B_MSIL2A_20240305T104819_N0510_R051_T30SXJ_20240305T134312,0.0143,0.0258,0.0253,0.0021,0,0,0,0,0,0,0.0032,0.0019,0,6,0,0.285311
JU06660017,-1.0992,39.7301,3/8/2024,Estación punto de presa E. de Benagéber,DETERMINACION FÍSICO-QUÍMICA IN SITU,CLOROFILA A,1.76,µg/L,"1,76",0.03,Fluorescencia atómica,DISCRETA,21,3/5/2024,3,S2B_MSIL2A_20240305T104819_N0510_R051_T30SXJ_20240305T134312,0.0143,0.0258,0.0253,0.0021,0,0,0,0,0,0,0.0032,0.0019,0,6,0,0.285311
JU06660017,-1.0992,39.7301,3/8/2024,Estación punto de presa E. de Benagéber,DETERMINACION FÍSICO-QUÍMICA IN SITU,CLOROFILA A,1.44,µg/L,"1,44",0.03,Fluorescencia atómica,DISCRETA,44,3/5/2024,3,S2B_MSIL2A_20240305T104819_N0510_R051_T30SXJ_20240305T134312,0.0143,0.0258,0.0253,0.0021,0,0,0,0,0,0,0.0032,0.0019,0,6,0,0.285311
JU06660017,-1.0992,39.7301,3/8/2024,Estación punto de presa E. de Benagéber,DETERMINACION FÍSICO-QUÍMICA IN SITU,CLOROFILA A,1.37,µg/L,"1,37",0.03,Fluorescencia atómica,DISCRETA,47,3/5/2024,3,S2B_MSIL2A_20240305T104819_N0510_R051_T30SXJ_20240305T134312,0.0143,0.0258,0.0253,0.0021,0,0,0,0,0,0,0.0032,0.0019,0,6,0,0.285311
JU06660017,-1.0992,39.7301,3/8/2024,Estación punto de presa E. de Benagéber,DETERMINACION FÍSICO-QUÍMICA IN SITU,CLOROFILA A,1.75,µg/L,"1,75",0.03,Fluorescencia atómica,DISCRETA,20,3/5/2024,3,S2B_MSIL2A_20240305T104819_N0510_R051_T30SXJ_20240305T134312,0.0143,0.0258,0.0253,0.0021,0,0,0,0,0,0,0.0032,0.0019,0,6,0,0.285311
JU06660017,-1.0992,39.7301,3/8/2024,Estación punto de presa E. de Benagéber,DETERMINACION FÍSICO-QUÍMICA IN SITU,CLOROFILA A,1.34,µg/L,"1,34",0.03,Fluorescencia atómica,DISCRETA,23,3/5/2024,3,S2B_MSIL2A_20240305T104819_N0510_R051_T30SXJ_20240305T134312,0.0143,0.0258,0.0253,0.0021,0,0,0,0,0,0,0.0032,0.0019,0,6,0,0.285311
JU06660017,-1.0992,39.7301,3/8/2024,Estación punto de presa E. de Benagéber,DETERMINACION FÍSICO-QUÍMICA IN SITU,CLOROFILA A,1.24,µg/L,"1,24",0.03,Fluorescencia atómica,DISCRETA,29,3/5/2024,3,S2B_MSIL2A_20240305T104819_N0510_R051_T30SXJ_20240305T134312,0.0143,0.0258,0.0253,0.0021,0,0,0,0,0,0,0.0032,0.0019,0,6,0,0.285311
JU06660017,-1.0992,39.7301,3/8/2024,Estación punto de presa E. de Benagéber,DETERMINACION FÍSICO-QUÍMICA IN SITU,CLOROFILA A,1.74,µg/L,"1,74",0.03,Fluorescencia atómica,DISCRETA,11,3/5/2024,3,S2B_MSIL2A_20240305T104819_N0510_R051_T30SXJ_20240305T134312,0.0143,0.0258,0.0253,0.0021,0,0,0,0,0,0,0.0032,0.0019,0,6,0,0.285311
JU06660017,-1.0992,39.7301,3/8/2024,Estación punto de presa E. de Benagéber,DETERMINACION FÍSICO-QUÍMICA IN SITU,CLOROFILA A,1.18,µg/L,"1,18",0.03,Fluorescencia atómica,DISCRETA,26,3/5/2024,3,S2B_MSIL2A_20240305T104819_N0510_R051_T30SXJ_20240305T134312,0.0143,0.0258,0.0253,0.0021,0,0,0,0,0,0,0.0032,0.0019,0,6,0,0.285311
JU06660017,-1.0992,39.7301,3/8/2024,Estación punto de presa E. de Benagéber,DETERMINACION FÍSICO-QUÍMICA IN SITU,CLOROFILA A,1.03,µg/L,"1,03",0.03,Fluorescencia atómica,DISCRETA,3,3/5/2024,3,S2B_MSIL2A_20240305T104819_N0510_R051_T30SXJ_20240305T134312,0.0143,0.0258,0.0253,0.0021,0,0,0,0,0,0,0.0032,0.0019,0,6,0,0.285311
JU06660017,-1.0992,39.7301,3/8/2024,Estación punto de presa E. de Benagéber,DETERMINACION FÍSICO-QUÍMICA IN SITU,CLOROFILA A,1.8,µg/L,"1,8",0.03,Fluorescencia atómica,DISCRETA,12,3/5/2024,3,S2B_MSIL2A_20240305T104819_N0510_R051_T30SXJ_20240305T134312,0.0143,0.0258,0.0253,0.0021,0,0,0,0,0,0,0.0032,0.0019,0,6,0,0.285311
JU06660017,-1.0992,39.7301,3/8/2024,Estación punto de presa E. de Benagéber,DETERMINACION FÍSICO-QUÍMICA IN SITU,CLOROFILA A,1.77,µg/L,"1,77",0.03,Fluorescencia atómica,DISCRETA,15,3/5/2024,3,S2B_MSIL2A_20240305T104819_N0510_R051_T30SXJ_20240305T134312,0.0143,0.0258,0.0253,0.0021,0,0,0,0,0,0,0.0032,0.0019,0,6,0,0.285311
JU06660017,-1.0992,39.7301,3/8/2024,Estación punto de presa E. de Benagéber,DETERMINACION FÍSICO-QUÍMICA IN SITU,CLOROFILA A,1.19,µg/L,"1,19",0.03,Fluorescencia atómica,DISCRETA,28,3/5/2024,3,S2B_MSIL2A_20240305T104819_N0510_R051_T30SXJ_20240305T134312,0.0143,0.0258,0.0253,0.0021,0,0,0,0,0,0,0.0032,0.0019,0,6,0,0.285311
JU06660017,-1.0992,39.7301,3/8/2024,Estación punto de presa E. de Benagéber,DETERMINACION FÍSICO-QUÍMICA IN SITU,CLOROFILA A,0.86,µg/L,"0,86",0.03,Fluorescencia atómica,DISCRETA,2,3/5/2024,3,S2B_MSIL2A_20240305T104819_N0510_R051_T30SXJ_20240305T134312,0.0143,0.0258,0.0253,0.0021,0,0,0,0,0,0,0.0032,0.0019,0,6,0,0.285311
JU06660017,-1.0992,39.7301,3/8/2024,Estación punto de presa E. de Benagéber,DETERMINACION FÍSICO-QUÍMICA IN SITU,CLOROFILA A,1.18,µg/L,"1,18",0.03,Fluorescencia atómica,DISCRETA,32,3/5/2024,3,S2B_MSIL2A_20240305T104819_N0510_R051_T30SXJ_20240305T134312,0.0143,0.0258,0.0253,0.0021,0,0,0,0,0,0,0.0032,0.0019,0,6,0,0.285311
JU06660017,-1.0992,39.7301,3/8/2024,Estación punto de presa E. de Benagéber,TOMA DE MUESTRAS PARA LABORATORIO,FOSFORO TOTAL,0,mg P/l,"<0,004",0.004,Espectofotometría de absorción molecular,INTEGRADA,-1,3/5/2024,3,S2B_MSIL2A_20240305T104819_N0510_R051_T30SXJ_20240305T134312,0.0143,0.0258,0.0253,0.0021,0,0,0,0,0,0,0.0032,0.0019,0,6,0,0.285311
JU06660017,-1.0992,39.7301,3/8/2024,Estación punto de presa E. de Benagéber,DETERMINACION FÍSICO-QUÍMICA IN SITU,CLOROFILA A,1.17,µg/L,"1,17",0.03,Fluorescencia atómica,DISCRETA,33,3/5/2024,3,S2B_MSIL2A_20240305T104819_N0510_R051_T30SXJ_20240305T134312,0.0143,0.0258,0.0253,0.0021,0,0,0,0,0,0,0.0032,0.0019,0,6,0,0.285311
JU06660017,-1.0992,39.7301,3/8/2024,Estación punto de presa E. de Benagéber,DETERMINACION FÍSICO-QUÍMICA IN SITU,CLOROFILA A,1.22,µg/L,"1,22",0.03,Fluorescencia atómica,DISCRETA,39,3/5/2024,3,S2B_MSIL2A_20240305T104819_N0510_R051_T30SXJ_20240305T134312,0.0143,0.0258,0.0253,0.0021,0,0,0,0,0,0,0.0032,0.0019,0,6,0,0.285311
JU06660017,-1.0992,39.7301,3/8/2024,Estación punto de presa E. de Benagéber,DETERMINACION FÍSICO-QUÍMICA IN SITU,CLOROFILA A,1.44,µg/L,"1,44",0.03,Fluorescencia atómica,DISCRETA,46,3/5/2024,3,S2B_MSIL2A_20240305T104819_N0510_R051_T30SXJ_20240305T134312,0.0143,0.0258,0.0253,0.0021,0,0,0,0,0,0,0.0032,0.0019,0,6,0,0.285311
JU06660017,-1.0992,39.7301,3/8/2024,Estación punto de presa E. de Benagéber,DETERMINACION FÍSICO-QUÍMICA IN SITU,CLOROFILA A,1.24,µg/L,"1,24",0.03,Fluorescencia atómica,DISCRETA,35,3/5/2024,3,S2B_MSIL2A_20240305T104819_N0510_R051_T30SXJ_20240305T134312,0.0143,0.0258,0.0253,0.0021,0,0,0,0,0,0,0.0032,0.0019,0,6,0,0.285311
JU06660017,-1.0992,39.7301,3/8/2024,Estación punto de presa E. de Benagéber,DETERMINACION FÍSICO-QUÍMICA IN SITU,CLOROFILA A,1.19,µg/L,"1,19",0.03,Fluorescencia atómica,DISCRETA,36,3/5/2024,3,S2B_MSIL2A_20240305T104819_N0510_R051_T30SXJ_20240305T134312,0.0143,0.0258,0.0253,0.0021,0,0,0,0,0,0,0.0032,0.0019,0,6,0,0.285311
JU06660017,-1.0992,39.7301,3/8/2024,Estación punto de presa E. de Benagéber,DETERMINACION FÍSICO-QUÍMICA IN SITU,CLOROFILA A,1.58,µg/L,"1,58",0.03,Fluorescencia atómica,DISCRETA,6,3/5/2024,3,S2B_MSIL2A_20240305T104819_N0510_R051_T30SXJ_20240305T134312,0.0143,0.0258,0.0253,0.0021,0,0,0,0,0,0,0.0032,0.0019,0,6,0,0.285311
JU06660017,-1.0992,39.7301,3/8/2024,Estación punto de presa E. de Benagéber,DETERMINACION FÍSICO-QUÍMICA IN SITU,CLOROFILA A,1.8,µg/L,"1,8",0.03,Fluorescencia atómica,DISCRETA,8,3/5/2024,3,S2B_MSIL2A_20240305T104819_N0510_R051_T30SXJ_20240305T134312,0.0143,0.0258,0.0253,0.0021,0,0,0,0,0,0,0.0032,0.0019,0,6,0,0.285311
JU06660017,-1.0992,39.7301,3/8/2024,Estación punto de presa E. de Benagéber,DETERMINACION FÍSICO-QUÍMICA IN SITU,CLOROFILA A,1.7,µg/L,"1,7",0.03,Fluorescencia atómica,DISCRETA,10,3/5/2024,3,S2B_MSIL2A_20240305T104819_N0510_R051_T30SXJ_20240305T134312,0.0143,0.0258,0.0253,0.0021,0,0,0,0,0,0,0.0032,0.0019,0,6,0,0.285311
JU06660017,-1.0992,39.7301,3/8/2024,Estación punto de presa E. de Benagéber,DETERMINACION FÍSICO-QUÍMICA IN SITU,CLOROFILA A,1.8,µg/L,"1,8",0.03,Fluorescencia atómica,DISCRETA,19,3/5/2024,3,S2B_MSIL2A_20240305T104819_N0510_R051_T30SXJ_20240305T134312,0.0143,0.0258,0.0253,0.0021,0,0,0,0,0,0,0.0032,0.0019,0,6,0,0.285311
JU06660017,-1.0992,39.7301,3/8/2024,Estación punto de presa E. de Benagéber,DETERMINACION FÍSICO-QUÍMICA IN SITU,CLOROFILA A,1.09,µg/L,"1,09",0.03,Fluorescencia atómica,DISCRETA,27,3/5/2024,3,S2B_MSIL2A_20240305T104819_N0510_R051_T30SXJ_20240305T134312,0.0143,0.0258,0.0253,0.0021,0,0,0,0,0,0,0.0032,0.0019,0,6,0,0.285311
JU06660017,-1.0992,39.7301,3/8/2024,Estación punto de presa E. de Benagéber,DETERMINACION FÍSICO-QUÍMICA IN SITU,CLOROFILA A,1.23,µg/L,"1,23",0.03,Fluorescencia atómica,DISCRETA,37,3/5/2024,3,S2B_MSIL2A_20240305T104819_N0510_R051_T30SXJ_20240305T134312,0.0143,0.0258,0.0253,0.0021,0,0,0,0,0,0,0.0032,0.0019,0,6,0,0.285311
JU06660017,-1.0992,39.7301,3/8/2024,Estación punto de presa E. de Benagéber,DETERMINACION FÍSICO-QUÍMICA IN SITU,CLOROFILA A,1.38,µg/L,"1,38",0.03,Fluorescencia atómica,DISCRETA,43,3/5/2024,3,S2B_MSIL2A_20240305T104819_N0510_R051_T30SXJ_20240305T134312,0.0143,0.0258,0.0253,0.0021,0,0,0,0,0,0,0.0032,0.0019,0,6,0,0.285311
JU06660017,-1.0992,39.7301,3/8/2024,Estación punto de presa E. de Benagéber,DETERMINACION FÍSICO-QUÍMICA IN SITU,CLOROFILA A,1.19,µg/L,"1,19",0.03,Fluorescencia atómica,DISCRETA,40,3/5/2024,3,S2B_MSIL2A_20240305T104819_N0510_R051_T30SXJ_20240305T134312,0.0143,0.0258,0.0253,0.0021,0,0,0,0,0,0,0.0032,0.0019,0,6,0,0.285311
JU06660017,-1.0992,39.7301,3/8/2024,Estación punto de presa E. de Benagéber,DETERMINACION FÍSICO-QUÍMICA IN SITU,CLOROFILA A,1.26,µg/L,"1,26",0.03,Fluorescencia atómica,DISCRETA,42,3/5/2024,3,S2B_MSIL2A_20240305T104819_N0510_R051_T30SXJ_20240305T134312,0.0143,0.0258,0.0253,0.0021,0,0,0,0,0,0,0.0032,0.0019,0,6,0,0.285311
JU06660017,-1.0992,39.7301,3/8/2024,Estación punto de presa E. de Benagéber,DETERMINACION FÍSICO-QUÍMICA IN SITU,CLOROFILA A,1.36,µg/L,"1,36",0.03,Fluorescencia atómica,DISCRETA,48,3/5/2024,3,S2B_MSIL2A_20240305T104819_N0510_R051_T30SXJ_20240305T134312,0.0143,0.0258,0.0253,0.0021,0,0,0,0,0,0,0.0032,0.0019,0,6,0,0.285311
JU06660017,-1.0992,39.7301,3/8/2024,Estación punto de presa E. de Benagéber,DETERMINACION FÍSICO-QUÍMICA IN SITU,CLOROFILA A,1.76,µg/L,"1,76",0.03,Fluorescencia atómica,DISCRETA,7,3/5/2024,3,S2B_MSIL2A_20240305T104819_N0510_R051_T30SXJ_20240305T134312,0.0143,0.0258,0.0253,0.0021,0,0,0,0,0,0,0.0032,0.0019,0,6,0,0.285311
JU06660017,-1.0992,39.7301,3/8/2024,Estación punto de presa E. de Benagéber,TOMA DE MUESTRAS PARA LABORATORIO,SOLIDOS EN SUSPENSION,0,mg/L,<2,2,Gravimetría,INTEGRADA,-1,3/5/2024,3,S2B_MSIL2A_20240305T104819_N0510_R051_T30SXJ_20240305T134312,0.0143,0.0258,0.0253,0.0021,0,0,0,0,0,0,0.0032,0.0019,0,6,0,0.285311
JU06660017,-1.0992,39.7301,3/8/2024,Estación punto de presa E. de Benagéber,DETERMINACION FÍSICO-QUÍMICA IN SITU,CLOROFILA A,1.31,µg/L,"1,31",0.03,Fluorescencia atómica,DISCRETA,25,3/5/2024,3,S2B_MSIL2A_20240305T104819_N0510_R051_T30SXJ_20240305T134312,0.0143,0.0258,0.0253,0.0021,0,0,0,0,0,0,0.0032,0.0019,0,6,0,0.285311
JU06660017,-1.0992,39.7301,3/8/2024,Estación punto de presa E. de Benagéber,DETERMINACION FÍSICO-QUÍMICA IN SITU,CLOROFILA A,1.47,µg/L,"1,47",0.03,Fluorescencia atómica,DISCRETA,50,3/5/2024,3,S2B_MSIL2A_20240305T104819_N0510_R051_T30SXJ_20240305T134312,0.0143,0.0258,0.0253,0.0021,0,0,0,0,0,0,0.0032,0.0019,0,6,0,0.285311
JU06660017,-1.0992,39.7301,3/8/2024,Estación punto de presa E. de Benagéber,DETERMINACION FÍSICO-QUÍMICA IN SITU,CLOROFILA A,1.44,µg/L,"1,44",0.03,Fluorescencia atómica,DISCRETA,52,3/5/2024,3,S2B_MSIL2A_20240305T104819_N0510_R051_T30SXJ_20240305T134312,0.0143,0.0258,0.0253,0.0021,0,0,0,0,0,0,0.0032,0.0019,0,6,0,0.285311
JU06660017,-1.0992,39.7301,3/8/2024,Estación punto de presa E. de Benagéber,DETERMINACION FÍSICO-QUÍMICA IN SITU,CLOROFILA A,1.2,µg/L,"1,2",0.03,Fluorescencia atómica,DISCRETA,5,3/5/2024,3,S2B_MSIL2A_20240305T104819_N0510_R051_T30SXJ_20240305T134312,0.0143,0.0258,0.0253,0.0021,0,0,0,0,0,0,0.0032,0.0019,0,6,0,0.285311
JU06660017,-1.0992,39.7301,3/8/2024,Estación punto de presa E. de Benagéber,DETERMINACION FÍSICO-QUÍMICA IN SITU,CLOROFILA A,1.67,µg/L,"1,67",0.03,Fluorescencia atómica,DISCRETA,9,3/5/2024,3,S2B_MSIL2A_20240305T104819_N0510_R051_T30SXJ_20240305T134312,0.0143,0.0258,0.0253,0.0021,0,0,0,0,0,0,0.0032,0.0019,0,6,0,0.285311
JU06660017,-1.0992,39.7301,3/8/2024,Estación punto de presa E. de Benagéber,DETERMINACION FÍSICO-QUÍMICA IN SITU,CLOROFILA A,1.25,µg/L,"1,25",0.03,Fluorescencia atómica,DISCRETA,31,3/5/2024,3,S2B_MSIL2A_20240305T104819_N0510_R051_T30SXJ_20240305T134312,0.0143,0.0258,0.0253,0.0021,0,0,0,0,0,0,0.0032,0.0019,0,6,0,0.285311
JU06660017,-1.0992,39.7301,3/8/2024,Estación punto de presa E. de Benagéber,DETERMINACION FÍSICO-QUÍMICA IN SITU,CLOROFILA A,1.17,µg/L,"1,17",0.03,Fluorescencia atómica,DISCRETA,34,3/5/2024,3,S2B_MSIL2A_20240305T104819_N0510_R051_T30SXJ_20240305T134312,0.0143,0.0258,0.0253,0.0021,0,0,0,0,0,0,0.0032,0.0019,0,6,0,0.285311
JU06660017,-1.0992,39.7301,3/8/2024,Estación punto de presa E. de Benagéber,DETERMINACION FÍSICO-QUÍMICA IN SITU,CLOROFILA A,1.28,µg/L,"1,28",0.03,Fluorescencia atómica,DISCRETA,38,3/5/2024,3,S2B_MSIL2A_20240305T104819_N0510_R051_T30SXJ_20240305T134312,0.0143,0.0258,0.0253,0.0021,0,0,0,0,0,0,0.0032,0.0019,0,6,0,0.285311
JU06660017,-1.0992,39.7301,3/8/2024,Estación punto de presa E. de Benagéber,DETERMINACION FÍSICO-QUÍMICA IN SITU,CLOROFILA A,1.01,µg/L,"1,01",0.03,Fluorescencia atómica,DISCRETA,4,3/5/2024,3,S2B_MSIL2A_20240305T104819_N0510_R051_T30SXJ_20240305T134312,0.0143,0.0258,0.0253,0.0021,0,0,0,0,0,0,0.0032,0.0019,0,6,0,0.285311
JU06660017,-1.0992,39.7301,3/8/2024,Estación punto de presa E. de Benagéber,DETERMINACION FÍSICO-QUÍMICA IN SITU,CLOROFILA A,1.45,µg/L,"1,45",0.03,Fluorescencia atómica,DISCRETA,51,3/5/2024,3,S2B_MSIL2A_20240305T104819_N0510_R051_T30SXJ_20240305T134312,0.0143,0.0258,0.0253,0.0021,0,0,0,0,0,0,0.0032,0.0019,0,6,0,0.285311
JU06660017,-1.0992,39.7301,3/8/2024,Estación punto de presa E. de Benagéber,DETERMINACION FÍSICO-QUÍMICA IN SITU,Profundidad del disco de secchi,4,m,,,,INTEGRADA,-1,3/5/2024,3,S2B_MSIL2A_20240305T104819_N0510_R051_T30SXJ_20240305T134312,0.0143,0.0258,0.0253,0.0021,0,0,0,0,0,0,0.0032,0.0019,0,6,0,0.285311
JU06160014,-0.164,40.0293,2/29/2024,Estación punto de presa E. de María Cristina,DETERMINACION FÍSICO-QUÍMICA IN SITU,CLOROFILA A,1.33,µg/L,"1,33",0.03,Fluorescencia atómica,DISCRETA,1.5,2/24/2024,5,S2B_MSIL2A_20240224T104939_N0510_R051_T30TYK_20240224T133930,0.2058,0.2506,0.2441,0.2368,0.2491,0.2592,0.2595,0.3106,0.2629,0.3052,0.2738,0.2621,0,8,77,40.100089
JU06160014,-0.164,40.0293,2/29/2024,Estación punto de presa E. de María Cristina,DETERMINACION FÍSICO-QUÍMICA IN SITU,CLOROFILA A,1.47,µg/L,"1,47",0.03,Fluorescencia atómica,DISCRETA,2.5,2/24/2024,5,S2B_MSIL2A_20240224T104939_N0510_R051_T30TYK_20240224T133930,0.2058,0.2506,0.2441,0.2368,0.2491,0.2592,0.2595,0.3106,0.2629,0.3052,0.2738,0.2621,0,8,77,40.100089
JU06160014,-0.164,40.0293,2/29/2024,Estación punto de presa E. de María Cristina,DETERMINACION FÍSICO-QUÍMICA IN SITU,CLOROFILA A,1.47,µg/L,"1,47",0.03,Fluorescencia atómica,DISCRETA,3,2/24/2024,5,S2B_MSIL2A_20240224T104939_N0510_R051_T30TYK_20240224T133930,0.2058,0.2506,0.2441,0.2368,0.2491,0.2592,0.2595,0.3106,0.2629,0.3052,0.2738,0.2621,0,8,77,40.100089
JU06160014,-0.164,40.0293,2/29/2024,Estación punto de presa E. de María Cristina,DETERMINACION FÍSICO-QUÍMICA IN SITU,CLOROFILA A,1.43,µg/L,"1,43",0.03,Fluorescencia atómica,DISCRETA,2,2/24/2024,5,S2B_MSIL2A_20240224T104939_N0510_R051_T30TYK_20240224T133930,0.2058,0.2506,0.2441,0.2368,0.2491,0.2592,0.2595,0.3106,0.2629,0.3052,0.2738,0.2621,0,8,77,40.100089
JU06160014,-0.164,40.0293,2/29/2024,Estación punto de presa E. de María Cristina,TOMA DE MUESTRAS PARA LABORATORIO,SOLIDOS EN SUSPENSION,14,mg/L,14,2,Gravimetría,INTEGRADA,-1,2/24/2024,5,S2B_MSIL2A_20240224T104939_N0510_R051_T30TYK_20240224T133930,0.2058,0.2506,0.2441,0.2368,0.2491,0.2592,0.2595,0.3106,0.2629,0.3052,0.2738,0.2621,0,8,77,40.100089
JU06160014,-0.164,40.0293,2/29/2024,Estación punto de presa E. de María Cristina,DETERMINACION FÍSICO-QUÍMICA IN SITU,CLOROFILA A,1.16,µg/L,"1,16",0.03,Fluorescencia atómica,DISCRETA,1,2/24/2024,5,S2B_MSIL2A_20240224T104939_N0510_R051_T30TYK_20240224T133930,0.2058,0.2506,0.2441,0.2368,0.2491,0.2592,0.2595,0.3106,0.2629,0.3052,0.2738,0.2621,0,8,77,40.100089
JU06160014,-0.164,40.0293,2/29/2024,Estación punto de presa E. de María Cristina,DETERMINACION FÍSICO-QUÍMICA IN SITU,CLOROFILA A,1.02,µg/L,"1,02",0.03,Fluorescencia atómica,DISCRETA,0,2/24/2024,5,S2B_MSIL2A_20240224T104939_N0510_R051_T30TYK_20240224T133930,0.2058,0.2506,0.2441,0.2368,0.2491,0.2592,0.2595,0.3106,0.2629,0.3052,0.2738,0.2621,0,8,77,40.100089
JU06160014,-0.164,40.0293,2/29/2024,Estación punto de presa E. de María Cristina,DETERMINACION FÍSICO-QUÍMICA IN SITU,CLOROFILA A,1,µg/L,1,0.03,Fluorescencia atómica,DISCRETA,0.5,2/24/2024,5,S2B_MSIL2A_20240224T104939_N0510_R051_T30TYK_20240224T133930,0.2058,0.2506,0.2441,0.2368,0.2491,0.2592,0.2595,0.3106,0.2629,0.3052,0.2738,0.2621,0,8,77,40.100089
JU06160014,-0.164,40.0293,2/29/2024,Estación punto de presa E. de María Cristina,TOMA DE MUESTRAS PARA LABORATORIO,FOSFORO TOTAL,0.103,mg P/l,"0,103",0.02,Espectofotometría de absorción molecular,INTEGRADA,-1,2/24/2024,5,S2B_MSIL2A_20240224T104939_N0510_R051_T30TYK_20240224T133930,0.2058,0.2506,0.2441,0.2368,0.2491,0.2592,0.2595,0.3106,0.2629,0.3052,0.2738,0.2621,0,8,77,40.100089
JU06160014,-0.164,40.0293,2/29/2024,Estación punto de presa E. de María Cristina,DETERMINACION FÍSICO-QUÍMICA IN SITU,Profundidad del disco de secchi,0.6,m,,,,INTEGRADA,-1,2/24/2024,5,S2B_MSIL2A_20240224T104939_N0510_R051_T30TYK_20240224T133930,0.2058,0.2506,0.2441,0.2368,0.2491,0.2592,0.2595,0.3106,0.2629,0.3052,0.2738,0.2621,0,8,77,40.100089
JU06150028,-0.2307,40.0116,12/18/2023,Estación punto de presa E. de Sitjar,DETERMINACION FÍSICO-QUÍMICA IN SITU,CLOROFILA A,0.85,µg/L,"0,85",0.03,Fluorescencia atómica,DISCRETA,1,12/16/2023,2,S2B_MSIL2A_20231216T105349_N0510_R051_T30TYK_20231216T123152,0.0422,0.0719,0.0879,0.0232,0.0099,0,0,0,0,0,0.0016,0.002,0,6,0,0.011238
JU06150028,-0.2307,40.0116,12/18/2023,Estación punto de presa E. de Sitjar,DETERMINACION FÍSICO-QUÍMICA IN SITU,CLOROFILA A,1.42,µg/L,"1,42",0.03,Fluorescencia atómica,DISCRETA,9,12/16/2023,2,S2B_MSIL2A_20231216T105349_N0510_R051_T30TYK_20231216T123152,0.0422,0.0719,0.0879,0.0232,0.0099,0,0,0,0,0,0.0016,0.002,0,6,0,0.011238
JU06150028,-0.2307,40.0116,12/18/2023,Estación punto de presa E. de Sitjar,DETERMINACION FÍSICO-QUÍMICA IN SITU,CLOROFILA A,1.39,µg/L,"1,39",0.03,Fluorescencia atómica,DISCRETA,10,12/16/2023,2,S2B_MSIL2A_20231216T105349_N0510_R051_T30TYK_20231216T123152,0.0422,0.0719,0.0879,0.0232,0.0099,0,0,0,0,0,0.0016,0.002,0,6,0,0.011238
JU06150028,-0.2307,40.0116,12/18/2023,Estación punto de presa E. de Sitjar,DETERMINACION FÍSICO-QUÍMICA IN SITU,CLOROFILA A,1.38,µg/L,"1,38",0.03,Fluorescencia atómica,DISCRETA,11,12/16/2023,2,S2B_MSIL2A_20231216T105349_N0510_R051_T30TYK_20231216T123152,0.0422,0.0719,0.0879,0.0232,0.0099,0,0,0,0,0,0.0016,0.002,0,6,0,0.011238
JU06150028,-0.2307,40.0116,12/18/2023,Estación punto de presa E. de Sitjar,DETERMINACION FÍSICO-QUÍMICA IN SITU,CLOROFILA A,1.03,µg/L,"1,03",0.03,Fluorescencia atómica,DISCRETA,2,12/16/2023,2,S2B_MSIL2A_20231216T105349_N0510_R051_T30TYK_20231216T123152,0.0422,0.0719,0.0879,0.0232,0.0099,0,0,0,0,0,0.0016,0.002,0,6,0,0.011238
JU06150028,-0.2307,40.0116,12/18/2023,Estación punto de presa E. de Sitjar,DETERMINACION FÍSICO-QUÍMICA IN SITU,CLOROFILA A,0.6,µg/L,"0,6",0.03,Fluorescencia atómica,DISCRETA,0,12/16/2023,2,S2B_MSIL2A_20231216T105349_N0510_R051_T30TYK_20231216T123152,0.0422,0.0719,0.0879,0.0232,0.0099,0,0,0,0,0,0.0016,0.002,0,6,0,0.011238
JU06150028,-0.2307,40.0116,12/18/2023,Estación punto de presa E. de Sitjar,DETERMINACION FÍSICO-QUÍMICA IN SITU,CLOROFILA A,1.37,µg/L,"1,37",0.03,Fluorescencia atómica,DISCRETA,4,12/16/2023,2,S2B_MSIL2A_20231216T105349_N0510_R051_T30TYK_20231216T123152,0.0422,0.0719,0.0879,0.0232,0.0099,0,0,0,0,0,0.0016,0.002,0,6,0,0.011238
JU06150028,-0.2307,40.0116,12/18/2023,Estación punto de presa E. de Sitjar,DETERMINACION FÍSICO-QUÍMICA IN SITU,CLOROFILA A,1.22,µg/L,"1,22",0.03,Fluorescencia atómica,DISCRETA,3,12/16/2023,2,S2B_MSIL2A_20231216T105349_N0510_R051_T30TYK_20231216T123152,0.0422,0.0719,0.0879,0.0232,0.0099,0,0,0,0,0,0.0016,0.002,0,6,0,0.011238
JU06150028,-0.2307,40.0116,12/18/2023,Estación punto de presa E. de Sitjar,DETERMINACION FÍSICO-QUÍMICA IN SITU,CLOROFILA A,1.41,µg/L,"1,41",0.03,Fluorescencia atómica,DISCRETA,6,12/16/2023,2,S2B_MSIL2A_20231216T105349_N0510_R051_T30TYK_20231216T123152,0.0422,0.0719,0.0879,0.0232,0.0099,0,0,0,0,0,0.0016,0.002,0,6,0,0.011238
JU06150028,-0.2307,40.0116,12/18/2023,Estación punto de presa E. de Sitjar,DETERMINACION FÍSICO-QUÍMICA IN SITU,CLOROFILA A,1.55,µg/L,"1,55",0.03,Fluorescencia atómica,DISCRETA,8,12/16/2023,2,S2B_MSIL2A_20231216T105349_N0510_R051_T30TYK_20231216T123152,0.0422,0.0719,0.0879,0.0232,0.0099,0,0,0,0,0,0.0016,0.002,0,6,0,0.011238
JU06150028,-0.2307,40.0116,12/18/2023,Estación punto de presa E. de Sitjar,DETERMINACION FÍSICO-QUÍMICA IN SITU,CLOROFILA A,1.35,µg/L,"1,35",0.03,Fluorescencia atómica,DISCRETA,5,12/16/2023,2,S2B_MSIL2A_20231216T105349_N0510_R051_T30TYK_20231216T123152,0.0422,0.0719,0.0879,0.0232,0.0099,0,0,0,0,0,0.0016,0.002,0,6,0,0.011238
JU06150028,-0.2307,40.0116,12/18/2023,Estación punto de presa E. de Sitjar,DETERMINACION FÍSICO-QUÍMICA IN SITU,CLOROFILA A,1.39,µg/L,"1,39",0.03,Fluorescencia atómica,DISCRETA,7,12/16/2023,2,S2B_MSIL2A_20231216T105349_N0510_R051_T30TYK_20231216T123152,0.0422,0.0719,0.0879,0.0232,0.0099,0,0,0,0,0,0.0016,0.002,0,6,0,0.011238
JU06150028,-0.2307,40.0116,12/18/2023,Estación punto de presa E. de Sitjar,TOMA DE MUESTRAS PARA LABORATORIO,CLOROFILA A,0,µg/L,<1,1,Espectofotometría de absorción molecular,INTEGRADA,-1,12/16/2023,2,S2B_MSIL2A_20231216T105349_N0510_R051_T30TYK_20231216T123152,0.0422,0.0719,0.0879,0.0232,0.0099,0,0,0,0,0,0.0016,0.002,0,6,0,0.011238
JU06150028,-0.2307,40.0116,12/18/2023,Estación punto de presa E. de Sitjar,TOMA DE MUESTRAS PARA LABORATORIO,SOLIDOS EN SUSPENSION,8,mg/L,8,2,Gravimetría,INTEGRADA,-1,12/16/2023,2,S2B_MSIL2A_20231216T105349_N0510_R051_T30TYK_20231216T123152,0.0422,0.0719,0.0879,0.0232,0.0099,0,0,0,0,0,0.0016,0.002,0,6,0,0.011238
JU06150028,-0.2307,40.0116,12/18/2023,Estación punto de presa E. de Sitjar,TOMA DE MUESTRAS PARA LABORATORIO,FOSFORO TOTAL,0.136,mg P/l,"0,136",0.02,Espectofotometría de absorción molecular,INTEGRADA,-1,12/16/2023,2,S2B_MSIL2A_20231216T105349_N0510_R051_T30TYK_20231216T123152,0.0422,0.0719,0.0879,0.0232,0.0099,0,0,0,0,0,0.0016,0.002,0,6,0,0.011238
JU06660017,-1.0992,39.7301,12/12/2023,Estación punto de presa E. de Benagéber,DETERMINACION FÍSICO-QUÍMICA IN SITU,CLOROFILA A,0.84,µg/L,"0,84",0.03,Fluorescencia atómica,DISCRETA,0,12/14/2023,2,S2A_MSIL2A_20231214T110441_N0510_R094_T30TXK_20231214T232446,0,0.0043,0.0101,0,0,0,0,0,0,0,0,0.0017,0,6,0,15.275906
JU06660017,-1.0992,39.7301,12/12/2023,Estación punto de presa E. de Benagéber,DETERMINACION FÍSICO-QUÍMICA IN SITU,CLOROFILA A,1.29,µg/L,"1,29",0.03,Fluorescencia atómica,DISCRETA,14,12/14/2023,2,S2A_MSIL2A_20231214T110441_N0510_R094_T30TXK_20231214T232446,0,0.0043,0.0101,0,0,0,0,0,0,0,0,0.0017,0,6,0,15.275906
JU06660017,-1.0992,39.7301,12/12/2023,Estación punto de presa E. de Benagéber,DETERMINACION FÍSICO-QUÍMICA IN SITU,CLOROFILA A,1.29,µg/L,"1,29",0.03,Fluorescencia atómica,DISCRETA,17,12/14/2023,2,S2A_MSIL2A_20231214T110441_N0510_R094_T30TXK_20231214T232446,0,0.0043,0.0101,0,0,0,0,0,0,0,0,0.0017,0,6,0,15.275906
JU06660017,-1.0992,39.7301,12/12/2023,Estación punto de presa E. de Benagéber,DETERMINACION FÍSICO-QUÍMICA IN SITU,CLOROFILA A,1.08,µg/L,"1,08",0.03,Fluorescencia atómica,DISCRETA,1,12/14/2023,2,S2A_MSIL2A_20231214T110441_N0510_R094_T30TXK_20231214T232446,0,0.0043,0.0101,0,0,0,0,0,0,0,0,0.0017,0,6,0,15.275906
JU06660017,-1.0992,39.7301,12/12/2023,Estación punto de presa E. de Benagéber,DETERMINACION FÍSICO-QUÍMICA IN SITU,CLOROFILA A,1.31,µg/L,"1,31",0.03,Fluorescencia atómica,DISCRETA,10,12/14/2023,2,S2A_MSIL2A_20231214T110441_N0510_R094_T30TXK_20231214T232446,0,0.0043,0.0101,0,0,0,0,0,0,0,0,0.0017,0,6,0,15.275906
JU06660017,-1.0992,39.7301,12/12/2023,Estación punto de presa E. de Benagéber,DETERMINACION FÍSICO-QUÍMICA IN SITU,CLOROFILA A,1.25,µg/L,"1,25",0.03,Fluorescencia atómica,DISCRETA,16,12/14/2023,2,S2A_MSIL2A_20231214T110441_N0510_R094_T30TXK_20231214T232446,0,0.0043,0.0101,0,0,0,0,0,0,0,0,0.0017,0,6,0,15.275906
JU06660017,-1.0992,39.7301,12/12/2023,Estación punto de presa E. de Benagéber,DETERMINACION FÍSICO-QUÍMICA IN SITU,CLOROFILA A,1.35,µg/L,"1,35",0.03,Fluorescencia atómica,DISCRETA,18,12/14/2023,2,S2A_MSIL2A_20231214T110441_N0510_R094_T30TXK_20231214T232446,0,0.0043,0.0101,0,0,0,0,0,0,0,0,0.0017,0,6,0,15.275906
JU06660017,-1.0992,39.7301,12/12/2023,Estación punto de presa E. de Benagéber,DETERMINACION FÍSICO-QUÍMICA IN SITU,CLOROFILA A,0.88,µg/L,"0,88",0.03,Fluorescencia atómica,DISCRETA,25,12/14/2023,2,S2A_MSIL2A_20231214T110441_N0510_R094_T30TXK_20231214T232446,0,0.0043,0.0101,0,0,0,0,0,0,0,0,0.0017,0,6,0,15.275906
JU06660017,-1.0992,39.7301,12/12/2023,Estación punto de presa E. de Benagéber,DETERMINACION FÍSICO-QUÍMICA IN SITU,CLOROFILA A,0.74,µg/L,"0,74",0.03,Fluorescencia atómica,DISCRETA,31,12/14/2023,2,S2A_MSIL2A_20231214T110441_N0510_R094_T30TXK_20231214T232446,0,0.0043,0.0101,0,0,0,0,0,0,0,0,0.0017,0,6,0,15.275906
JU06660017,-1.0992,39.7301,12/12/2023,Estación punto de presa E. de Benagéber,DETERMINACION FÍSICO-QUÍMICA IN SITU,CLOROFILA A,0.68,µg/L,"0,68",0.03,Fluorescencia atómica,DISCRETA,40,12/14/2023,2,S2A_MSIL2A_20231214T110441_N0510_R094_T30TXK_20231214T232446,0,0.0043,0.0101,0,0,0,0,0,0,0,0,0.0017,0,6,0,15.275906
JU06660017,-1.0992,39.7301,12/12/2023,Estación punto de presa E. de Benagéber,DETERMINACION FÍSICO-QUÍMICA IN SITU,CLOROFILA A,0.7,µg/L,"0,7",0.03,Fluorescencia atómica,DISCRETA,42,12/14/2023,2,S2A_MSIL2A_20231214T110441_N0510_R094_T30TXK_20231214T232446,0,0.0043,0.0101,0,0,0,0,0,0,0,0,0.0017,0,6,0,15.275906
JU06660017,-1.0992,39.7301,12/12/2023,Estación punto de presa E. de Benagéber,DETERMINACION FÍSICO-QUÍMICA IN SITU,CLOROFILA A,0.72,µg/L,"0,72",0.03,Fluorescencia atómica,DISCRETA,50,12/14/2023,2,S2A_MSIL2A_20231214T110441_N0510_R094_T30TXK_20231214T232446,0,0.0043,0.0101,0,0,0,0,0,0,0,0,0.0017,0,6,0,15.275906
JU06660017,-1.0992,39.7301,12/12/2023,Estación punto de presa E. de Benagéber,DETERMINACION FÍSICO-QUÍMICA IN SITU,CLOROFILA A,1.44,µg/L,"1,44",0.03,Fluorescencia atómica,DISCRETA,12,12/14/2023,2,S2A_MSIL2A_20231214T110441_N0510_R094_T30TXK_20231214T232446,0,0.0043,0.0101,0,0,0,0,0,0,0,0,0.0017,0,6,0,15.275906
JU06660017,-1.0992,39.7301,12/12/2023,Estación punto de presa E. de Benagéber,DETERMINACION FÍSICO-QUÍMICA IN SITU,CLOROFILA A,0.88,µg/L,"0,88",0.03,Fluorescencia atómica,DISCRETA,26,12/14/2023,2,S2A_MSIL2A_20231214T110441_N0510_R094_T30TXK_20231214T232446,0,0.0043,0.0101,0,0,0,0,0,0,0,0,0.0017,0,6,0,15.275906
JU06660017,-1.0992,39.7301,12/12/2023,Estación punto de presa E. de Benagéber,DETERMINACION FÍSICO-QUÍMICA IN SITU,CLOROFILA A,1.17,µg/L,"1,17",0.03,Fluorescencia atómica,DISCRETA,2,12/14/2023,2,S2A_MSIL2A_20231214T110441_N0510_R094_T30TXK_20231214T232446,0,0.0043,0.0101,0,0,0,0,0,0,0,0,0.0017,0,6,0,15.275906
JU06660017,-1.0992,39.7301,12/12/2023,Estación punto de presa E. de Benagéber,DETERMINACION FÍSICO-QUÍMICA IN SITU,CLOROFILA A,0.64,µg/L,"0,64",0.03,Fluorescencia atómica,DISCRETA,38,12/14/2023,2,S2A_MSIL2A_20231214T110441_N0510_R094_T30TXK_20231214T232446,0,0.0043,0.0101,0,0,0,0,0,0,0,0,0.0017,0,6,0,15.275906
JU06660017,-1.0992,39.7301,12/12/2023,Estación punto de presa E. de Benagéber,DETERMINACION FÍSICO-QUÍMICA IN SITU,CLOROFILA A,1.19,µg/L,"1,19",0.03,Fluorescencia atómica,DISCRETA,3,12/14/2023,2,S2A_MSIL2A_20231214T110441_N0510_R094_T30TXK_20231214T232446,0,0.0043,0.0101,0,0,0,0,0,0,0,0,0.0017,0,6,0,15.275906
JU06660017,-1.0992,39.7301,12/12/2023,Estación punto de presa E. de Benagéber,DETERMINACION FÍSICO-QUÍMICA IN SITU,CLOROFILA A,0.78,µg/L,"0,78",0.03,Fluorescencia atómica,DISCRETA,45,12/14/2023,2,S2A_MSIL2A_20231214T110441_N0510_R094_T30TXK_20231214T232446,0,0.0043,0.0101,0,0,0,0,0,0,0,0,0.0017,0,6,0,15.275906
JU06660017,-1.0992,39.7301,12/12/2023,Estación punto de presa E. de Benagéber,DETERMINACION FÍSICO-QUÍMICA IN SITU,CLOROFILA A,0.74,µg/L,"0,74",0.03,Fluorescencia atómica,DISCRETA,46,12/14/2023,2,S2A_MSIL2A_20231214T110441_N0510_R094_T30TXK_20231214T232446,0,0.0043,0.0101,0,0,0,0,0,0,0,0,0.0017,0,6,0,15.275906
JU06660017,-1.0992,39.7301,12/12/2023,Estación punto de presa E. de Benagéber,DETERMINACION FÍSICO-QUÍMICA IN SITU,CLOROFILA A,0.68,µg/L,"0,68",0.03,Fluorescencia atómica,DISCRETA,53,12/14/2023,2,S2A_MSIL2A_20231214T110441_N0510_R094_T30TXK_20231214T232446,0,0.0043,0.0101,0,0,0,0,0,0,0,0,0.0017,0,6,0,15.275906
JU06660017,-1.0992,39.7301,12/12/2023,Estación punto de presa E. de Benagéber,DETERMINACION FÍSICO-QUÍMICA IN SITU,CLOROFILA A,1.34,µg/L,"1,34",0.03,Fluorescencia atómica,DISCRETA,13,12/14/2023,2,S2A_MSIL2A_20231214T110441_N0510_R094_T30TXK_20231214T232446,0,0.0043,0.0101,0,0,0,0,0,0,0,0,0.0017,0,6,0,15.275906
JU06660017,-1.0992,39.7301,12/12/2023,Estación punto de presa E. de Benagéber,DETERMINACION FÍSICO-QUÍMICA IN SITU,CLOROFILA A,1.2,µg/L,"1,2",0.03,Fluorescencia atómica,DISCRETA,19,12/14/2023,2,S2A_MSIL2A_20231214T110441_N0510_R094_T30TXK_20231214T232446,0,0.0043,0.0101,0,0,0,0,0,0,0,0,0.0017,0,6,0,15.275906
JU06660017,-1.0992,39.7301,12/12/2023,Estación punto de presa E. de Benagéber,DETERMINACION FÍSICO-QUÍMICA IN SITU,CLOROFILA A,0.8,µg/L,"0,8",0.03,Fluorescencia atómica,DISCRETA,28,12/14/2023,2,S2A_MSIL2A_20231214T110441_N0510_R094_T30TXK_20231214T232446,0,0.0043,0.0101,0,0,0,0,0,0,0,0,0.0017,0,6,0,15.275906
JU06660017,-1.0992,39.7301,12/12/2023,Estación punto de presa E. de Benagéber,DETERMINACION FÍSICO-QUÍMICA IN SITU,CLOROFILA A,0.61,µg/L,"0,61",0.03,Fluorescencia atómica,DISCRETA,33,12/14/2023,2,S2A_MSIL2A_20231214T110441_N0510_R094_T30TXK_20231214T232446,0,0.0043,0.0101,0,0,0,0,0,0,0,0,0.0017,0,6,0,15.275906
JU06660017,-1.0992,39.7301,12/12/2023,Estación punto de presa E. de Benagéber,DETERMINACION FÍSICO-QUÍMICA IN SITU,CLOROFILA A,0.62,µg/L,"0,62",0.03,Fluorescencia atómica,DISCRETA,37,12/14/2023,2,S2A_MSIL2A_20231214T110441_N0510_R094_T30TXK_20231214T232446,0,0.0043,0.0101,0,0,0,0,0,0,0,0,0.0017,0,6,0,15.275906
JU06660017,-1.0992,39.7301,12/12/2023,Estación punto de presa E. de Benagéber,DETERMINACION FÍSICO-QUÍMICA IN SITU,CLOROFILA A,0.75,µg/L,"0,75",0.03,Fluorescencia atómica,DISCRETA,44,12/14/2023,2,S2A_MSIL2A_20231214T110441_N0510_R094_T30TXK_20231214T232446,0,0.0043,0.0101,0,0,0,0,0,0,0,0,0.0017,0,6,0,15.275906
JU06660017,-1.0992,39.7301,12/12/2023,Estación punto de presa E. de Benagéber,DETERMINACION FÍSICO-QUÍMICA IN SITU,CLOROFILA A,0.69,µg/L,"0,69",0.03,Fluorescencia atómica,DISCRETA,49,12/14/2023,2,S2A_MSIL2A_20231214T110441_N0510_R094_T30TXK_20231214T232446,0,0.0043,0.0101,0,0,0,0,0,0,0,0,0.0017,0,6,0,15.275906
JU06660017,-1.0992,39.7301,12/12/2023,Estación punto de presa E. de Benagéber,DETERMINACION FÍSICO-QUÍMICA IN SITU,CLOROFILA A,1.36,µg/L,"1,36",0.03,Fluorescencia atómica,DISCRETA,11,12/14/2023,2,S2A_MSIL2A_20231214T110441_N0510_R094_T30TXK_20231214T232446,0,0.0043,0.0101,0,0,0,0,0,0,0,0,0.0017,0,6,0,15.275906
JU06660017,-1.0992,39.7301,12/12/2023,Estación punto de presa E. de Benagéber,DETERMINACION FÍSICO-QUÍMICA IN SITU,CLOROFILA A,0.94,µg/L,"0,94",0.03,Fluorescencia atómica,DISCRETA,22,12/14/2023,2,S2A_MSIL2A_20231214T110441_N0510_R094_T30TXK_20231214T232446,0,0.0043,0.0101,0,0,0,0,0,0,0,0,0.0017,0,6,0,15.275906
JU06660017,-1.0992,39.7301,12/12/2023,Estación punto de presa E. de Benagéber,DETERMINACION FÍSICO-QUÍMICA IN SITU,CLOROFILA A,0.8,µg/L,"0,8",0.03,Fluorescencia atómica,DISCRETA,29,12/14/2023,2,S2A_MSIL2A_20231214T110441_N0510_R094_T30TXK_20231214T232446,0,0.0043,0.0101,0,0,0,0,0,0,0,0,0.0017,0,6,0,15.275906
JU06660017,-1.0992,39.7301,12/12/2023,Estación punto de presa E. de Benagéber,DETERMINACION FÍSICO-QUÍMICA IN SITU,CLOROFILA A,0.78,µg/L,"0,78",0.03,Fluorescencia atómica,DISCRETA,30,12/14/2023,2,S2A_MSIL2A_20231214T110441_N0510_R094_T30TXK_20231214T232446,0,0.0043,0.0101,0,0,0,0,0,0,0,0,0.0017,0,6,0,15.275906
JU06660017,-1.0992,39.7301,12/12/2023,Estación punto de presa E. de Benagéber,DETERMINACION FÍSICO-QUÍMICA IN SITU,CLOROFILA A,0.68,µg/L,"0,68",0.03,Fluorescencia atómica,DISCRETA,39,12/14/2023,2,S2A_MSIL2A_20231214T110441_N0510_R094_T30TXK_20231214T232446,0,0.0043,0.0101,0,0,0,0,0,0,0,0,0.0017,0,6,0,15.275906
JU06660017,-1.0992,39.7301,12/12/2023,Estación punto de presa E. de Benagéber,DETERMINACION FÍSICO-QUÍMICA IN SITU,CLOROFILA A,0.93,µg/L,"0,93",0.03,Fluorescencia atómica,DISCRETA,23,12/14/2023,2,S2A_MSIL2A_20231214T110441_N0510_R094_T30TXK_20231214T232446,0,0.0043,0.0101,0,0,0,0,0,0,0,0,0.0017,0,6,0,15.275906
JU06660017,-1.0992,39.7301,12/12/2023,Estación punto de presa E. de Benagéber,DETERMINACION FÍSICO-QUÍMICA IN SITU,CLOROFILA A,0.87,µg/L,"0,87",0.03,Fluorescencia atómica,DISCRETA,27,12/14/2023,2,S2A_MSIL2A_20231214T110441_N0510_R094_T30TXK_20231214T232446,0,0.0043,0.0101,0,0,0,0,0,0,0,0,0.0017,0,6,0,15.275906
JU06660017,-1.0992,39.7301,12/12/2023,Estación punto de presa E. de Benagéber,DETERMINACION FÍSICO-QUÍMICA IN SITU,CLOROFILA A,0.69,µg/L,"0,69",0.03,Fluorescencia atómica,DISCRETA,41,12/14/2023,2,S2A_MSIL2A_20231214T110441_N0510_R094_T30TXK_20231214T232446,0,0.0043,0.0101,0,0,0,0,0,0,0,0,0.0017,0,6,0,15.275906
JU06660017,-1.0992,39.7301,12/12/2023,Estación punto de presa E. de Benagéber,DETERMINACION FÍSICO-QUÍMICA IN SITU,CLOROFILA A,0.76,µg/L,"0,76",0.03,Fluorescencia atómica,DISCRETA,43,12/14/2023,2,S2A_MSIL2A_20231214T110441_N0510_R094_T30TXK_20231214T232446,0,0.0043,0.0101,0,0,0,0,0,0,0,0,0.0017,0,6,0,15.275906
JU06660017,-1.0992,39.7301,12/12/2023,Estación punto de presa E. de Benagéber,DETERMINACION FÍSICO-QUÍMICA IN SITU,CLOROFILA A,1.31,µg/L,"1,31",0.03,Fluorescencia atómica,DISCRETA,7,12/14/2023,2,S2A_MSIL2A_20231214T110441_N0510_R094_T30TXK_20231214T232446,0,0.0043,0.0101,0,0,0,0,0,0,0,0,0.0017,0,6,0,15.275906
JU06660017,-1.0992,39.7301,12/12/2023,Estación punto de presa E. de Benagéber,DETERMINACION FÍSICO-QUÍMICA IN SITU,CLOROFILA A,0.98,µg/L,"0,98",0.03,Fluorescencia atómica,DISCRETA,24,12/14/2023,2,S2A_MSIL2A_20231214T110441_N0510_R094_T30TXK_20231214T232446,0,0.0043,0.0101,0,0,0,0,0,0,0,0,0.0017,0,6,0,15.275906
JU06660017,-1.0992,39.7301,12/12/2023,Estación punto de presa E. de Benagéber,DETERMINACION FÍSICO-QUÍMICA IN SITU,CLOROFILA A,0.61,µg/L,"0,61",0.03,Fluorescencia atómica,DISCRETA,36,12/14/2023,2,S2A_MSIL2A_20231214T110441_N0510_R094_T30TXK_20231214T232446,0,0.0043,0.0101,0,0,0,0,0,0,0,0,0.0017,0,6,0,15.275906
JU06660017,-1.0992,39.7301,12/12/2023,Estación punto de presa E. de Benagéber,DETERMINACION FÍSICO-QUÍMICA IN SITU,CLOROFILA A,0.7,µg/L,"0,7",0.03,Fluorescencia atómica,DISCRETA,48,12/14/2023,2,S2A_MSIL2A_20231214T110441_N0510_R094_T30TXK_20231214T232446,0,0.0043,0.0101,0,0,0,0,0,0,0,0,0.0017,0,6,0,15.275906
JU06660017,-1.0992,39.7301,12/12/2023,Estación punto de presa E. de Benagéber,DETERMINACION FÍSICO-QUÍMICA IN SITU,CLOROFILA A,0.71,µg/L,"0,71",0.03,Fluorescencia atómica,DISCRETA,51,12/14/2023,2,S2A_MSIL2A_20231214T110441_N0510_R094_T30TXK_20231214T232446,0,0.0043,0.0101,0,0,0,0,0,0,0,0,0.0017,0,6,0,15.275906
JU06660017,-1.0992,39.7301,12/12/2023,Estación punto de presa E. de Benagéber,DETERMINACION FÍSICO-QUÍMICA IN SITU,CLOROFILA A,0.63,µg/L,"0,63",0.03,Fluorescencia atómica,DISCRETA,52,12/14/2023,2,S2A_MSIL2A_20231214T110441_N0510_R094_T30TXK_20231214T232446,0,0.0043,0.0101,0,0,0,0,0,0,0,0,0.0017,0,6,0,15.275906
JU06660017,-1.0992,39.7301,12/12/2023,Estación punto de presa E. de Benagéber,DETERMINACION FÍSICO-QUÍMICA IN SITU,CLOROFILA A,0.63,µg/L,"0,63",0.03,Fluorescencia atómica,DISCRETA,32,12/14/2023,2,S2A_MSIL2A_20231214T110441_N0510_R094_T30TXK_20231214T232446,0,0.0043,0.0101,0,0,0,0,0,0,0,0,0.0017,0,6,0,15.275906
JU06660017,-1.0992,39.7301,12/12/2023,Estación punto de presa E. de Benagéber,DETERMINACION FÍSICO-QUÍMICA IN SITU,CLOROFILA A,0.62,µg/L,"0,62",0.03,Fluorescencia atómica,DISCRETA,34,12/14/2023,2,S2A_MSIL2A_20231214T110441_N0510_R094_T30TXK_20231214T232446,0,0.0043,0.0101,0,0,0,0,0,0,0,0,0.0017,0,6,0,15.275906
JU06660017,-1.0992,39.7301,12/12/2023,Estación punto de presa E. de Benagéber,DETERMINACION FÍSICO-QUÍMICA IN SITU,CLOROFILA A,0.76,µg/L,"0,76",0.03,Fluorescencia atómica,DISCRETA,47,12/14/2023,2,S2A_MSIL2A_20231214T110441_N0510_R094_T30TXK_20231214T232446,0,0.0043,0.0101,0,0,0,0,0,0,0,0,0.0017,0,6,0,15.275906
JU06660017,-1.0992,39.7301,12/12/2023,Estación punto de presa E. de Benagéber,DETERMINACION FÍSICO-QUÍMICA IN SITU,CLOROFILA A,1.16,µg/L,"1,16",0.03,Fluorescencia atómica,DISCRETA,4,12/14/2023,2,S2A_MSIL2A_20231214T110441_N0510_R094_T30TXK_20231214T232446,0,0.0043,0.0101,0,0,0,0,0,0,0,0,0.0017,0,6,0,15.275906
JU06660017,-1.0992,39.7301,12/12/2023,Estación punto de presa E. de Benagéber,DETERMINACION FÍSICO-QUÍMICA IN SITU,CLOROFILA A,1.13,µg/L,"1,13",0.03,Fluorescencia atómica,DISCRETA,6,12/14/2023,2,S2A_MSIL2A_20231214T110441_N0510_R094_T30TXK_20231214T232446,0,0.0043,0.0101,0,0,0,0,0,0,0,0,0.0017,0,6,0,15.275906
JU06660017,-1.0992,39.7301,12/12/2023,Estación punto de presa E. de Benagéber,DETERMINACION FÍSICO-QUÍMICA IN SITU,CLOROFILA A,1.33,µg/L,"1,33",0.03,Fluorescencia atómica,DISCRETA,9,12/14/2023,2,S2A_MSIL2A_20231214T110441_N0510_R094_T30TXK_20231214T232446,0,0.0043,0.0101,0,0,0,0,0,0,0,0,0.0017,0,6,0,15.275906
JU06660017,-1.0992,39.7301,12/12/2023,Estación punto de presa E. de Benagéber,TOMA DE MUESTRAS PARA LABORATORIO,CLOROFILA A,1.8,µg/L,"1,8",1,Espectofotometría de absorción molecular,INTEGRADA,-1,12/14/2023,2,S2A_MSIL2A_20231214T110441_N0510_R094_T30TXK_20231214T232446,0,0.0043,0.0101,0,0,0,0,0,0,0,0,0.0017,0,6,0,15.275906
JU06660017,-1.0992,39.7301,12/12/2023,Estación punto de presa E. de Benagéber,TOMA DE MUESTRAS PARA LABORATORIO,SOLIDOS EN SUSPENSION,0,mg/L,<2,2,Gravimetría,INTEGRADA,-1,12/14/2023,2,S2A_MSIL2A_20231214T110441_N0510_R094_T30TXK_20231214T232446,0,0.0043,0.0101,0,0,0,0,0,0,0,0,0.0017,0,6,0,15.275906
JU06660017,-1.0992,39.7301,12/12/2023,Estación punto de presa E. de Benagéber,DETERMINACION FÍSICO-QUÍMICA IN SITU,CLOROFILA A,1.27,µg/L,"1,27",0.03,Fluorescencia atómica,DISCRETA,15,12/14/2023,2,S2A_MSIL2A_20231214T110441_N0510_R094_T30TXK_20231214T232446,0,0.0043,0.0101,0,0,0,0,0,0,0,0,0.0017,0,6,0,15.275906
JU06660017,-1.0992,39.7301,12/12/2023,Estación punto de presa E. de Benagéber,DETERMINACION FÍSICO-QUÍMICA IN SITU,CLOROFILA A,1.07,µg/L,"1,07",0.03,Fluorescencia atómica,DISCRETA,20,12/14/2023,2,S2A_MSIL2A_20231214T110441_N0510_R094_T30TXK_20231214T232446,0,0.0043,0.0101,0,0,0,0,0,0,0,0,0.0017,0,6,0,15.275906
JU06660017,-1.0992,39.7301,12/12/2023,Estación punto de presa E. de Benagéber,DETERMINACION FÍSICO-QUÍMICA IN SITU,CLOROFILA A,0.96,µg/L,"0,96",0.03,Fluorescencia atómica,DISCRETA,21,12/14/2023,2,S2A_MSIL2A_20231214T110441_N0510_R094_T30TXK_20231214T232446,0,0.0043,0.0101,0,0,0,0,0,0,0,0,0.0017,0,6,0,15.275906
JU06660017,-1.0992,39.7301,12/12/2023,Estación punto de presa E. de Benagéber,DETERMINACION FÍSICO-QUÍMICA IN SITU,CLOROFILA A,0.62,µg/L,"0,62",0.03,Fluorescencia atómica,DISCRETA,35,12/14/2023,2,S2A_MSIL2A_20231214T110441_N0510_R094_T30TXK_20231214T232446,0,0.0043,0.0101,0,0,0,0,0,0,0,0,0.0017,0,6,0,15.275906
JU06660017,-1.0992,39.7301,12/12/2023,Estación punto de presa E. de Benagéber,DETERMINACION FÍSICO-QUÍMICA IN SITU,CLOROFILA A,0.72,µg/L,"0,72",0.03,Fluorescencia atómica,DISCRETA,54,12/14/2023,2,S2A_MSIL2A_20231214T110441_N0510_R094_T30TXK_20231214T232446,0,0.0043,0.0101,0,0,0,0,0,0,0,0,0.0017,0,6,0,15.275906
JU06660017,-1.0992,39.7301,12/12/2023,Estación punto de presa E. de Benagéber,DETERMINACION FÍSICO-QUÍMICA IN SITU,CLOROFILA A,1.32,µg/L,"1,32",0.03,Fluorescencia atómica,DISCRETA,8,12/14/2023,2,S2A_MSIL2A_20231214T110441_N0510_R094_T30TXK_20231214T232446,0,0.0043,0.0101,0,0,0,0,0,0,0,0,0.0017,0,6,0,15.275906
JU06660017,-1.0992,39.7301,12/12/2023,Estación punto de presa E. de Benagéber,DETERMINACION FÍSICO-QUÍMICA IN SITU,CLOROFILA A,1.28,µg/L,"1,28",0.03,Fluorescencia atómica,DISCRETA,5,12/14/2023,2,S2A_MSIL2A_20231214T110441_N0510_R094_T30TXK_20231214T232446,0,0.0043,0.0101,0,0,0,0,0,0,0,0,0.0017,0,6,0,15.275906
JU06660017,-1.0992,39.7301,12/12/2023,Estación punto de presa E. de Benagéber,TOMA DE MUESTRAS PARA LABORATORIO,FOSFORO TOTAL,0.019,mg P/l,"0,019",0.004,Espectofotometría de absorción molecular,INTEGRADA,-1,12/14/2023,2,S2A_MSIL2A_20231214T110441_N0510_R094_T30TXK_20231214T232446,0,0.0043,0.0101,0,0,0,0,0,0,0,0,0.0017,0,6,0,15.275906
JU06160014,-0.164,40.0293,11/23/2023,Estación punto de presa E. de María Cristina,DETERMINACION FÍSICO-QUÍMICA IN SITU,CLOROFILA A,4.92,µg/L,"4,92",0.03,Fluorescencia atómica,DISCRETA,3,11/21/2023,2,S2A_MSIL2A_20231121T105341_N0509_R051_T30TYK_20231121T165059,0.0381,0.0621,0.1197,0.0868,0.0672,0.0149,0.0131,0.0105,0.0078,0,0.0062,0.0059,0,6,1,23.475794
JU06160014,-0.164,40.0293,11/23/2023,Estación punto de presa E. de María Cristina,DETERMINACION FÍSICO-QUÍMICA IN SITU,CLOROFILA A,4.37,µg/L,"4,37",0.03,Fluorescencia atómica,DISCRETA,1.5,11/21/2023,2,S2A_MSIL2A_20231121T105341_N0509_R051_T30TYK_20231121T165059,0.0381,0.0621,0.1197,0.0868,0.0672,0.0149,0.0131,0.0105,0.0078,0,0.0062,0.0059,0,6,1,23.475794
JU06160014,-0.164,40.0293,11/23/2023,Estación punto de presa E. de María Cristina,DETERMINACION FÍSICO-QUÍMICA IN SITU,CLOROFILA A,5.35,µg/L,"5,35",0.03,Fluorescencia atómica,DISCRETA,3.5,11/21/2023,2,S2A_MSIL2A_20231121T105341_N0509_R051_T30TYK_20231121T165059,0.0381,0.0621,0.1197,0.0868,0.0672,0.0149,0.0131,0.0105,0.0078,0,0.0062,0.0059,0,6,1,23.475794
JU06160014,-0.164,40.0293,11/23/2023,Estación punto de presa E. de María Cristina,TOMA DE MUESTRAS PARA LABORATORIO,SOLIDOS EN SUSPENSION,14,mg/L,14,2,Gravimetría,INTEGRADA,-1,11/21/2023,2,S2A_MSIL2A_20231121T105341_N0509_R051_T30TYK_20231121T165059,0.0381,0.0621,0.1197,0.0868,0.0672,0.0149,0.0131,0.0105,0.0078,0,0.0062,0.0059,0,6,1,23.475794
JU06160014,-0.164,40.0293,11/23/2023,Estación punto de presa E. de María Cristina,DETERMINACION FÍSICO-QUÍMICA IN SITU,CLOROFILA A,7.34,µg/L,"7,34",0.03,Fluorescencia atómica,DISCRETA,0.5,11/21/2023,2,S2A_MSIL2A_20231121T105341_N0509_R051_T30TYK_20231121T165059,0.0381,0.0621,0.1197,0.0868,0.0672,0.0149,0.0131,0.0105,0.0078,0,0.0062,0.0059,0,6,1,23.475794
JU06160014,-0.164,40.0293,11/23/2023,Estación punto de presa E. de María Cristina,DETERMINACION FÍSICO-QUÍMICA IN SITU,CLOROFILA A,5.81,µg/L,"5,81",0.03,Fluorescencia atómica,DISCRETA,0,11/21/2023,2,S2A_MSIL2A_20231121T105341_N0509_R051_T30TYK_20231121T165059,0.0381,0.0621,0.1197,0.0868,0.0672,0.0149,0.0131,0.0105,0.0078,0,0.0062,0.0059,0,6,1,23.475794
JU06160014,-0.164,40.0293,11/23/2023,Estación punto de presa E. de María Cristina,DETERMINACION FÍSICO-QUÍMICA IN SITU,CLOROFILA A,4.95,µg/L,"4,95",0.03,Fluorescencia atómica,DISCRETA,1,11/21/2023,2,S2A_MSIL2A_20231121T105341_N0509_R051_T30TYK_20231121T165059,0.0381,0.0621,0.1197,0.0868,0.0672,0.0149,0.0131,0.0105,0.0078,0,0.0062,0.0059,0,6,1,23.475794
JU06160014,-0.164,40.0293,11/23/2023,Estación punto de presa E. de María Cristina,TOMA DE MUESTRAS PARA LABORATORIO,CLOROFILA A,8,µg/L,8,1,Espectofotometría de absorción molecular,INTEGRADA,-1,11/21/2023,2,S2A_MSIL2A_20231121T105341_N0509_R051_T30TYK_20231121T165059,0.0381,0.0621,0.1197,0.0868,0.0672,0.0149,0.0131,0.0105,0.0078,0,0.0062,0.0059,0,6,1,23.475794
JU06160014,-0.164,40.0293,11/23/2023,Estación punto de presa E. de María Cristina,DETERMINACION FÍSICO-QUÍMICA IN SITU,CLOROFILA A,4.47,µg/L,"4,47",0.03,Fluorescencia atómica,DISCRETA,2,11/21/2023,2,S2A_MSIL2A_20231121T105341_N0509_R051_T30TYK_20231121T165059,0.0381,0.0621,0.1197,0.0868,0.0672,0.0149,0.0131,0.0105,0.0078,0,0.0062,0.0059,0,6,1,23.475794
JU06160014,-0.164,40.0293,11/23/2023,Estación punto de presa E. de María Cristina,DETERMINACION FÍSICO-QUÍMICA IN SITU,CLOROFILA A,4.65,µg/L,"4,65",0.03,Fluorescencia atómica,DISCRETA,2.5,11/21/2023,2,S2A_MSIL2A_20231121T105341_N0509_R051_T30TYK_20231121T165059,0.0381,0.0621,0.1197,0.0868,0.0672,0.0149,0.0131,0.0105,0.0078,0,0.0062,0.0059,0,6,1,23.475794
JU06160014,-0.164,40.0293,11/23/2023,Estación punto de presa E. de María Cristina,TOMA DE MUESTRAS PARA LABORATORIO,FOSFORO TOTAL,0.048,mg P/l,"0,048",0.02,Espectofotometría de absorción molecular,INTEGRADA,-1,11/21/2023,2,S2A_MSIL2A_20231121T105341_N0509_R051_T30TYK_20231121T165059,0.0381,0.0621,0.1197,0.0868,0.0672,0.0149,0.0131,0.0105,0.0078,0,0.0062,0.0059,0,6,1,23.475794
JU06150028,-0.2307,40.0116,9/29/2023,Estación punto de presa E. de Sitjar,DETERMINACION FÍSICO-QUÍMICA IN SITU,CLOROFILA A,0.89,µg/L,"0,89",0.03,Fluorescencia atómica,DISCRETA,12,9/27/2023,2,S2B_MSIL2A_20230927T104719_N0509_R051_T30TYK_20230927T135345,0.0403,0.0618,0.0776,0.0185,0.0105,0,0.0008,0,0,0,0.0041,0.0032,0,6,0,1.986792
JU06150028,-0.2307,40.0116,9/29/2023,Estación punto de presa E. de Sitjar,DETERMINACION FÍSICO-QUÍMICA IN SITU,CLOROFILA A,0.8,µg/L,"0,8",0.03,Fluorescencia atómica,DISCRETA,13,9/27/2023,2,S2B_MSIL2A_20230927T104719_N0509_R051_T30TYK_20230927T135345,0.0403,0.0618,0.0776,0.0185,0.0105,0,0.0008,0,0,0,0.0041,0.0032,0,6,0,1.986792
JU06150028,-0.2307,40.0116,9/29/2023,Estación punto de presa E. de Sitjar,DETERMINACION FÍSICO-QUÍMICA IN SITU,CLOROFILA A,1.83,µg/L,"1,83",0.03,Fluorescencia atómica,DISCRETA,5,9/27/2023,2,S2B_MSIL2A_20230927T104719_N0509_R051_T30TYK_20230927T135345,0.0403,0.0618,0.0776,0.0185,0.0105,0,0.0008,0,0,0,0.0041,0.0032,0,6,0,1.986792
JU06150028,-0.2307,40.0116,9/29/2023,Estación punto de presa E. de Sitjar,DETERMINACION FÍSICO-QUÍMICA IN SITU,CLOROFILA A,0.79,µg/L,"0,79",0.03,Fluorescencia atómica,DISCRETA,10,9/27/2023,2,S2B_MSIL2A_20230927T104719_N0509_R051_T30TYK_20230927T135345,0.0403,0.0618,0.0776,0.0185,0.0105,0,0.0008,0,0,0,0.0041,0.0032,0,6,0,1.986792
JU06150028,-0.2307,40.0116,9/29/2023,Estación punto de presa E. de Sitjar,DETERMINACION FÍSICO-QUÍMICA IN SITU,CLOROFILA A,0.98,µg/L,"0,98",0.03,Fluorescencia atómica,DISCRETA,15,9/27/2023,2,S2B_MSIL2A_20230927T104719_N0509_R051_T30TYK_20230927T135345,0.0403,0.0618,0.0776,0.0185,0.0105,0,0.0008,0,0,0,0.0041,0.0032,0,6,0,1.986792
JU06150028,-0.2307,40.0116,9/29/2023,Estación punto de presa E. de Sitjar,DETERMINACION FÍSICO-QUÍMICA IN SITU,CLOROFILA A,1.32,µg/L,"1,32",0.03,Fluorescencia atómica,DISCRETA,7,9/27/2023,2,S2B_MSIL2A_20230927T104719_N0509_R051_T30TYK_20230927T135345,0.0403,0.0618,0.0776,0.0185,0.0105,0,0.0008,0,0,0,0.0041,0.0032,0,6,0,1.986792
JU06150028,-0.2307,40.0116,9/29/2023,Estación punto de presa E. de Sitjar,DETERMINACION FÍSICO-QUÍMICA IN SITU,CLOROFILA A,0.55,µg/L,"0,55",0.03,Fluorescencia atómica,DISCRETA,0,9/27/2023,2,S2B_MSIL2A_20230927T104719_N0509_R051_T30TYK_20230927T135345,0.0403,0.0618,0.0776,0.0185,0.0105,0,0.0008,0,0,0,0.0041,0.0032,0,6,0,1.986792
JU06150028,-0.2307,40.0116,9/29/2023,Estación punto de presa E. de Sitjar,DETERMINACION FÍSICO-QUÍMICA IN SITU,CLOROFILA A,0.76,µg/L,"0,76",0.03,Fluorescencia atómica,DISCRETA,11,9/27/2023,2,S2B_MSIL2A_20230927T104719_N0509_R051_T30TYK_20230927T135345,0.0403,0.0618,0.0776,0.0185,0.0105,0,0.0008,0,0,0,0.0041,0.0032,0,6,0,1.986792
JU06150028,-0.2307,40.0116,9/29/2023,Estación punto de presa E. de Sitjar,DETERMINACION FÍSICO-QUÍMICA IN SITU,CLOROFILA A,0.94,µg/L,"0,94",0.03,Fluorescencia atómica,DISCRETA,14,9/27/2023,2,S2B_MSIL2A_20230927T104719_N0509_R051_T30TYK_20230927T135345,0.0403,0.0618,0.0776,0.0185,0.0105,0,0.0008,0,0,0,0.0041,0.0032,0,6,0,1.986792
JU06150028,-0.2307,40.0116,9/29/2023,Estación punto de presa E. de Sitjar,DETERMINACION FÍSICO-QUÍMICA IN SITU,CLOROFILA A,1.24,µg/L,"1,24",0.03,Fluorescencia atómica,DISCRETA,3,9/27/2023,2,S2B_MSIL2A_20230927T104719_N0509_R051_T30TYK_20230927T135345,0.0403,0.0618,0.0776,0.0185,0.0105,0,0.0008,0,0,0,0.0041,0.0032,0,6,0,1.986792
JU06150028,-0.2307,40.0116,9/29/2023,Estación punto de presa E. de Sitjar,DETERMINACION FÍSICO-QUÍMICA IN SITU,CLOROFILA A,1.64,µg/L,"1,64",0.03,Fluorescencia atómica,DISCRETA,4,9/27/2023,2,S2B_MSIL2A_20230927T104719_N0509_R051_T30TYK_20230927T135345,0.0403,0.0618,0.0776,0.0185,0.0105,0,0.0008,0,0,0,0.0041,0.0032,0,6,0,1.986792
JU06150028,-0.2307,40.0116,9/29/2023,Estación punto de presa E. de Sitjar,DETERMINACION FÍSICO-QUÍMICA IN SITU,CLOROFILA A,1.5,µg/L,"1,5",0.03,Fluorescencia atómica,DISCRETA,6,9/27/2023,2,S2B_MSIL2A_20230927T104719_N0509_R051_T30TYK_20230927T135345,0.0403,0.0618,0.0776,0.0185,0.0105,0,0.0008,0,0,0,0.0041,0.0032,0,6,0,1.986792
JU06150028,-0.2307,40.0116,9/29/2023,Estación punto de presa E. de Sitjar,DETERMINACION FÍSICO-QUÍMICA IN SITU,CLOROFILA A,1.13,µg/L,"1,13",0.03,Fluorescencia atómica,DISCRETA,16,9/27/2023,2,S2B_MSIL2A_20230927T104719_N0509_R051_T30TYK_20230927T135345,0.0403,0.0618,0.0776,0.0185,0.0105,0,0.0008,0,0,0,0.0041,0.0032,0,6,0,1.986792
JU06150028,-0.2307,40.0116,9/29/2023,Estación punto de presa E. de Sitjar,DETERMINACION FÍSICO-QUÍMICA IN SITU,CLOROFILA A,0.74,µg/L,"0,74",0.03,Fluorescencia atómica,DISCRETA,1,9/27/2023,2,S2B_MSIL2A_20230927T104719_N0509_R051_T30TYK_20230927T135345,0.0403,0.0618,0.0776,0.0185,0.0105,0,0.0008,0,0,0,0.0041,0.0032,0,6,0,1.986792
JU06150028,-0.2307,40.0116,9/29/2023,Estación punto de presa E. de Sitjar,DETERMINACION FÍSICO-QUÍMICA IN SITU,CLOROFILA A,0.85,µg/L,"0,85",0.03,Fluorescencia atómica,DISCRETA,9,9/27/2023,2,S2B_MSIL2A_20230927T104719_N0509_R051_T30TYK_20230927T135345,0.0403,0.0618,0.0776,0.0185,0.0105,0,0.0008,0,0,0,0.0041,0.0032,0,6,0,1.986792
JU06150028,-0.2307,40.0116,9/29/2023,Estación punto de presa E. de Sitjar,DETERMINACION FÍSICO-QUÍMICA IN SITU,CLOROFILA A,1.57,µg/L,"1,57",0.03,Fluorescencia atómica,DISCRETA,17,9/27/2023,2,S2B_MSIL2A_20230927T104719_N0509_R051_T30TYK_20230927T135345,0.0403,0.0618,0.0776,0.0185,0.0105,0,0.0008,0,0,0,0.0041,0.0032,0,6,0,1.986792
JU06150028,-0.2307,40.0116,9/29/2023,Estación punto de presa E. de Sitjar,DETERMINACION FÍSICO-QUÍMICA IN SITU,CLOROFILA A,1.02,µg/L,"1,02",0.03,Fluorescencia atómica,DISCRETA,8,9/27/2023,2,S2B_MSIL2A_20230927T104719_N0509_R051_T30TYK_20230927T135345,0.0403,0.0618,0.0776,0.0185,0.0105,0,0.0008,0,0,0,0.0041,0.0032,0,6,0,1.986792
JU06150028,-0.2307,40.0116,9/29/2023,Estación punto de presa E. de Sitjar,TOMA DE MUESTRAS PARA LABORATORIO,SOLIDOS EN SUSPENSION,3.4,mg/L,"3,4",2,Gravimetría,INTEGRADA,-1,9/27/2023,2,S2B_MSIL2A_20230927T104719_N0509_R051_T30TYK_20230927T135345,0.0403,0.0618,0.0776,0.0185,0.0105,0,0.0008,0,0,0,0.0041,0.0032,0,6,0,1.986792
JU06150028,-0.2307,40.0116,9/29/2023,Estación punto de presa E. de Sitjar,Fitoplancton,CLOROFILA A,1.8,µg/L,"1,8",1,Espectofotometría de absorción molecular,INTEGRADA,-1,9/27/2023,2,S2B_MSIL2A_20230927T104719_N0509_R051_T30TYK_20230927T135345,0.0403,0.0618,0.0776,0.0185,0.0105,0,0.0008,0,0,0,0.0041,0.0032,0,6,0,1.986792
JU06150028,-0.2307,40.0116,9/29/2023,Estación punto de presa E. de Sitjar,DETERMINACION FÍSICO-QUÍMICA IN SITU,CLOROFILA A,1.1,µg/L,"1,1",0.03,Fluorescencia atómica,DISCRETA,2,9/27/2023,2,S2B_MSIL2A_20230927T104719_N0509_R051_T30TYK_20230927T135345,0.0403,0.0618,0.0776,0.0185,0.0105,0,0.0008,0,0,0,0.0041,0.0032,0,6,0,1.986792
JU06150028,-0.2307,40.0116,9/29/2023,Estación punto de presa E. de Sitjar,TOMA DE MUESTRAS PARA LABORATORIO,FOSFORO TOTAL,0.012,mg P/l,"0,012",0.004,Espectofotometría de absorción molecular,INTEGRADA,-1,9/27/2023,2,S2B_MSIL2A_20230927T104719_N0509_R051_T30TYK_20230927T135345,0.0403,0.0618,0.0776,0.0185,0.0105,0,0.0008,0,0,0,0.0041,0.0032,0,6,0,1.986792
JU06150028,-0.2307,40.0116,9/29/2023,Estación punto de presa E. de Sitjar,DETERMINACION FÍSICO-QUÍMICA IN SITU,Profundidad del disco de secchi,1.9,m,,,,INTEGRADA,-1,9/27/2023,2,S2B_MSIL2A_20230927T104719_N0509_R051_T30TYK_20230927T135345,0.0403,0.0618,0.0776,0.0185,0.0105,0,0.0008,0,0,0,0.0041,0.0032,0,6,0,1.986792
JU06660017,-1.0992,39.7301,9/26/2023,Estación punto de presa E. de Benagéber,DETERMINACION FÍSICO-QUÍMICA IN SITU,CLOROFILA A,0.81,µg/L,"0,81",0.03,Fluorescencia atómica,DISCRETA,27,9/22/2023,4,S2A_MSIL2A_20230922T104741_N0509_R051_T30SXJ_20230922T170056,0.0189,0.0188,0.0203,0.0074,0.0069,0.0043,0.0052,0.0036,0.0052,0.0049,0.0089,0.0078,0,6,1,3.653876
JU06660017,-1.0992,39.7301,9/26/2023,Estación punto de presa E. de Benagéber,DETERMINACION FÍSICO-QUÍMICA IN SITU,CLOROFILA A,0.73,µg/L,"0,73",0.03,Fluorescencia atómica,DISCRETA,30,9/22/2023,4,S2A_MSIL2A_20230922T104741_N0509_R051_T30SXJ_20230922T170056,0.0189,0.0188,0.0203,0.0074,0.0069,0.0043,0.0052,0.0036,0.0052,0.0049,0.0089,0.0078,0,6,1,3.653876
JU06660017,-1.0992,39.7301,9/26/2023,Estación punto de presa E. de Benagéber,DETERMINACION FÍSICO-QUÍMICA IN SITU,CLOROFILA A,0.71,µg/L,"0,71",0.03,Fluorescencia atómica,DISCRETA,33,9/22/2023,4,S2A_MSIL2A_20230922T104741_N0509_R051_T30SXJ_20230922T170056,0.0189,0.0188,0.0203,0.0074,0.0069,0.0043,0.0052,0.0036,0.0052,0.0049,0.0089,0.0078,0,6,1,3.653876
JU06660017,-1.0992,39.7301,9/26/2023,Estación punto de presa E. de Benagéber,DETERMINACION FÍSICO-QUÍMICA IN SITU,CLOROFILA A,0.51,µg/L,"0,51",0.03,Fluorescencia atómica,DISCRETA,45,9/22/2023,4,S2A_MSIL2A_20230922T104741_N0509_R051_T30SXJ_20230922T170056,0.0189,0.0188,0.0203,0.0074,0.0069,0.0043,0.0052,0.0036,0.0052,0.0049,0.0089,0.0078,0,6,1,3.653876
JU06660017,-1.0992,39.7301,9/26/2023,Estación punto de presa E. de Benagéber,DETERMINACION FÍSICO-QUÍMICA IN SITU,CLOROFILA A,0.59,µg/L,"0,59",0.03,Fluorescencia atómica,DISCRETA,52,9/22/2023,4,S2A_MSIL2A_20230922T104741_N0509_R051_T30SXJ_20230922T170056,0.0189,0.0188,0.0203,0.0074,0.0069,0.0043,0.0052,0.0036,0.0052,0.0049,0.0089,0.0078,0,6,1,3.653876
JU06660017,-1.0992,39.7301,9/26/2023,Estación punto de presa E. de Benagéber,DETERMINACION FÍSICO-QUÍMICA IN SITU,CLOROFILA A,0.57,µg/L,"0,57",0.03,Fluorescencia atómica,DISCRETA,53,9/22/2023,4,S2A_MSIL2A_20230922T104741_N0509_R051_T30SXJ_20230922T170056,0.0189,0.0188,0.0203,0.0074,0.0069,0.0043,0.0052,0.0036,0.0052,0.0049,0.0089,0.0078,0,6,1,3.653876
JU06660017,-1.0992,39.7301,9/26/2023,Estación punto de presa E. de Benagéber,DETERMINACION FÍSICO-QUÍMICA IN SITU,CLOROFILA A,1.68,µg/L,"1,68",0.03,Fluorescencia atómica,DISCRETA,7,9/22/2023,4,S2A_MSIL2A_20230922T104741_N0509_R051_T30SXJ_20230922T170056,0.0189,0.0188,0.0203,0.0074,0.0069,0.0043,0.0052,0.0036,0.0052,0.0049,0.0089,0.0078,0,6,1,3.653876
JU06660017,-1.0992,39.7301,9/26/2023,Estación punto de presa E. de Benagéber,DETERMINACION FÍSICO-QUÍMICA IN SITU,CLOROFILA A,1.37,µg/L,"1,37",0.03,Fluorescencia atómica,DISCRETA,1,9/22/2023,4,S2A_MSIL2A_20230922T104741_N0509_R051_T30SXJ_20230922T170056,0.0189,0.0188,0.0203,0.0074,0.0069,0.0043,0.0052,0.0036,0.0052,0.0049,0.0089,0.0078,0,6,1,3.653876
JU06660017,-1.0992,39.7301,9/26/2023,Estación punto de presa E. de Benagéber,DETERMINACION FÍSICO-QUÍMICA IN SITU,CLOROFILA A,0.52,µg/L,"0,52",0.03,Fluorescencia atómica,DISCRETA,37,9/22/2023,4,S2A_MSIL2A_20230922T104741_N0509_R051_T30SXJ_20230922T170056,0.0189,0.0188,0.0203,0.0074,0.0069,0.0043,0.0052,0.0036,0.0052,0.0049,0.0089,0.0078,0,6,1,3.653876
JU06660017,-1.0992,39.7301,9/26/2023,Estación punto de presa E. de Benagéber,DETERMINACION FÍSICO-QUÍMICA IN SITU,CLOROFILA A,0.56,µg/L,"0,56",0.03,Fluorescencia atómica,DISCRETA,57,9/22/2023,4,S2A_MSIL2A_20230922T104741_N0509_R051_T30SXJ_20230922T170056,0.0189,0.0188,0.0203,0.0074,0.0069,0.0043,0.0052,0.0036,0.0052,0.0049,0.0089,0.0078,0,6,1,3.653876
JU06660017,-1.0992,39.7301,9/26/2023,Estación punto de presa E. de Benagéber,DETERMINACION FÍSICO-QUÍMICA IN SITU,CLOROFILA A,0.99,µg/L,"0,99",0.03,Fluorescencia atómica,DISCRETA,0,9/22/2023,4,S2A_MSIL2A_20230922T104741_N0509_R051_T30SXJ_20230922T170056,0.0189,0.0188,0.0203,0.0074,0.0069,0.0043,0.0052,0.0036,0.0052,0.0049,0.0089,0.0078,0,6,1,3.653876
JU06660017,-1.0992,39.7301,9/26/2023,Estación punto de presa E. de Benagéber,DETERMINACION FÍSICO-QUÍMICA IN SITU,CLOROFILA A,0.52,µg/L,"0,52",0.03,Fluorescencia atómica,DISCRETA,46,9/22/2023,4,S2A_MSIL2A_20230922T104741_N0509_R051_T30SXJ_20230922T170056,0.0189,0.0188,0.0203,0.0074,0.0069,0.0043,0.0052,0.0036,0.0052,0.0049,0.0089,0.0078,0,6,1,3.653876
JU06660017,-1.0992,39.7301,9/26/2023,Estación punto de presa E. de Benagéber,DETERMINACION FÍSICO-QUÍMICA IN SITU,CLOROFILA A,1.7,µg/L,"1,7",0.03,Fluorescencia atómica,DISCRETA,8,9/22/2023,4,S2A_MSIL2A_20230922T104741_N0509_R051_T30SXJ_20230922T170056,0.0189,0.0188,0.0203,0.0074,0.0069,0.0043,0.0052,0.0036,0.0052,0.0049,0.0089,0.0078,0,6,1,3.653876
JU06660017,-1.0992,39.7301,9/26/2023,Estación punto de presa E. de Benagéber,Fitoplancton,CLOROFILA A,2.2,µg/L,"2,2",1,Espectofotometría de absorción molecular,INTEGRADA,-1,9/22/2023,4,S2A_MSIL2A_20230922T104741_N0509_R051_T30SXJ_20230922T170056,0.0189,0.0188,0.0203,0.0074,0.0069,0.0043,0.0052,0.0036,0.0052,0.0049,0.0089,0.0078,0,6,1,3.653876
JU06660017,-1.0992,39.7301,9/26/2023,Estación punto de presa E. de Benagéber,DETERMINACION FÍSICO-QUÍMICA IN SITU,CLOROFILA A,1.73,µg/L,"1,73",0.03,Fluorescencia atómica,DISCRETA,10,9/22/2023,4,S2A_MSIL2A_20230922T104741_N0509_R051_T30SXJ_20230922T170056,0.0189,0.0188,0.0203,0.0074,0.0069,0.0043,0.0052,0.0036,0.0052,0.0049,0.0089,0.0078,0,6,1,3.653876
JU06660017,-1.0992,39.7301,9/26/2023,Estación punto de presa E. de Benagéber,DETERMINACION FÍSICO-QUÍMICA IN SITU,CLOROFILA A,0.98,µg/L,"0,98",0.03,Fluorescencia atómica,DISCRETA,21,9/22/2023,4,S2A_MSIL2A_20230922T104741_N0509_R051_T30SXJ_20230922T170056,0.0189,0.0188,0.0203,0.0074,0.0069,0.0043,0.0052,0.0036,0.0052,0.0049,0.0089,0.0078,0,6,1,3.653876
JU06660017,-1.0992,39.7301,9/26/2023,Estación punto de presa E. de Benagéber,DETERMINACION FÍSICO-QUÍMICA IN SITU,CLOROFILA A,0.9,µg/L,"0,9",0.03,Fluorescencia atómica,DISCRETA,22,9/22/2023,4,S2A_MSIL2A_20230922T104741_N0509_R051_T30SXJ_20230922T170056,0.0189,0.0188,0.0203,0.0074,0.0069,0.0043,0.0052,0.0036,0.0052,0.0049,0.0089,0.0078,0,6,1,3.653876
JU06660017,-1.0992,39.7301,9/26/2023,Estación punto de presa E. de Benagéber,DETERMINACION FÍSICO-QUÍMICA IN SITU,CLOROFILA A,0.51,µg/L,"0,51",0.03,Fluorescencia atómica,DISCRETA,38,9/22/2023,4,S2A_MSIL2A_20230922T104741_N0509_R051_T30SXJ_20230922T170056,0.0189,0.0188,0.0203,0.0074,0.0069,0.0043,0.0052,0.0036,0.0052,0.0049,0.0089,0.0078,0,6,1,3.653876
JU06660017,-1.0992,39.7301,9/26/2023,Estación punto de presa E. de Benagéber,DETERMINACION FÍSICO-QUÍMICA IN SITU,CLOROFILA A,0.59,µg/L,"0,59",0.03,Fluorescencia atómica,DISCRETA,41,9/22/2023,4,S2A_MSIL2A_20230922T104741_N0509_R051_T30SXJ_20230922T170056,0.0189,0.0188,0.0203,0.0074,0.0069,0.0043,0.0052,0.0036,0.0052,0.0049,0.0089,0.0078,0,6,1,3.653876
JU06660017,-1.0992,39.7301,9/26/2023,Estación punto de presa E. de Benagéber,DETERMINACION FÍSICO-QUÍMICA IN SITU,CLOROFILA A,0.53,µg/L,"0,53",0.03,Fluorescencia atómica,DISCRETA,44,9/22/2023,4,S2A_MSIL2A_20230922T104741_N0509_R051_T30SXJ_20230922T170056,0.0189,0.0188,0.0203,0.0074,0.0069,0.0043,0.0052,0.0036,0.0052,0.0049,0.0089,0.0078,0,6,1,3.653876
JU06660017,-1.0992,39.7301,9/26/2023,Estación punto de presa E. de Benagéber,DETERMINACION FÍSICO-QUÍMICA IN SITU,CLOROFILA A,0.54,µg/L,"0,54",0.03,Fluorescencia atómica,DISCRETA,48,9/22/2023,4,S2A_MSIL2A_20230922T104741_N0509_R051_T30SXJ_20230922T170056,0.0189,0.0188,0.0203,0.0074,0.0069,0.0043,0.0052,0.0036,0.0052,0.0049,0.0089,0.0078,0,6,1,3.653876
JU06660017,-1.0992,39.7301,9/26/2023,Estación punto de presa E. de Benagéber,DETERMINACION FÍSICO-QUÍMICA IN SITU,CLOROFILA A,0.51,µg/L,"0,51",0.03,Fluorescencia atómica,DISCRETA,50,9/22/2023,4,S2A_MSIL2A_20230922T104741_N0509_R051_T30SXJ_20230922T170056,0.0189,0.0188,0.0203,0.0074,0.0069,0.0043,0.0052,0.0036,0.0052,0.0049,0.0089,0.0078,0,6,1,3.653876
JU06660017,-1.0992,39.7301,9/26/2023,Estación punto de presa E. de Benagéber,DETERMINACION FÍSICO-QUÍMICA IN SITU,CLOROFILA A,0.56,µg/L,"0,56",0.03,Fluorescencia atómica,DISCRETA,51,9/22/2023,4,S2A_MSIL2A_20230922T104741_N0509_R051_T30SXJ_20230922T170056,0.0189,0.0188,0.0203,0.0074,0.0069,0.0043,0.0052,0.0036,0.0052,0.0049,0.0089,0.0078,0,6,1,3.653876
JU06660017,-1.0992,39.7301,9/26/2023,Estación punto de presa E. de Benagéber,DETERMINACION FÍSICO-QUÍMICA IN SITU,CLOROFILA A,1.73,µg/L,"1,73",0.03,Fluorescencia atómica,DISCRETA,15,9/22/2023,4,S2A_MSIL2A_20230922T104741_N0509_R051_T30SXJ_20230922T170056,0.0189,0.0188,0.0203,0.0074,0.0069,0.0043,0.0052,0.0036,0.0052,0.0049,0.0089,0.0078,0,6,1,3.653876
JU06660017,-1.0992,39.7301,9/26/2023,Estación punto de presa E. de Benagéber,DETERMINACION FÍSICO-QUÍMICA IN SITU,CLOROFILA A,1.7,µg/L,"1,7",0.03,Fluorescencia atómica,DISCRETA,16,9/22/2023,4,S2A_MSIL2A_20230922T104741_N0509_R051_T30SXJ_20230922T170056,0.0189,0.0188,0.0203,0.0074,0.0069,0.0043,0.0052,0.0036,0.0052,0.0049,0.0089,0.0078,0,6,1,3.653876
JU06660017,-1.0992,39.7301,9/26/2023,Estación punto de presa E. de Benagéber,DETERMINACION FÍSICO-QUÍMICA IN SITU,CLOROFILA A,1.96,µg/L,"1,96",0.03,Fluorescencia atómica,DISCRETA,17,9/22/2023,4,S2A_MSIL2A_20230922T104741_N0509_R051_T30SXJ_20230922T170056,0.0189,0.0188,0.0203,0.0074,0.0069,0.0043,0.0052,0.0036,0.0052,0.0049,0.0089,0.0078,0,6,1,3.653876
JU06660017,-1.0992,39.7301,9/26/2023,Estación punto de presa E. de Benagéber,DETERMINACION FÍSICO-QUÍMICA IN SITU,CLOROFILA A,0.88,µg/L,"0,88",0.03,Fluorescencia atómica,DISCRETA,24,9/22/2023,4,S2A_MSIL2A_20230922T104741_N0509_R051_T30SXJ_20230922T170056,0.0189,0.0188,0.0203,0.0074,0.0069,0.0043,0.0052,0.0036,0.0052,0.0049,0.0089,0.0078,0,6,1,3.653876
JU06660017,-1.0992,39.7301,9/26/2023,Estación punto de presa E. de Benagéber,DETERMINACION FÍSICO-QUÍMICA IN SITU,CLOROFILA A,1.83,µg/L,"1,83",0.03,Fluorescencia atómica,DISCRETA,13,9/22/2023,4,S2A_MSIL2A_20230922T104741_N0509_R051_T30SXJ_20230922T170056,0.0189,0.0188,0.0203,0.0074,0.0069,0.0043,0.0052,0.0036,0.0052,0.0049,0.0089,0.0078,0,6,1,3.653876
JU06660017,-1.0992,39.7301,9/26/2023,Estación punto de presa E. de Benagéber,DETERMINACION FÍSICO-QUÍMICA IN SITU,CLOROFILA A,0.89,µg/L,"0,89",0.03,Fluorescencia atómica,DISCRETA,23,9/22/2023,4,S2A_MSIL2A_20230922T104741_N0509_R051_T30SXJ_20230922T170056,0.0189,0.0188,0.0203,0.0074,0.0069,0.0043,0.0052,0.0036,0.0052,0.0049,0.0089,0.0078,0,6,1,3.653876
JU06660017,-1.0992,39.7301,9/26/2023,Estación punto de presa E. de Benagéber,DETERMINACION FÍSICO-QUÍMICA IN SITU,CLOROFILA A,0.72,µg/L,"0,72",0.03,Fluorescencia atómica,DISCRETA,29,9/22/2023,4,S2A_MSIL2A_20230922T104741_N0509_R051_T30SXJ_20230922T170056,0.0189,0.0188,0.0203,0.0074,0.0069,0.0043,0.0052,0.0036,0.0052,0.0049,0.0089,0.0078,0,6,1,3.653876
JU06660017,-1.0992,39.7301,9/26/2023,Estación punto de presa E. de Benagéber,DETERMINACION FÍSICO-QUÍMICA IN SITU,CLOROFILA A,0.51,µg/L,"0,51",0.03,Fluorescencia atómica,DISCRETA,36,9/22/2023,4,S2A_MSIL2A_20230922T104741_N0509_R051_T30SXJ_20230922T170056,0.0189,0.0188,0.0203,0.0074,0.0069,0.0043,0.0052,0.0036,0.0052,0.0049,0.0089,0.0078,0,6,1,3.653876
JU06660017,-1.0992,39.7301,9/26/2023,Estación punto de presa E. de Benagéber,DETERMINACION FÍSICO-QUÍMICA IN SITU,CLOROFILA A,0.56,µg/L,"0,56",0.03,Fluorescencia atómica,DISCRETA,42,9/22/2023,4,S2A_MSIL2A_20230922T104741_N0509_R051_T30SXJ_20230922T170056,0.0189,0.0188,0.0203,0.0074,0.0069,0.0043,0.0052,0.0036,0.0052,0.0049,0.0089,0.0078,0,6,1,3.653876
JU06660017,-1.0992,39.7301,9/26/2023,Estación punto de presa E. de Benagéber,DETERMINACION FÍSICO-QUÍMICA IN SITU,CLOROFILA A,0.51,µg/L,"0,51",0.03,Fluorescencia atómica,DISCRETA,55,9/22/2023,4,S2A_MSIL2A_20230922T104741_N0509_R051_T30SXJ_20230922T170056,0.0189,0.0188,0.0203,0.0074,0.0069,0.0043,0.0052,0.0036,0.0052,0.0049,0.0089,0.0078,0,6,1,3.653876
JU06660017,-1.0992,39.7301,9/26/2023,Estación punto de presa E. de Benagéber,DETERMINACION FÍSICO-QUÍMICA IN SITU,CLOROFILA A,1.55,µg/L,"1,55",0.03,Fluorescencia atómica,DISCRETA,18,9/22/2023,4,S2A_MSIL2A_20230922T104741_N0509_R051_T30SXJ_20230922T170056,0.0189,0.0188,0.0203,0.0074,0.0069,0.0043,0.0052,0.0036,0.0052,0.0049,0.0089,0.0078,0,6,1,3.653876
JU06660017,-1.0992,39.7301,9/26/2023,Estación punto de presa E. de Benagéber,DETERMINACION FÍSICO-QUÍMICA IN SITU,CLOROFILA A,0.9,µg/L,"0,9",0.03,Fluorescencia atómica,DISCRETA,26,9/22/2023,4,S2A_MSIL2A_20230922T104741_N0509_R051_T30SXJ_20230922T170056,0.0189,0.0188,0.0203,0.0074,0.0069,0.0043,0.0052,0.0036,0.0052,0.0049,0.0089,0.0078,0,6,1,3.653876
JU06660017,-1.0992,39.7301,9/26/2023,Estación punto de presa E. de Benagéber,DETERMINACION FÍSICO-QUÍMICA IN SITU,CLOROFILA A,1.12,µg/L,"1,12",0.03,Fluorescencia atómica,DISCRETA,2,9/22/2023,4,S2A_MSIL2A_20230922T104741_N0509_R051_T30SXJ_20230922T170056,0.0189,0.0188,0.0203,0.0074,0.0069,0.0043,0.0052,0.0036,0.0052,0.0049,0.0089,0.0078,0,6,1,3.653876
JU06660017,-1.0992,39.7301,9/26/2023,Estación punto de presa E. de Benagéber,DETERMINACION FÍSICO-QUÍMICA IN SITU,CLOROFILA A,0.69,µg/L,"0,69",0.03,Fluorescencia atómica,DISCRETA,31,9/22/2023,4,S2A_MSIL2A_20230922T104741_N0509_R051_T30SXJ_20230922T170056,0.0189,0.0188,0.0203,0.0074,0.0069,0.0043,0.0052,0.0036,0.0052,0.0049,0.0089,0.0078,0,6,1,3.653876
JU06660017,-1.0992,39.7301,9/26/2023,Estación punto de presa E. de Benagéber,DETERMINACION FÍSICO-QUÍMICA IN SITU,CLOROFILA A,0.63,µg/L,"0,63",0.03,Fluorescencia atómica,DISCRETA,35,9/22/2023,4,S2A_MSIL2A_20230922T104741_N0509_R051_T30SXJ_20230922T170056,0.0189,0.0188,0.0203,0.0074,0.0069,0.0043,0.0052,0.0036,0.0052,0.0049,0.0089,0.0078,0,6,1,3.653876
JU06660017,-1.0992,39.7301,9/26/2023,Estación punto de presa E. de Benagéber,DETERMINACION FÍSICO-QUÍMICA IN SITU,CLOROFILA A,1.12,µg/L,"1,12",0.03,Fluorescencia atómica,DISCRETA,3,9/22/2023,4,S2A_MSIL2A_20230922T104741_N0509_R051_T30SXJ_20230922T170056,0.0189,0.0188,0.0203,0.0074,0.0069,0.0043,0.0052,0.0036,0.0052,0.0049,0.0089,0.0078,0,6,1,3.653876
JU06660017,-1.0992,39.7301,9/26/2023,Estación punto de presa E. de Benagéber,DETERMINACION FÍSICO-QUÍMICA IN SITU,CLOROFILA A,0.5,µg/L,"0,5",0.03,Fluorescencia atómica,DISCRETA,49,9/22/2023,4,S2A_MSIL2A_20230922T104741_N0509_R051_T30SXJ_20230922T170056,0.0189,0.0188,0.0203,0.0074,0.0069,0.0043,0.0052,0.0036,0.0052,0.0049,0.0089,0.0078,0,6,1,3.653876
JU06660017,-1.0992,39.7301,9/26/2023,Estación punto de presa E. de Benagéber,DETERMINACION FÍSICO-QUÍMICA IN SITU,CLOROFILA A,1.21,µg/L,"1,21",0.03,Fluorescencia atómica,DISCRETA,4,9/22/2023,4,S2A_MSIL2A_20230922T104741_N0509_R051_T30SXJ_20230922T170056,0.0189,0.0188,0.0203,0.0074,0.0069,0.0043,0.0052,0.0036,0.0052,0.0049,0.0089,0.0078,0,6,1,3.653876
JU06660017,-1.0992,39.7301,9/26/2023,Estación punto de presa E. de Benagéber,DETERMINACION FÍSICO-QUÍMICA IN SITU,CLOROFILA A,0.56,µg/L,"0,56",0.03,Fluorescencia atómica,DISCRETA,54,9/22/2023,4,S2A_MSIL2A_20230922T104741_N0509_R051_T30SXJ_20230922T170056,0.0189,0.0188,0.0203,0.0074,0.0069,0.0043,0.0052,0.0036,0.0052,0.0049,0.0089,0.0078,0,6,1,3.653876
JU06660017,-1.0992,39.7301,9/26/2023,Estación punto de presa E. de Benagéber,DETERMINACION FÍSICO-QUÍMICA IN SITU,CLOROFILA A,1.8,µg/L,"1,8",0.03,Fluorescencia atómica,DISCRETA,6,9/22/2023,4,S2A_MSIL2A_20230922T104741_N0509_R051_T30SXJ_20230922T170056,0.0189,0.0188,0.0203,0.0074,0.0069,0.0043,0.0052,0.0036,0.0052,0.0049,0.0089,0.0078,0,6,1,3.653876
JU06660017,-1.0992,39.7301,9/26/2023,Estación punto de presa E. de Benagéber,DETERMINACION FÍSICO-QUÍMICA IN SITU,CLOROFILA A,1.44,µg/L,"1,44",0.03,Fluorescencia atómica,DISCRETA,5,9/22/2023,4,S2A_MSIL2A_20230922T104741_N0509_R051_T30SXJ_20230922T170056,0.0189,0.0188,0.0203,0.0074,0.0069,0.0043,0.0052,0.0036,0.0052,0.0049,0.0089,0.0078,0,6,1,3.653876
JU06660017,-1.0992,39.7301,9/26/2023,Estación punto de presa E. de Benagéber,DETERMINACION FÍSICO-QUÍMICA IN SITU,CLOROFILA A,0.59,µg/L,"0,59",0.03,Fluorescencia atómica,DISCRETA,34,9/22/2023,4,S2A_MSIL2A_20230922T104741_N0509_R051_T30SXJ_20230922T170056,0.0189,0.0188,0.0203,0.0074,0.0069,0.0043,0.0052,0.0036,0.0052,0.0049,0.0089,0.0078,0,6,1,3.653876
JU06660017,-1.0992,39.7301,9/26/2023,Estación punto de presa E. de Benagéber,DETERMINACION FÍSICO-QUÍMICA IN SITU,CLOROFILA A,0.57,µg/L,"0,57",0.03,Fluorescencia atómica,DISCRETA,43,9/22/2023,4,S2A_MSIL2A_20230922T104741_N0509_R051_T30SXJ_20230922T170056,0.0189,0.0188,0.0203,0.0074,0.0069,0.0043,0.0052,0.0036,0.0052,0.0049,0.0089,0.0078,0,6,1,3.653876
JU06660017,-1.0992,39.7301,9/26/2023,Estación punto de presa E. de Benagéber,DETERMINACION FÍSICO-QUÍMICA IN SITU,CLOROFILA A,0.52,µg/L,"0,52",0.03,Fluorescencia atómica,DISCRETA,47,9/22/2023,4,S2A_MSIL2A_20230922T104741_N0509_R051_T30SXJ_20230922T170056,0.0189,0.0188,0.0203,0.0074,0.0069,0.0043,0.0052,0.0036,0.0052,0.0049,0.0089,0.0078,0,6,1,3.653876
JU06660017,-1.0992,39.7301,9/26/2023,Estación punto de presa E. de Benagéber,DETERMINACION FÍSICO-QUÍMICA IN SITU,CLOROFILA A,1.75,µg/L,"1,75",0.03,Fluorescencia atómica,DISCRETA,11,9/22/2023,4,S2A_MSIL2A_20230922T104741_N0509_R051_T30SXJ_20230922T170056,0.0189,0.0188,0.0203,0.0074,0.0069,0.0043,0.0052,0.0036,0.0052,0.0049,0.0089,0.0078,0,6,1,3.653876
JU06660017,-1.0992,39.7301,9/26/2023,Estación punto de presa E. de Benagéber,DETERMINACION FÍSICO-QUÍMICA IN SITU,CLOROFILA A,1.79,µg/L,"1,79",0.03,Fluorescencia atómica,DISCRETA,12,9/22/2023,4,S2A_MSIL2A_20230922T104741_N0509_R051_T30SXJ_20230922T170056,0.0189,0.0188,0.0203,0.0074,0.0069,0.0043,0.0052,0.0036,0.0052,0.0049,0.0089,0.0078,0,6,1,3.653876
JU06660017,-1.0992,39.7301,9/26/2023,Estación punto de presa E. de Benagéber,DETERMINACION FÍSICO-QUÍMICA IN SITU,CLOROFILA A,1.85,µg/L,"1,85",0.03,Fluorescencia atómica,DISCRETA,14,9/22/2023,4,S2A_MSIL2A_20230922T104741_N0509_R051_T30SXJ_20230922T170056,0.0189,0.0188,0.0203,0.0074,0.0069,0.0043,0.0052,0.0036,0.0052,0.0049,0.0089,0.0078,0,6,1,3.653876
JU06660017,-1.0992,39.7301,9/26/2023,Estación punto de presa E. de Benagéber,DETERMINACION FÍSICO-QUÍMICA IN SITU,CLOROFILA A,1.34,µg/L,"1,34",0.03,Fluorescencia atómica,DISCRETA,19,9/22/2023,4,S2A_MSIL2A_20230922T104741_N0509_R051_T30SXJ_20230922T170056,0.0189,0.0188,0.0203,0.0074,0.0069,0.0043,0.0052,0.0036,0.0052,0.0049,0.0089,0.0078,0,6,1,3.653876
JU06660017,-1.0992,39.7301,9/26/2023,Estación punto de presa E. de Benagéber,DETERMINACION FÍSICO-QUÍMICA IN SITU,CLOROFILA A,1,µg/L,1,0.03,Fluorescencia atómica,DISCRETA,20,9/22/2023,4,S2A_MSIL2A_20230922T104741_N0509_R051_T30SXJ_20230922T170056,0.0189,0.0188,0.0203,0.0074,0.0069,0.0043,0.0052,0.0036,0.0052,0.0049,0.0089,0.0078,0,6,1,3.653876
JU06660017,-1.0992,39.7301,9/26/2023,Estación punto de presa E. de Benagéber,DETERMINACION FÍSICO-QUÍMICA IN SITU,CLOROFILA A,1.7,µg/L,"1,7",0.03,Fluorescencia atómica,DISCRETA,9,9/22/2023,4,S2A_MSIL2A_20230922T104741_N0509_R051_T30SXJ_20230922T170056,0.0189,0.0188,0.0203,0.0074,0.0069,0.0043,0.0052,0.0036,0.0052,0.0049,0.0089,0.0078,0,6,1,3.653876
JU06660017,-1.0992,39.7301,9/26/2023,Estación punto de presa E. de Benagéber,DETERMINACION FÍSICO-QUÍMICA IN SITU,CLOROFILA A,0.82,µg/L,"0,82",0.03,Fluorescencia atómica,DISCRETA,25,9/22/2023,4,S2A_MSIL2A_20230922T104741_N0509_R051_T30SXJ_20230922T170056,0.0189,0.0188,0.0203,0.0074,0.0069,0.0043,0.0052,0.0036,0.0052,0.0049,0.0089,0.0078,0,6,1,3.653876
JU06660017,-1.0992,39.7301,9/26/2023,Estación punto de presa E. de Benagéber,DETERMINACION FÍSICO-QUÍMICA IN SITU,CLOROFILA A,0.8,µg/L,"0,8",0.03,Fluorescencia atómica,DISCRETA,28,9/22/2023,4,S2A_MSIL2A_20230922T104741_N0509_R051_T30SXJ_20230922T170056,0.0189,0.0188,0.0203,0.0074,0.0069,0.0043,0.0052,0.0036,0.0052,0.0049,0.0089,0.0078,0,6,1,3.653876
JU06660017,-1.0992,39.7301,9/26/2023,Estación punto de presa E. de Benagéber,DETERMINACION FÍSICO-QUÍMICA IN SITU,CLOROFILA A,0.7,µg/L,"0,7",0.03,Fluorescencia atómica,DISCRETA,32,9/22/2023,4,S2A_MSIL2A_20230922T104741_N0509_R051_T30SXJ_20230922T170056,0.0189,0.0188,0.0203,0.0074,0.0069,0.0043,0.0052,0.0036,0.0052,0.0049,0.0089,0.0078,0,6,1,3.653876
JU06660017,-1.0992,39.7301,9/26/2023,Estación punto de presa E. de Benagéber,DETERMINACION FÍSICO-QUÍMICA IN SITU,CLOROFILA A,0.52,µg/L,"0,52",0.03,Fluorescencia atómica,DISCRETA,39,9/22/2023,4,S2A_MSIL2A_20230922T104741_N0509_R051_T30SXJ_20230922T170056,0.0189,0.0188,0.0203,0.0074,0.0069,0.0043,0.0052,0.0036,0.0052,0.0049,0.0089,0.0078,0,6,1,3.653876
JU06660017,-1.0992,39.7301,9/26/2023,Estación punto de presa E. de Benagéber,DETERMINACION FÍSICO-QUÍMICA IN SITU,CLOROFILA A,0.54,µg/L,"0,54",0.03,Fluorescencia atómica,DISCRETA,40,9/22/2023,4,S2A_MSIL2A_20230922T104741_N0509_R051_T30SXJ_20230922T170056,0.0189,0.0188,0.0203,0.0074,0.0069,0.0043,0.0052,0.0036,0.0052,0.0049,0.0089,0.0078,0,6,1,3.653876
JU06660017,-1.0992,39.7301,9/26/2023,Estación punto de presa E. de Benagéber,DETERMINACION FÍSICO-QUÍMICA IN SITU,CLOROFILA A,0.52,µg/L,"0,52",0.03,Fluorescencia atómica,DISCRETA,56,9/22/2023,4,S2A_MSIL2A_20230922T104741_N0509_R051_T30SXJ_20230922T170056,0.0189,0.0188,0.0203,0.0074,0.0069,0.0043,0.0052,0.0036,0.0052,0.0049,0.0089,0.0078,0,6,1,3.653876
JU06660017,-1.0992,39.7301,9/26/2023,Estación punto de presa E. de Benagéber,TOMA DE MUESTRAS PARA LABORATORIO,SOLIDOS EN SUSPENSION,0,mg/L,<2,2,Gravimetría,INTEGRADA,-1,9/22/2023,4,S2A_MSIL2A_20230922T104741_N0509_R051_T30SXJ_20230922T170056,0.0189,0.0188,0.0203,0.0074,0.0069,0.0043,0.0052,0.0036,0.0052,0.0049,0.0089,0.0078,0,6,1,3.653876
JU06660017,-1.0992,39.7301,9/26/2023,Estación punto de presa E. de Benagéber,TOMA DE MUESTRAS PARA LABORATORIO,FOSFORO TOTAL,0.041,mg P/l,"0,041",0.02,Espectofotometría de absorción molecular,INTEGRADA,-1,9/22/2023,4,S2A_MSIL2A_20230922T104741_N0509_R051_T30SXJ_20230922T170056,0.0189,0.0188,0.0203,0.0074,0.0069,0.0043,0.0052,0.0036,0.0052,0.0049,0.0089,0.0078,0,6,1,3.653876
JU06660017,-1.0992,39.7301,9/26/2023,Estación punto de presa E. de Benagéber,DETERMINACION FÍSICO-QUÍMICA IN SITU,Profundidad del disco de secchi,5.75,m,,,,INTEGRADA,-1,9/22/2023,4,S2A_MSIL2A_20230922T104741_N0509_R051_T30SXJ_20230922T170056,0.0189,0.0188,0.0203,0.0074,0.0069,0.0043,0.0052,0.0036,0.0052,0.0049,0.0089,0.0078,0,6,1,3.653876
JU06160014,-0.164,40.0293,9/18/2023,Estación punto de presa E. de María Cristina,DETERMINACION FÍSICO-QUÍMICA IN SITU,CLOROFILA A,4.16,µg/L,"4,16",0.03,Fluorescencia atómica,DISCRETA,1,9/12/2023,6,S2A_MSIL2A_20230912T104631_N0509_R051_T30TYK_20230912T170605,0.7104,0.6111,0.5802,0.5641,0.6236,0.6221,0.6275,0.5686,0.6231,1.0011,0.5556,0.5031,0,9,100,65.563327
JU06160014,-0.164,40.0293,9/18/2023,Estación punto de presa E. de María Cristina,DETERMINACION FÍSICO-QUÍMICA IN SITU,CLOROFILA A,4.43,µg/L,"4,43",0.03,Fluorescencia atómica,DISCRETA,3.5,9/12/2023,6,S2A_MSIL2A_20230912T104631_N0509_R051_T30TYK_20230912T170605,0.7104,0.6111,0.5802,0.5641,0.6236,0.6221,0.6275,0.5686,0.6231,1.0011,0.5556,0.5031,0,9,100,65.563327
JU06160014,-0.164,40.0293,9/18/2023,Estación punto de presa E. de María Cristina,DETERMINACION FÍSICO-QUÍMICA IN SITU,CLOROFILA A,2.23,µg/L,"2,23",0.03,Fluorescencia atómica,DISCRETA,4.5,9/12/2023,6,S2A_MSIL2A_20230912T104631_N0509_R051_T30TYK_20230912T170605,0.7104,0.6111,0.5802,0.5641,0.6236,0.6221,0.6275,0.5686,0.6231,1.0011,0.5556,0.5031,0,9,100,65.563327
JU06160014,-0.164,40.0293,9/18/2023,Estación punto de presa E. de María Cristina,TOMA DE MUESTRAS PARA LABORATORIO,SOLIDOS EN SUSPENSION,13.6,mg/L,"13,6",2,Gravimetría,INTEGRADA,-1,9/12/2023,6,S2A_MSIL2A_20230912T104631_N0509_R051_T30TYK_20230912T170605,0.7104,0.6111,0.5802,0.5641,0.6236,0.6221,0.6275,0.5686,0.6231,1.0011,0.5556,0.5031,0,9,100,65.563327
JU06160014,-0.164,40.0293,9/18/2023,Estación punto de presa E. de María Cristina,DETERMINACION FÍSICO-QUÍMICA IN SITU,CLOROFILA A,4.83,µg/L,"4,83",0.03,Fluorescencia atómica,DISCRETA,1.5,9/12/2023,6,S2A_MSIL2A_20230912T104631_N0509_R051_T30TYK_20230912T170605,0.7104,0.6111,0.5802,0.5641,0.6236,0.6221,0.6275,0.5686,0.6231,1.0011,0.5556,0.5031,0,9,100,65.563327
JU06160014,-0.164,40.0293,9/18/2023,Estación punto de presa E. de María Cristina,DETERMINACION FÍSICO-QUÍMICA IN SITU,CLOROFILA A,5.05,µg/L,"5,05",0.03,Fluorescencia atómica,DISCRETA,2,9/12/2023,6,S2A_MSIL2A_20230912T104631_N0509_R051_T30TYK_20230912T170605,0.7104,0.6111,0.5802,0.5641,0.6236,0.6221,0.6275,0.5686,0.6231,1.0011,0.5556,0.5031,0,9,100,65.563327
JU06160014,-0.164,40.0293,9/18/2023,Estación punto de presa E. de María Cristina,Fitoplancton,CLOROFILA A,0,µg/L,44,1,Espectofotometría de absorción molecular,INTEGRADA,-1,9/12/2023,6,S2A_MSIL2A_20230912T104631_N0509_R051_T30TYK_20230912T170605,0.7104,0.6111,0.5802,0.5641,0.6236,0.6221,0.6275,0.5686,0.6231,1.0011,0.5556,0.5031,0,9,100,65.563327
JU06160014,-0.164,40.0293,9/18/2023,Estación punto de presa E. de María Cristina,DETERMINACION FÍSICO-QUÍMICA IN SITU,CLOROFILA A,2.82,µg/L,"2,82",0.03,Fluorescencia atómica,DISCRETA,0,9/12/2023,6,S2A_MSIL2A_20230912T104631_N0509_R051_T30TYK_20230912T170605,0.7104,0.6111,0.5802,0.5641,0.6236,0.6221,0.6275,0.5686,0.6231,1.0011,0.5556,0.5031,0,9,100,65.563327
JU06160014,-0.164,40.0293,9/18/2023,Estación punto de presa E. de María Cristina,DETERMINACION FÍSICO-QUÍMICA IN SITU,CLOROFILA A,5.06,µg/L,"5,06",0.03,Fluorescencia atómica,DISCRETA,2.5,9/12/2023,6,S2A_MSIL2A_20230912T104631_N0509_R051_T30TYK_20230912T170605,0.7104,0.6111,0.5802,0.5641,0.6236,0.6221,0.6275,0.5686,0.6231,1.0011,0.5556,0.5031,0,9,100,65.563327
JU06160014,-0.164,40.0293,9/18/2023,Estación punto de presa E. de María Cristina,DETERMINACION FÍSICO-QUÍMICA IN SITU,CLOROFILA A,4.22,µg/L,"4,22",0.03,Fluorescencia atómica,DISCRETA,0.5,9/12/2023,6,S2A_MSIL2A_20230912T104631_N0509_R051_T30TYK_20230912T170605,0.7104,0.6111,0.5802,0.5641,0.6236,0.6221,0.6275,0.5686,0.6231,1.0011,0.5556,0.5031,0,9,100,65.563327
JU06160014,-0.164,40.0293,9/18/2023,Estación punto de presa E. de María Cristina,DETERMINACION FÍSICO-QUÍMICA IN SITU,CLOROFILA A,3.64,µg/L,"3,64",0.03,Fluorescencia atómica,DISCRETA,3,9/12/2023,6,S2A_MSIL2A_20230912T104631_N0509_R051_T30TYK_20230912T170605,0.7104,0.6111,0.5802,0.5641,0.6236,0.6221,0.6275,0.5686,0.6231,1.0011,0.5556,0.5031,0,9,100,65.563327
JU06160014,-0.164,40.0293,9/18/2023,Estación punto de presa E. de María Cristina,DETERMINACION FÍSICO-QUÍMICA IN SITU,CLOROFILA A,2.05,µg/L,"2,05",0.03,Fluorescencia atómica,DISCRETA,4,9/12/2023,6,S2A_MSIL2A_20230912T104631_N0509_R051_T30TYK_20230912T170605,0.7104,0.6111,0.5802,0.5641,0.6236,0.6221,0.6275,0.5686,0.6231,1.0011,0.5556,0.5031,0,9,100,65.563327
JU06160014,-0.164,40.0293,9/18/2023,Estación punto de presa E. de María Cristina,TOMA DE MUESTRAS PARA LABORATORIO,FOSFORO TOTAL,0.049,mg P/l,"0,049",0.02,Espectofotometría de absorción molecular,INTEGRADA,-1,9/12/2023,6,S2A_MSIL2A_20230912T104631_N0509_R051_T30TYK_20230912T170605,0.7104,0.6111,0.5802,0.5641,0.6236,0.6221,0.6275,0.5686,0.6231,1.0011,0.5556,0.5031,0,9,100,65.563327
JU06160014,-0.164,40.0293,9/18/2023,Estación punto de presa E. de María Cristina,DETERMINACION FÍSICO-QUÍMICA IN SITU,Profundidad del disco de secchi,0.9,m,,,,INTEGRADA,-1,9/12/2023,6,S2A_MSIL2A_20230912T104631_N0509_R051_T30TYK_20230912T170605,0.7104,0.6111,0.5802,0.5641,0.6236,0.6221,0.6275,0.5686,0.6231,1.0011,0.5556,0.5031,0,9,100,65.563327
JU06150028,-0.2307,40.0116,7/28/2023,Estación punto de presa E. de Sitjar,DETERMINACION FÍSICO-QUÍMICA IN SITU,Profundidad del disco de secchi,1.899999976,m,,,,INTEGRADA,-1,7/24/2023,4,S2A_MSIL2A_20230724T104621_N0509_R051_T30TYK_20230724T182759,0.5818,0.4967,0.445,0.3784,0.4071,0.4042,0.401,0.3958,0.3893,0.8727,0.1673,0.1597,0,9,99,73.102105
JU06160014,-0.164,40.0293,7/26/2023,Estación punto de presa E. de María Cristina,DETERMINACION FÍSICO-QUÍMICA IN SITU,Profundidad del disco de secchi,0.899999976,m,,,,INTEGRADA,-1,7/24/2023,2,S2A_MSIL2A_20230724T104621_N0509_R051_T30TYK_20230724T182759,0.2564,0.2654,0.249,0.2119,0.2271,0.2259,0.2247,0.2258,0.2139,0.3672,0.1406,0.1134,0,8,73,73.102105
JU06660017,-1.0992,39.7301,7/25/2023,Estación punto de presa E. de Benagéber,DETERMINACION FÍSICO-QUÍMICA IN SITU,Profundidad del disco de secchi,5.75,m,,,,INTEGRADA,-1,7/29/2023,4,S2B_MSIL2A_20230729T104629_N0509_R051_T30SXJ_20230729T135323,0.029,0.0354,0.0293,0.004,0.0007,0,0,0,0,0,0.0037,0.0032,0,6,0,0.004638
JU06150028,-0.2307,40.0116,6/14/2023,Estación punto de presa E. de Sitjar,DETERMINACION FÍSICO-QUÍMICA IN SITU,CLOROFILA A,0.81,µg/L,"0,81",0.029999999,Fluorescencia atómica,DISCRETA,15,6/9/2023,5,S2B_MSIL2A_20230609T104629_N0509_R051_T30TYK_20230609T135441,0.0677,0.08,0.0635,0.0096,0.0042,0,0,0,0,0,0.0057,0.0057,0,6,1,11.607453
JU06150028,-0.2307,40.0116,6/14/2023,Estación punto de presa E. de Sitjar,DETERMINACION FÍSICO-QUÍMICA IN SITU,CLOROFILA A,0.65,µg/L,"0,65",0.029999999,Fluorescencia atómica,DISCRETA,17,6/9/2023,5,S2B_MSIL2A_20230609T104629_N0509_R051_T30TYK_20230609T135441,0.0677,0.08,0.0635,0.0096,0.0042,0,0,0,0,0,0.0057,0.0057,0,6,1,11.607453
JU06150028,-0.2307,40.0116,6/14/2023,Estación punto de presa E. de Sitjar,DETERMINACION FÍSICO-QUÍMICA IN SITU,CLOROFILA A,0.75,µg/L,"0,75",0.029999999,Fluorescencia atómica,DISCRETA,11,6/9/2023,5,S2B_MSIL2A_20230609T104629_N0509_R051_T30TYK_20230609T135441,0.0677,0.08,0.0635,0.0096,0.0042,0,0,0,0,0,0.0057,0.0057,0,6,1,11.607453
JU06150028,-0.2307,40.0116,6/14/2023,Estación punto de presa E. de Sitjar,DETERMINACION FÍSICO-QUÍMICA IN SITU,CLOROFILA A,0.64,µg/L,"0,64",0.029999999,Fluorescencia atómica,DISCRETA,18,6/9/2023,5,S2B_MSIL2A_20230609T104629_N0509_R051_T30TYK_20230609T135441,0.0677,0.08,0.0635,0.0096,0.0042,0,0,0,0,0,0.0057,0.0057,0,6,1,11.607453
JU06150028,-0.2307,40.0116,6/14/2023,Estación punto de presa E. de Sitjar,DETERMINACION FÍSICO-QUÍMICA IN SITU,CLOROFILA A,0.37,µg/L,"0,37",0.029999999,Fluorescencia atómica,DISCRETA,5,6/9/2023,5,S2B_MSIL2A_20230609T104629_N0509_R051_T30TYK_20230609T135441,0.0677,0.08,0.0635,0.0096,0.0042,0,0,0,0,0,0.0057,0.0057,0,6,1,11.607453
JU06150028,-0.2307,40.0116,6/14/2023,Estación punto de presa E. de Sitjar,DETERMINACION FÍSICO-QUÍMICA IN SITU,CLOROFILA A,0.44,µg/L,"0,44",0.029999999,Fluorescencia atómica,DISCRETA,6,6/9/2023,5,S2B_MSIL2A_20230609T104629_N0509_R051_T30TYK_20230609T135441,0.0677,0.08,0.0635,0.0096,0.0042,0,0,0,0,0,0.0057,0.0057,0,6,1,11.607453
JU06150028,-0.2307,40.0116,6/14/2023,Estación punto de presa E. de Sitjar,DETERMINACION FÍSICO-QUÍMICA IN SITU,CLOROFILA A,0.72,µg/L,"0,72",0.029999999,Fluorescencia atómica,DISCRETA,12,6/9/2023,5,S2B_MSIL2A_20230609T104629_N0509_R051_T30TYK_20230609T135441,0.0677,0.08,0.0635,0.0096,0.0042,0,0,0,0,0,0.0057,0.0057,0,6,1,11.607453
JU06150028,-0.2307,40.0116,6/14/2023,Estación punto de presa E. de Sitjar,DETERMINACION FÍSICO-QUÍMICA IN SITU,CLOROFILA A,0.85,µg/L,"0,85",0.029999999,Fluorescencia atómica,DISCRETA,16,6/9/2023,5,S2B_MSIL2A_20230609T104629_N0509_R051_T30TYK_20230609T135441,0.0677,0.08,0.0635,0.0096,0.0042,0,0,0,0,0,0.0057,0.0057,0,6,1,11.607453
JU06150028,-0.2307,40.0116,6/14/2023,Estación punto de presa E. de Sitjar,DETERMINACION FÍSICO-QUÍMICA IN SITU,CLOROFILA A,0.31,µg/L,"0,31",0.029999999,Fluorescencia atómica,DISCRETA,0,6/9/2023,5,S2B_MSIL2A_20230609T104629_N0509_R051_T30TYK_20230609T135441,0.0677,0.08,0.0635,0.0096,0.0042,0,0,0,0,0,0.0057,0.0057,0,6,1,11.607453
JU06150028,-0.2307,40.0116,6/14/2023,Estación punto de presa E. de Sitjar,DETERMINACION FÍSICO-QUÍMICA IN SITU,CLOROFILA A,0.87,µg/L,"0,87",0.029999999,Fluorescencia atómica,DISCRETA,14,6/9/2023,5,S2B_MSIL2A_20230609T104629_N0509_R051_T30TYK_20230609T135441,0.0677,0.08,0.0635,0.0096,0.0042,0,0,0,0,0,0.0057,0.0057,0,6,1,11.607453
JU06150028,-0.2307,40.0116,6/14/2023,Estación punto de presa E. de Sitjar,DETERMINACION FÍSICO-QUÍMICA IN SITU,CLOROFILA A,0.71,µg/L,"0,71",0.029999999,Fluorescencia atómica,DISCRETA,20,6/9/2023,5,S2B_MSIL2A_20230609T104629_N0509_R051_T30TYK_20230609T135441,0.0677,0.08,0.0635,0.0096,0.0042,0,0,0,0,0,0.0057,0.0057,0,6,1,11.607453
JU06150028,-0.2307,40.0116,6/14/2023,Estación punto de presa E. de Sitjar,DETERMINACION FÍSICO-QUÍMICA IN SITU,CLOROFILA A,0.38,µg/L,"0,38",0.029999999,Fluorescencia atómica,DISCRETA,4,6/9/2023,5,S2B_MSIL2A_20230609T104629_N0509_R051_T30TYK_20230609T135441,0.0677,0.08,0.0635,0.0096,0.0042,0,0,0,0,0,0.0057,0.0057,0,6,1,11.607453
JU06150028,-0.2307,40.0116,6/14/2023,Estación punto de presa E. de Sitjar,DETERMINACION FÍSICO-QUÍMICA IN SITU,CLOROFILA A,0.67,µg/L,"0,67",0.029999999,Fluorescencia atómica,DISCRETA,10,6/9/2023,5,S2B_MSIL2A_20230609T104629_N0509_R051_T30TYK_20230609T135441,0.0677,0.08,0.0635,0.0096,0.0042,0,0,0,0,0,0.0057,0.0057,0,6,1,11.607453
JU06150028,-0.2307,40.0116,6/14/2023,Estación punto de presa E. de Sitjar,DETERMINACION FÍSICO-QUÍMICA IN SITU,CLOROFILA A,0.52,µg/L,"0,52",0.029999999,Fluorescencia atómica,DISCRETA,8,6/9/2023,5,S2B_MSIL2A_20230609T104629_N0509_R051_T30TYK_20230609T135441,0.0677,0.08,0.0635,0.0096,0.0042,0,0,0,0,0,0.0057,0.0057,0,6,1,11.607453
JU06150028,-0.2307,40.0116,6/14/2023,Estación punto de presa E. de Sitjar,TOMA DE MUESTRAS PARA LABORATORIO,SOLIDOS EN SUSPENSION,0,mg/L,<2,2,Gravimetría,INTEGRADA,-1,6/9/2023,5,S2B_MSIL2A_20230609T104629_N0509_R051_T30TYK_20230609T135441,0.0677,0.08,0.0635,0.0096,0.0042,0,0,0,0,0,0.0057,0.0057,0,6,1,11.607453
JU06150028,-0.2307,40.0116,6/14/2023,Estación punto de presa E. de Sitjar,Fitoplancton,CLOROFILA A,1.4,µg/L,"1,4",1,Espectofotometría de absorción molecular,INTEGRADA,-1,6/9/2023,5,S2B_MSIL2A_20230609T104629_N0509_R051_T30TYK_20230609T135441,0.0677,0.08,0.0635,0.0096,0.0042,0,0,0,0,0,0.0057,0.0057,0,6,1,11.607453
JU06150028,-0.2307,40.0116,6/14/2023,Estación punto de presa E. de Sitjar,DETERMINACION FÍSICO-QUÍMICA IN SITU,CLOROFILA A,0.83,µg/L,"0,83",0.029999999,Fluorescencia atómica,DISCRETA,13,6/9/2023,5,S2B_MSIL2A_20230609T104629_N0509_R051_T30TYK_20230609T135441,0.0677,0.08,0.0635,0.0096,0.0042,0,0,0,0,0,0.0057,0.0057,0,6,1,11.607453
JU06150028,-0.2307,40.0116,6/14/2023,Estación punto de presa E. de Sitjar,DETERMINACION FÍSICO-QUÍMICA IN SITU,CLOROFILA A,0.67,µg/L,"0,67",0.029999999,Fluorescencia atómica,DISCRETA,19,6/9/2023,5,S2B_MSIL2A_20230609T104629_N0509_R051_T30TYK_20230609T135441,0.0677,0.08,0.0635,0.0096,0.0042,0,0,0,0,0,0.0057,0.0057,0,6,1,11.607453
JU06150028,-0.2307,40.0116,6/14/2023,Estación punto de presa E. de Sitjar,DETERMINACION FÍSICO-QUÍMICA IN SITU,CLOROFILA A,0.32,µg/L,"0,32",0.029999999,Fluorescencia atómica,DISCRETA,1,6/9/2023,5,S2B_MSIL2A_20230609T104629_N0509_R051_T30TYK_20230609T135441,0.0677,0.08,0.0635,0.0096,0.0042,0,0,0,0,0,0.0057,0.0057,0,6,1,11.607453
JU06150028,-0.2307,40.0116,6/14/2023,Estación punto de presa E. de Sitjar,DETERMINACION FÍSICO-QUÍMICA IN SITU,CLOROFILA A,0.46,µg/L,"0,46",0.029999999,Fluorescencia atómica,DISCRETA,7,6/9/2023,5,S2B_MSIL2A_20230609T104629_N0509_R051_T30TYK_20230609T135441,0.0677,0.08,0.0635,0.0096,0.0042,0,0,0,0,0,0.0057,0.0057,0,6,1,11.607453
JU06150028,-0.2307,40.0116,6/14/2023,Estación punto de presa E. de Sitjar,DETERMINACION FÍSICO-QUÍMICA IN SITU,CLOROFILA A,0.38,µg/L,"0,38",0.029999999,Fluorescencia atómica,DISCRETA,3,6/9/2023,5,S2B_MSIL2A_20230609T104629_N0509_R051_T30TYK_20230609T135441,0.0677,0.08,0.0635,0.0096,0.0042,0,0,0,0,0,0.0057,0.0057,0,6,1,11.607453
JU06150028,-0.2307,40.0116,6/14/2023,Estación punto de presa E. de Sitjar,DETERMINACION FÍSICO-QUÍMICA IN SITU,CLOROFILA A,0.34,µg/L,"0,34",0.029999999,Fluorescencia atómica,DISCRETA,2,6/9/2023,5,S2B_MSIL2A_20230609T104629_N0509_R051_T30TYK_20230609T135441,0.0677,0.08,0.0635,0.0096,0.0042,0,0,0,0,0,0.0057,0.0057,0,6,1,11.607453
JU06150028,-0.2307,40.0116,6/14/2023,Estación punto de presa E. de Sitjar,DETERMINACION FÍSICO-QUÍMICA IN SITU,CLOROFILA A,0.63,µg/L,"0,63",0.029999999,Fluorescencia atómica,DISCRETA,9,6/9/2023,5,S2B_MSIL2A_20230609T104629_N0509_R051_T30TYK_20230609T135441,0.0677,0.08,0.0635,0.0096,0.0042,0,0,0,0,0,0.0057,0.0057,0,6,1,11.607453
JU06150028,-0.2307,40.0116,6/14/2023,Estación punto de presa E. de Sitjar,TOMA DE MUESTRAS PARA LABORATORIO,FOSFORO TOTAL,0.064,mg P/l,"0,064",0.02,Espectofotometría de absorción molecular,INTEGRADA,-1,6/9/2023,5,S2B_MSIL2A_20230609T104629_N0509_R051_T30TYK_20230609T135441,0.0677,0.08,0.0635,0.0096,0.0042,0,0,0,0,0,0.0057,0.0057,0,6,1,11.607453
JU06150028,-0.2307,40.0116,6/14/2023,Estación punto de presa E. de Sitjar,DETERMINACION FÍSICO-QUÍMICA IN SITU,Profundidad del disco de secchi,4,m,,,,INTEGRADA,-1,6/9/2023,5,S2B_MSIL2A_20230609T104629_N0509_R051_T30TYK_20230609T135441,0.0677,0.08,0.0635,0.0096,0.0042,0,0,0,0,0,0.0057,0.0057,0,6,1,11.607453
JU06160014,-0.164,40.0293,6/12/2023,Estación punto de presa E. de María Cristina,DETERMINACION FÍSICO-QUÍMICA IN SITU,CLOROFILA A,4.2,µg/L,"4,2",0.029999999,Fluorescencia atómica,DISCRETA,5.5,6/9/2023,3,S2B_MSIL2A_20230609T104629_N0509_R051_T30TYK_20230609T135441,0.0342,0.0441,0.0602,0.0251,0.0158,0.0017,0.0046,0.0046,0.0021,0.0004,0.0134,0.0115,0,6,1,11.607453
JU06160014,-0.164,40.0293,6/12/2023,Estación punto de presa E. de María Cristina,DETERMINACION FÍSICO-QUÍMICA IN SITU,CLOROFILA A,5.79,µg/L,"5,79",0.029999999,Fluorescencia atómica,DISCRETA,3.5,6/9/2023,3,S2B_MSIL2A_20230609T104629_N0509_R051_T30TYK_20230609T135441,0.0342,0.0441,0.0602,0.0251,0.0158,0.0017,0.0046,0.0046,0.0021,0.0004,0.0134,0.0115,0,6,1,11.607453
JU06160014,-0.164,40.0293,6/12/2023,Estación punto de presa E. de María Cristina,DETERMINACION FÍSICO-QUÍMICA IN SITU,CLOROFILA A,4.35,µg/L,"4,35",0.029999999,Fluorescencia atómica,DISCRETA,5,6/9/2023,3,S2B_MSIL2A_20230609T104629_N0509_R051_T30TYK_20230609T135441,0.0342,0.0441,0.0602,0.0251,0.0158,0.0017,0.0046,0.0046,0.0021,0.0004,0.0134,0.0115,0,6,1,11.607453
JU06160014,-0.164,40.0293,6/12/2023,Estación punto de presa E. de María Cristina,Fitoplancton,CLOROFILA A,6,µg/L,6,1,Espectofotometría de absorción molecular,INTEGRADA,-1,6/9/2023,3,S2B_MSIL2A_20230609T104629_N0509_R051_T30TYK_20230609T135441,0.0342,0.0441,0.0602,0.0251,0.0158,0.0017,0.0046,0.0046,0.0021,0.0004,0.0134,0.0115,0,6,1,11.607453
JU06160014,-0.164,40.0293,6/12/2023,Estación punto de presa E. de María Cristina,DETERMINACION FÍSICO-QUÍMICA IN SITU,CLOROFILA A,2.15,µg/L,"2,15",0.029999999,Fluorescencia atómica,DISCRETA,0.5,6/9/2023,3,S2B_MSIL2A_20230609T104629_N0509_R051_T30TYK_20230609T135441,0.0342,0.0441,0.0602,0.0251,0.0158,0.0017,0.0046,0.0046,0.0021,0.0004,0.0134,0.0115,0,6,1,11.607453
JU06160014,-0.164,40.0293,6/12/2023,Estación punto de presa E. de María Cristina,DETERMINACION FÍSICO-QUÍMICA IN SITU,CLOROFILA A,3.87,µg/L,"3,87",0.029999999,Fluorescencia atómica,DISCRETA,1.5,6/9/2023,3,S2B_MSIL2A_20230609T104629_N0509_R051_T30TYK_20230609T135441,0.0342,0.0441,0.0602,0.0251,0.0158,0.0017,0.0046,0.0046,0.0021,0.0004,0.0134,0.0115,0,6,1,11.607453
JU06160014,-0.164,40.0293,6/12/2023,Estación punto de presa E. de María Cristina,DETERMINACION FÍSICO-QUÍMICA IN SITU,CLOROFILA A,3.07,µg/L,"3,07",0.029999999,Fluorescencia atómica,DISCRETA,1,6/9/2023,3,S2B_MSIL2A_20230609T104629_N0509_R051_T30TYK_20230609T135441,0.0342,0.0441,0.0602,0.0251,0.0158,0.0017,0.0046,0.0046,0.0021,0.0004,0.0134,0.0115,0,6,1,11.607453
JU06160014,-0.164,40.0293,6/12/2023,Estación punto de presa E. de María Cristina,DETERMINACION FÍSICO-QUÍMICA IN SITU,CLOROFILA A,5.49,µg/L,"5,49",0.029999999,Fluorescencia atómica,DISCRETA,2.5,6/9/2023,3,S2B_MSIL2A_20230609T104629_N0509_R051_T30TYK_20230609T135441,0.0342,0.0441,0.0602,0.0251,0.0158,0.0017,0.0046,0.0046,0.0021,0.0004,0.0134,0.0115,0,6,1,11.607453
JU06160014,-0.164,40.0293,6/12/2023,Estación punto de presa E. de María Cristina,DETERMINACION FÍSICO-QUÍMICA IN SITU,CLOROFILA A,4.84,µg/L,"4,84",0.029999999,Fluorescencia atómica,DISCRETA,4.5,6/9/2023,3,S2B_MSIL2A_20230609T104629_N0509_R051_T30TYK_20230609T135441,0.0342,0.0441,0.0602,0.0251,0.0158,0.0017,0.0046,0.0046,0.0021,0.0004,0.0134,0.0115,0,6,1,11.607453
JU06160014,-0.164,40.0293,6/12/2023,Estación punto de presa E. de María Cristina,DETERMINACION FÍSICO-QUÍMICA IN SITU,CLOROFILA A,6.32,µg/L,"6,32",0.029999999,Fluorescencia atómica,DISCRETA,4,6/9/2023,3,S2B_MSIL2A_20230609T104629_N0509_R051_T30TYK_20230609T135441,0.0342,0.0441,0.0602,0.0251,0.0158,0.0017,0.0046,0.0046,0.0021,0.0004,0.0134,0.0115,0,6,1,11.607453
JU06160014,-0.164,40.0293,6/12/2023,Estación punto de presa E. de María Cristina,DETERMINACION FÍSICO-QUÍMICA IN SITU,CLOROFILA A,0,µg/L,"<0,03",0.029999999,Fluorescencia atómica,DISCRETA,0,6/9/2023,3,S2B_MSIL2A_20230609T104629_N0509_R051_T30TYK_20230609T135441,0.0342,0.0441,0.0602,0.0251,0.0158,0.0017,0.0046,0.0046,0.0021,0.0004,0.0134,0.0115,0,6,1,11.607453
JU06160014,-0.164,40.0293,6/12/2023,Estación punto de presa E. de María Cristina,DETERMINACION FÍSICO-QUÍMICA IN SITU,CLOROFILA A,4.85,µg/L,"4,85",0.029999999,Fluorescencia atómica,DISCRETA,2,6/9/2023,3,S2B_MSIL2A_20230609T104629_N0509_R051_T30TYK_20230609T135441,0.0342,0.0441,0.0602,0.0251,0.0158,0.0017,0.0046,0.0046,0.0021,0.0004,0.0134,0.0115,0,6,1,11.607453
JU06160014,-0.164,40.0293,6/12/2023,Estación punto de presa E. de María Cristina,DETERMINACION FÍSICO-QUÍMICA IN SITU,CLOROFILA A,6.14,µg/L,"6,14",0.029999999,Fluorescencia atómica,DISCRETA,3,6/9/2023,3,S2B_MSIL2A_20230609T104629_N0509_R051_T30TYK_20230609T135441,0.0342,0.0441,0.0602,0.0251,0.0158,0.0017,0.0046,0.0046,0.0021,0.0004,0.0134,0.0115,0,6,1,11.607453
JU06160014,-0.164,40.0293,6/12/2023,Estación punto de presa E. de María Cristina,TOMA DE MUESTRAS PARA LABORATORIO,SOLIDOS EN SUSPENSION,7.1,mg/L,"7,1",2,Gravimetría,INTEGRADA,-1,6/9/2023,3,S2B_MSIL2A_20230609T104629_N0509_R051_T30TYK_20230609T135441,0.0342,0.0441,0.0602,0.0251,0.0158,0.0017,0.0046,0.0046,0.0021,0.0004,0.0134,0.0115,0,6,1,11.607453
JU06160014,-0.164,40.0293,6/12/2023,Estación punto de presa E. de María Cristina,TOMA DE MUESTRAS PARA LABORATORIO,FOSFORO TOTAL,0.02,mg P/l,"0,02",0.02,Espectofotometría de absorción molecular,INTEGRADA,-1,6/9/2023,3,S2B_MSIL2A_20230609T104629_N0509_R051_T30TYK_20230609T135441,0.0342,0.0441,0.0602,0.0251,0.0158,0.0017,0.0046,0.0046,0.0021,0.0004,0.0134,0.0115,0,6,1,11.607453
JU06160014,-0.164,40.0293,6/12/2023,Estación punto de presa E. de María Cristina,DETERMINACION FÍSICO-QUÍMICA IN SITU,Profundidad del disco de secchi,1.200000048,m,,,,INTEGRADA,-1,6/9/2023,3,S2B_MSIL2A_20230609T104629_N0509_R051_T30TYK_20230609T135441,0.0342,0.0441,0.0602,0.0251,0.0158,0.0017,0.0046,0.0046,0.0021,0.0004,0.0134,0.0115,0,6,1,11.607453
JU06660017,-1.0992,39.7301,6/12/2023,Estación punto de presa E. de Benagéber,DETERMINACION FÍSICO-QUÍMICA IN SITU,CLOROFILA A,0.82,µg/L,"0,82",0.029999999,Fluorescencia atómica,DISCRETA,10,6/14/2023,2,S2A_MSIL2A_20230614T105031_N0509_R051_T30SXJ_20230614T163601,0.0653,0.0606,0.0565,0.0344,0.032,0.0272,0.0262,0.025,0.0266,0.0208,0.0326,0.0286,0,6,1,27.225411
JU06660017,-1.0992,39.7301,6/12/2023,Estación punto de presa E. de Benagéber,DETERMINACION FÍSICO-QUÍMICA IN SITU,CLOROFILA A,1.09,µg/L,"1,09",0.029999999,Fluorescencia atómica,DISCRETA,26,6/14/2023,2,S2A_MSIL2A_20230614T105031_N0509_R051_T30SXJ_20230614T163601,0.0653,0.0606,0.0565,0.0344,0.032,0.0272,0.0262,0.025,0.0266,0.0208,0.0326,0.0286,0,6,1,27.225411
JU06660017,-1.0992,39.7301,6/12/2023,Estación punto de presa E. de Benagéber,DETERMINACION FÍSICO-QUÍMICA IN SITU,CLOROFILA A,0.54,µg/L,"0,54",0.029999999,Fluorescencia atómica,DISCRETA,3,6/14/2023,2,S2A_MSIL2A_20230614T105031_N0509_R051_T30SXJ_20230614T163601,0.0653,0.0606,0.0565,0.0344,0.032,0.0272,0.0262,0.025,0.0266,0.0208,0.0326,0.0286,0,6,1,27.225411
JU06660017,-1.0992,39.7301,6/12/2023,Estación punto de presa E. de Benagéber,DETERMINACION FÍSICO-QUÍMICA IN SITU,CLOROFILA A,0.93,µg/L,"0,93",0.029999999,Fluorescencia atómica,DISCRETA,11,6/14/2023,2,S2A_MSIL2A_20230614T105031_N0509_R051_T30SXJ_20230614T163601,0.0653,0.0606,0.0565,0.0344,0.032,0.0272,0.0262,0.025,0.0266,0.0208,0.0326,0.0286,0,6,1,27.225411
JU06660017,-1.0992,39.7301,6/12/2023,Estación punto de presa E. de Benagéber,DETERMINACION FÍSICO-QUÍMICA IN SITU,CLOROFILA A,0.94,µg/L,"0,94",0.029999999,Fluorescencia atómica,DISCRETA,15,6/14/2023,2,S2A_MSIL2A_20230614T105031_N0509_R051_T30SXJ_20230614T163601,0.0653,0.0606,0.0565,0.0344,0.032,0.0272,0.0262,0.025,0.0266,0.0208,0.0326,0.0286,0,6,1,27.225411
JU06660017,-1.0992,39.7301,6/12/2023,Estación punto de presa E. de Benagéber,DETERMINACION FÍSICO-QUÍMICA IN SITU,CLOROFILA A,0.95,µg/L,"0,95",0.029999999,Fluorescencia atómica,DISCRETA,17,6/14/2023,2,S2A_MSIL2A_20230614T105031_N0509_R051_T30SXJ_20230614T163601,0.0653,0.0606,0.0565,0.0344,0.032,0.0272,0.0262,0.025,0.0266,0.0208,0.0326,0.0286,0,6,1,27.225411
JU06660017,-1.0992,39.7301,6/12/2023,Estación punto de presa E. de Benagéber,DETERMINACION FÍSICO-QUÍMICA IN SITU,CLOROFILA A,0.93,µg/L,"0,93",0.029999999,Fluorescencia atómica,DISCRETA,18,6/14/2023,2,S2A_MSIL2A_20230614T105031_N0509_R051_T30SXJ_20230614T163601,0.0653,0.0606,0.0565,0.0344,0.032,0.0272,0.0262,0.025,0.0266,0.0208,0.0326,0.0286,0,6,1,27.225411
JU06660017,-1.0992,39.7301,6/12/2023,Estación punto de presa E. de Benagéber,DETERMINACION FÍSICO-QUÍMICA IN SITU,CLOROFILA A,1.29,µg/L,"1,29",0.029999999,Fluorescencia atómica,DISCRETA,23,6/14/2023,2,S2A_MSIL2A_20230614T105031_N0509_R051_T30SXJ_20230614T163601,0.0653,0.0606,0.0565,0.0344,0.032,0.0272,0.0262,0.025,0.0266,0.0208,0.0326,0.0286,0,6,1,27.225411
JU06660017,-1.0992,39.7301,6/12/2023,Estación punto de presa E. de Benagéber,DETERMINACION FÍSICO-QUÍMICA IN SITU,CLOROFILA A,0.47,µg/L,"0,47",0.029999999,Fluorescencia atómica,DISCRETA,2,6/14/2023,2,S2A_MSIL2A_20230614T105031_N0509_R051_T30SXJ_20230614T163601,0.0653,0.0606,0.0565,0.0344,0.032,0.0272,0.0262,0.025,0.0266,0.0208,0.0326,0.0286,0,6,1,27.225411
JU06660017,-1.0992,39.7301,6/12/2023,Estación punto de presa E. de Benagéber,DETERMINACION FÍSICO-QUÍMICA IN SITU,CLOROFILA A,0.42,µg/L,"0,42",0.029999999,Fluorescencia atómica,DISCRETA,38,6/14/2023,2,S2A_MSIL2A_20230614T105031_N0509_R051_T30SXJ_20230614T163601,0.0653,0.0606,0.0565,0.0344,0.032,0.0272,0.0262,0.025,0.0266,0.0208,0.0326,0.0286,0,6,1,27.225411
JU06660017,-1.0992,39.7301,6/12/2023,Estación punto de presa E. de Benagéber,DETERMINACION FÍSICO-QUÍMICA IN SITU,CLOROFILA A,0.43,µg/L,"0,43",0.029999999,Fluorescencia atómica,DISCRETA,41,6/14/2023,2,S2A_MSIL2A_20230614T105031_N0509_R051_T30SXJ_20230614T163601,0.0653,0.0606,0.0565,0.0344,0.032,0.0272,0.0262,0.025,0.0266,0.0208,0.0326,0.0286,0,6,1,27.225411
JU06660017,-1.0992,39.7301,6/12/2023,Estación punto de presa E. de Benagéber,DETERMINACION FÍSICO-QUÍMICA IN SITU,CLOROFILA A,0.39,µg/L,"0,39",0.029999999,Fluorescencia atómica,DISCRETA,47,6/14/2023,2,S2A_MSIL2A_20230614T105031_N0509_R051_T30SXJ_20230614T163601,0.0653,0.0606,0.0565,0.0344,0.032,0.0272,0.0262,0.025,0.0266,0.0208,0.0326,0.0286,0,6,1,27.225411
JU06660017,-1.0992,39.7301,6/12/2023,Estación punto de presa E. de Benagéber,DETERMINACION FÍSICO-QUÍMICA IN SITU,CLOROFILA A,0.32,µg/L,"0,32",0.029999999,Fluorescencia atómica,DISCRETA,63,6/14/2023,2,S2A_MSIL2A_20230614T105031_N0509_R051_T30SXJ_20230614T163601,0.0653,0.0606,0.0565,0.0344,0.032,0.0272,0.0262,0.025,0.0266,0.0208,0.0326,0.0286,0,6,1,27.225411
JU06660017,-1.0992,39.7301,6/12/2023,Estación punto de presa E. de Benagéber,DETERMINACION FÍSICO-QUÍMICA IN SITU,CLOROFILA A,0.99,µg/L,"0,99",0.029999999,Fluorescencia atómica,DISCRETA,19,6/14/2023,2,S2A_MSIL2A_20230614T105031_N0509_R051_T30SXJ_20230614T163601,0.0653,0.0606,0.0565,0.0344,0.032,0.0272,0.0262,0.025,0.0266,0.0208,0.0326,0.0286,0,6,1,27.225411
JU06660017,-1.0992,39.7301,6/12/2023,Estación punto de presa E. de Benagéber,DETERMINACION FÍSICO-QUÍMICA IN SITU,CLOROFILA A,0.5,µg/L,"0,5",0.029999999,Fluorescencia atómica,DISCRETA,29,6/14/2023,2,S2A_MSIL2A_20230614T105031_N0509_R051_T30SXJ_20230614T163601,0.0653,0.0606,0.0565,0.0344,0.032,0.0272,0.0262,0.025,0.0266,0.0208,0.0326,0.0286,0,6,1,27.225411
JU06660017,-1.0992,39.7301,6/12/2023,Estación punto de presa E. de Benagéber,DETERMINACION FÍSICO-QUÍMICA IN SITU,CLOROFILA A,0.49,µg/L,"0,49",0.029999999,Fluorescencia atómica,DISCRETA,32,6/14/2023,2,S2A_MSIL2A_20230614T105031_N0509_R051_T30SXJ_20230614T163601,0.0653,0.0606,0.0565,0.0344,0.032,0.0272,0.0262,0.025,0.0266,0.0208,0.0326,0.0286,0,6,1,27.225411
JU06660017,-1.0992,39.7301,6/12/2023,Estación punto de presa E. de Benagéber,DETERMINACION FÍSICO-QUÍMICA IN SITU,CLOROFILA A,0.42,µg/L,"0,42",0.029999999,Fluorescencia atómica,DISCRETA,33,6/14/2023,2,S2A_MSIL2A_20230614T105031_N0509_R051_T30SXJ_20230614T163601,0.0653,0.0606,0.0565,0.0344,0.032,0.0272,0.0262,0.025,0.0266,0.0208,0.0326,0.0286,0,6,1,27.225411
JU06660017,-1.0992,39.7301,6/12/2023,Estación punto de presa E. de Benagéber,DETERMINACION FÍSICO-QUÍMICA IN SITU,CLOROFILA A,0.48,µg/L,"0,48",0.029999999,Fluorescencia atómica,DISCRETA,36,6/14/2023,2,S2A_MSIL2A_20230614T105031_N0509_R051_T30SXJ_20230614T163601,0.0653,0.0606,0.0565,0.0344,0.032,0.0272,0.0262,0.025,0.0266,0.0208,0.0326,0.0286,0,6,1,27.225411
JU06660017,-1.0992,39.7301,6/12/2023,Estación punto de presa E. de Benagéber,DETERMINACION FÍSICO-QUÍMICA IN SITU,CLOROFILA A,0.47,µg/L,"0,47",0.029999999,Fluorescencia atómica,DISCRETA,40,6/14/2023,2,S2A_MSIL2A_20230614T105031_N0509_R051_T30SXJ_20230614T163601,0.0653,0.0606,0.0565,0.0344,0.032,0.0272,0.0262,0.025,0.0266,0.0208,0.0326,0.0286,0,6,1,27.225411
JU06660017,-1.0992,39.7301,6/12/2023,Estación punto de presa E. de Benagéber,DETERMINACION FÍSICO-QUÍMICA IN SITU,CLOROFILA A,0.4,µg/L,"0,4",0.029999999,Fluorescencia atómica,DISCRETA,46,6/14/2023,2,S2A_MSIL2A_20230614T105031_N0509_R051_T30SXJ_20230614T163601,0.0653,0.0606,0.0565,0.0344,0.032,0.0272,0.0262,0.025,0.0266,0.0208,0.0326,0.0286,0,6,1,27.225411
JU06660017,-1.0992,39.7301,6/12/2023,Estación punto de presa E. de Benagéber,DETERMINACION FÍSICO-QUÍMICA IN SITU,CLOROFILA A,0.63,µg/L,"0,63",0.029999999,Fluorescencia atómica,DISCRETA,4,6/14/2023,2,S2A_MSIL2A_20230614T105031_N0509_R051_T30SXJ_20230614T163601,0.0653,0.0606,0.0565,0.0344,0.032,0.0272,0.0262,0.025,0.0266,0.0208,0.0326,0.0286,0,6,1,27.225411
JU06660017,-1.0992,39.7301,6/12/2023,Estación punto de presa E. de Benagéber,DETERMINACION FÍSICO-QUÍMICA IN SITU,CLOROFILA A,0.33,µg/L,"0,33",0.029999999,Fluorescencia atómica,DISCRETA,54,6/14/2023,2,S2A_MSIL2A_20230614T105031_N0509_R051_T30SXJ_20230614T163601,0.0653,0.0606,0.0565,0.0344,0.032,0.0272,0.0262,0.025,0.0266,0.0208,0.0326,0.0286,0,6,1,27.225411
JU06660017,-1.0992,39.7301,6/12/2023,Estación punto de presa E. de Benagéber,DETERMINACION FÍSICO-QUÍMICA IN SITU,CLOROFILA A,0.35,µg/L,"0,35",0.029999999,Fluorescencia atómica,DISCRETA,58,6/14/2023,2,S2A_MSIL2A_20230614T105031_N0509_R051_T30SXJ_20230614T163601,0.0653,0.0606,0.0565,0.0344,0.032,0.0272,0.0262,0.025,0.0266,0.0208,0.0326,0.0286,0,6,1,27.225411
JU06660017,-1.0992,39.7301,6/12/2023,Estación punto de presa E. de Benagéber,DETERMINACION FÍSICO-QUÍMICA IN SITU,CLOROFILA A,1.2,µg/L,"1,2",0.029999999,Fluorescencia atómica,DISCRETA,7,6/14/2023,2,S2A_MSIL2A_20230614T105031_N0509_R051_T30SXJ_20230614T163601,0.0653,0.0606,0.0565,0.0344,0.032,0.0272,0.0262,0.025,0.0266,0.0208,0.0326,0.0286,0,6,1,27.225411
JU06660017,-1.0992,39.7301,6/12/2023,Estación punto de presa E. de Benagéber,DETERMINACION FÍSICO-QUÍMICA IN SITU,CLOROFILA A,0.97,µg/L,"0,97",0.029999999,Fluorescencia atómica,DISCRETA,14,6/14/2023,2,S2A_MSIL2A_20230614T105031_N0509_R051_T30SXJ_20230614T163601,0.0653,0.0606,0.0565,0.0344,0.032,0.0272,0.0262,0.025,0.0266,0.0208,0.0326,0.0286,0,6,1,27.225411
JU06660017,-1.0992,39.7301,6/12/2023,Estación punto de presa E. de Benagéber,DETERMINACION FÍSICO-QUÍMICA IN SITU,CLOROFILA A,1.14,µg/L,"1,14",0.029999999,Fluorescencia atómica,DISCRETA,22,6/14/2023,2,S2A_MSIL2A_20230614T105031_N0509_R051_T30SXJ_20230614T163601,0.0653,0.0606,0.0565,0.0344,0.032,0.0272,0.0262,0.025,0.0266,0.0208,0.0326,0.0286,0,6,1,27.225411
JU06660017,-1.0992,39.7301,6/12/2023,Estación punto de presa E. de Benagéber,DETERMINACION FÍSICO-QUÍMICA IN SITU,CLOROFILA A,1.38,µg/L,"1,38",0.029999999,Fluorescencia atómica,DISCRETA,25,6/14/2023,2,S2A_MSIL2A_20230614T105031_N0509_R051_T30SXJ_20230614T163601,0.0653,0.0606,0.0565,0.0344,0.032,0.0272,0.0262,0.025,0.0266,0.0208,0.0326,0.0286,0,6,1,27.225411
JU06660017,-1.0992,39.7301,6/12/2023,Estación punto de presa E. de Benagéber,DETERMINACION FÍSICO-QUÍMICA IN SITU,CLOROFILA A,0.49,µg/L,"0,49",0.029999999,Fluorescencia atómica,DISCRETA,31,6/14/2023,2,S2A_MSIL2A_20230614T105031_N0509_R051_T30SXJ_20230614T163601,0.0653,0.0606,0.0565,0.0344,0.032,0.0272,0.0262,0.025,0.0266,0.0208,0.0326,0.0286,0,6,1,27.225411
JU06660017,-1.0992,39.7301,6/12/2023,Estación punto de presa E. de Benagéber,DETERMINACION FÍSICO-QUÍMICA IN SITU,CLOROFILA A,0.43,µg/L,"0,43",0.029999999,Fluorescencia atómica,DISCRETA,48,6/14/2023,2,S2A_MSIL2A_20230614T105031_N0509_R051_T30SXJ_20230614T163601,0.0653,0.0606,0.0565,0.0344,0.032,0.0272,0.0262,0.025,0.0266,0.0208,0.0326,0.0286,0,6,1,27.225411
JU06660017,-1.0992,39.7301,6/12/2023,Estación punto de presa E. de Benagéber,DETERMINACION FÍSICO-QUÍMICA IN SITU,CLOROFILA A,0.33,µg/L,"0,33",0.029999999,Fluorescencia atómica,DISCRETA,57,6/14/2023,2,S2A_MSIL2A_20230614T105031_N0509_R051_T30SXJ_20230614T163601,0.0653,0.0606,0.0565,0.0344,0.032,0.0272,0.0262,0.025,0.0266,0.0208,0.0326,0.0286,0,6,1,27.225411
JU06660017,-1.0992,39.7301,6/12/2023,Estación punto de presa E. de Benagéber,DETERMINACION FÍSICO-QUÍMICA IN SITU,CLOROFILA A,0.97,µg/L,"0,97",0.029999999,Fluorescencia atómica,DISCRETA,16,6/14/2023,2,S2A_MSIL2A_20230614T105031_N0509_R051_T30SXJ_20230614T163601,0.0653,0.0606,0.0565,0.0344,0.032,0.0272,0.0262,0.025,0.0266,0.0208,0.0326,0.0286,0,6,1,27.225411
JU06660017,-1.0992,39.7301,6/12/2023,Estación punto de presa E. de Benagéber,DETERMINACION FÍSICO-QUÍMICA IN SITU,CLOROFILA A,1.04,µg/L,"1,04",0.029999999,Fluorescencia atómica,DISCRETA,20,6/14/2023,2,S2A_MSIL2A_20230614T105031_N0509_R051_T30SXJ_20230614T163601,0.0653,0.0606,0.0565,0.0344,0.032,0.0272,0.0262,0.025,0.0266,0.0208,0.0326,0.0286,0,6,1,27.225411
JU06660017,-1.0992,39.7301,6/12/2023,Estación punto de presa E. de Benagéber,DETERMINACION FÍSICO-QUÍMICA IN SITU,CLOROFILA A,1.04,µg/L,"1,04",0.029999999,Fluorescencia atómica,DISCRETA,21,6/14/2023,2,S2A_MSIL2A_20230614T105031_N0509_R051_T30SXJ_20230614T163601,0.0653,0.0606,0.0565,0.0344,0.032,0.0272,0.0262,0.025,0.0266,0.0208,0.0326,0.0286,0,6,1,27.225411
JU06660017,-1.0992,39.7301,6/12/2023,Estación punto de presa E. de Benagéber,DETERMINACION FÍSICO-QUÍMICA IN SITU,CLOROFILA A,0.42,µg/L,"0,42",0.029999999,Fluorescencia atómica,DISCRETA,49,6/14/2023,2,S2A_MSIL2A_20230614T105031_N0509_R051_T30SXJ_20230614T163601,0.0653,0.0606,0.0565,0.0344,0.032,0.0272,0.0262,0.025,0.0266,0.0208,0.0326,0.0286,0,6,1,27.225411
JU06660017,-1.0992,39.7301,6/12/2023,Estación punto de presa E. de Benagéber,DETERMINACION FÍSICO-QUÍMICA IN SITU,CLOROFILA A,0.38,µg/L,"0,38",0.029999999,Fluorescencia atómica,DISCRETA,50,6/14/2023,2,S2A_MSIL2A_20230614T105031_N0509_R051_T30SXJ_20230614T163601,0.0653,0.0606,0.0565,0.0344,0.032,0.0272,0.0262,0.025,0.0266,0.0208,0.0326,0.0286,0,6,1,27.225411
JU06660017,-1.0992,39.7301,6/12/2023,Estación punto de presa E. de Benagéber,DETERMINACION FÍSICO-QUÍMICA IN SITU,CLOROFILA A,0.33,µg/L,"0,33",0.029999999,Fluorescencia atómica,DISCRETA,56,6/14/2023,2,S2A_MSIL2A_20230614T105031_N0509_R051_T30SXJ_20230614T163601,0.0653,0.0606,0.0565,0.0344,0.032,0.0272,0.0262,0.025,0.0266,0.0208,0.0326,0.0286,0,6,1,27.225411
JU06660017,-1.0992,39.7301,6/12/2023,Estación punto de presa E. de Benagéber,DETERMINACION FÍSICO-QUÍMICA IN SITU,CLOROFILA A,0.34,µg/L,"0,34",0.029999999,Fluorescencia atómica,DISCRETA,59,6/14/2023,2,S2A_MSIL2A_20230614T105031_N0509_R051_T30SXJ_20230614T163601,0.0653,0.0606,0.0565,0.0344,0.032,0.0272,0.0262,0.025,0.0266,0.0208,0.0326,0.0286,0,6,1,27.225411
JU06660017,-1.0992,39.7301,6/12/2023,Estación punto de presa E. de Benagéber,DETERMINACION FÍSICO-QUÍMICA IN SITU,CLOROFILA A,0.73,µg/L,"0,73",0.029999999,Fluorescencia atómica,DISCRETA,5,6/14/2023,2,S2A_MSIL2A_20230614T105031_N0509_R051_T30SXJ_20230614T163601,0.0653,0.0606,0.0565,0.0344,0.032,0.0272,0.0262,0.025,0.0266,0.0208,0.0326,0.0286,0,6,1,27.225411
JU06660017,-1.0992,39.7301,6/12/2023,Estación punto de presa E. de Benagéber,DETERMINACION FÍSICO-QUÍMICA IN SITU,CLOROFILA A,0.31,µg/L,"0,31",0.029999999,Fluorescencia atómica,DISCRETA,60,6/14/2023,2,S2A_MSIL2A_20230614T105031_N0509_R051_T30SXJ_20230614T163601,0.0653,0.0606,0.0565,0.0344,0.032,0.0272,0.0262,0.025,0.0266,0.0208,0.0326,0.0286,0,6,1,27.225411
JU06660017,-1.0992,39.7301,6/12/2023,Estación punto de presa E. de Benagéber,DETERMINACION FÍSICO-QUÍMICA IN SITU,CLOROFILA A,0.3,µg/L,"0,3",0.029999999,Fluorescencia atómica,DISCRETA,61,6/14/2023,2,S2A_MSIL2A_20230614T105031_N0509_R051_T30SXJ_20230614T163601,0.0653,0.0606,0.0565,0.0344,0.032,0.0272,0.0262,0.025,0.0266,0.0208,0.0326,0.0286,0,6,1,27.225411
JU06660017,-1.0992,39.7301,6/12/2023,Estación punto de presa E. de Benagéber,DETERMINACION FÍSICO-QUÍMICA IN SITU,CLOROFILA A,0.33,µg/L,"0,33",0.029999999,Fluorescencia atómica,DISCRETA,0,6/14/2023,2,S2A_MSIL2A_20230614T105031_N0509_R051_T30SXJ_20230614T163601,0.0653,0.0606,0.0565,0.0344,0.032,0.0272,0.0262,0.025,0.0266,0.0208,0.0326,0.0286,0,6,1,27.225411
JU06660017,-1.0992,39.7301,6/12/2023,Estación punto de presa E. de Benagéber,DETERMINACION FÍSICO-QUÍMICA IN SITU,CLOROFILA A,0.54,µg/L,"0,54",0.029999999,Fluorescencia atómica,DISCRETA,34,6/14/2023,2,S2A_MSIL2A_20230614T105031_N0509_R051_T30SXJ_20230614T163601,0.0653,0.0606,0.0565,0.0344,0.032,0.0272,0.0262,0.025,0.0266,0.0208,0.0326,0.0286,0,6,1,27.225411
JU06660017,-1.0992,39.7301,6/12/2023,Estación punto de presa E. de Benagéber,DETERMINACION FÍSICO-QUÍMICA IN SITU,CLOROFILA A,0.52,µg/L,"0,52",0.029999999,Fluorescencia atómica,DISCRETA,37,6/14/2023,2,S2A_MSIL2A_20230614T105031_N0509_R051_T30SXJ_20230614T163601,0.0653,0.0606,0.0565,0.0344,0.032,0.0272,0.0262,0.025,0.0266,0.0208,0.0326,0.0286,0,6,1,27.225411
JU06660017,-1.0992,39.7301,6/12/2023,Estación punto de presa E. de Benagéber,DETERMINACION FÍSICO-QUÍMICA IN SITU,CLOROFILA A,0.39,µg/L,"0,39",0.029999999,Fluorescencia atómica,DISCRETA,45,6/14/2023,2,S2A_MSIL2A_20230614T105031_N0509_R051_T30SXJ_20230614T163601,0.0653,0.0606,0.0565,0.0344,0.032,0.0272,0.0262,0.025,0.0266,0.0208,0.0326,0.0286,0,6,1,27.225411
JU06660017,-1.0992,39.7301,6/12/2023,Estación punto de presa E. de Benagéber,DETERMINACION FÍSICO-QUÍMICA IN SITU,CLOROFILA A,0.39,µg/L,"0,39",0.029999999,Fluorescencia atómica,DISCRETA,64,6/14/2023,2,S2A_MSIL2A_20230614T105031_N0509_R051_T30SXJ_20230614T163601,0.0653,0.0606,0.0565,0.0344,0.032,0.0272,0.0262,0.025,0.0266,0.0208,0.0326,0.0286,0,6,1,27.225411
JU06660017,-1.0992,39.7301,6/12/2023,Estación punto de presa E. de Benagéber,TOMA DE MUESTRAS PARA LABORATORIO,SOLIDOS EN SUSPENSION,4.4,mg/L,"4,4",2,Gravimetría,INTEGRADA,-1,6/14/2023,2,S2A_MSIL2A_20230614T105031_N0509_R051_T30SXJ_20230614T163601,0.0653,0.0606,0.0565,0.0344,0.032,0.0272,0.0262,0.025,0.0266,0.0208,0.0326,0.0286,0,6,1,27.225411
JU06660017,-1.0992,39.7301,6/12/2023,Estación punto de presa E. de Benagéber,DETERMINACION FÍSICO-QUÍMICA IN SITU,CLOROFILA A,0.49,µg/L,"0,49",0.029999999,Fluorescencia atómica,DISCRETA,1,6/14/2023,2,S2A_MSIL2A_20230614T105031_N0509_R051_T30SXJ_20230614T163601,0.0653,0.0606,0.0565,0.0344,0.032,0.0272,0.0262,0.025,0.0266,0.0208,0.0326,0.0286,0,6,1,27.225411
JU06660017,-1.0992,39.7301,6/12/2023,Estación punto de presa E. de Benagéber,DETERMINACION FÍSICO-QUÍMICA IN SITU,CLOROFILA A,0.54,µg/L,"0,54",0.029999999,Fluorescencia atómica,DISCRETA,28,6/14/2023,2,S2A_MSIL2A_20230614T105031_N0509_R051_T30SXJ_20230614T163601,0.0653,0.0606,0.0565,0.0344,0.032,0.0272,0.0262,0.025,0.0266,0.0208,0.0326,0.0286,0,6,1,27.225411
JU06660017,-1.0992,39.7301,6/12/2023,Estación punto de presa E. de Benagéber,DETERMINACION FÍSICO-QUÍMICA IN SITU,CLOROFILA A,0.32,µg/L,"0,32",0.029999999,Fluorescencia atómica,DISCRETA,52,6/14/2023,2,S2A_MSIL2A_20230614T105031_N0509_R051_T30SXJ_20230614T163601,0.0653,0.0606,0.0565,0.0344,0.032,0.0272,0.0262,0.025,0.0266,0.0208,0.0326,0.0286,0,6,1,27.225411
JU06660017,-1.0992,39.7301,6/12/2023,Estación punto de presa E. de Benagéber,DETERMINACION FÍSICO-QUÍMICA IN SITU,CLOROFILA A,1.2,µg/L,"1,2",0.029999999,Fluorescencia atómica,DISCRETA,8,6/14/2023,2,S2A_MSIL2A_20230614T105031_N0509_R051_T30SXJ_20230614T163601,0.0653,0.0606,0.0565,0.0344,0.032,0.0272,0.0262,0.025,0.0266,0.0208,0.0326,0.0286,0,6,1,27.225411
JU06660017,-1.0992,39.7301,6/12/2023,Estación punto de presa E. de Benagéber,DETERMINACION FÍSICO-QUÍMICA IN SITU,CLOROFILA A,0.98,µg/L,"0,98",0.029999999,Fluorescencia atómica,DISCRETA,12,6/14/2023,2,S2A_MSIL2A_20230614T105031_N0509_R051_T30SXJ_20230614T163601,0.0653,0.0606,0.0565,0.0344,0.032,0.0272,0.0262,0.025,0.0266,0.0208,0.0326,0.0286,0,6,1,27.225411
JU06660017,-1.0992,39.7301,6/12/2023,Estación punto de presa E. de Benagéber,DETERMINACION FÍSICO-QUÍMICA IN SITU,CLOROFILA A,0.95,µg/L,"0,95",0.029999999,Fluorescencia atómica,DISCRETA,13,6/14/2023,2,S2A_MSIL2A_20230614T105031_N0509_R051_T30SXJ_20230614T163601,0.0653,0.0606,0.0565,0.0344,0.032,0.0272,0.0262,0.025,0.0266,0.0208,0.0326,0.0286,0,6,1,27.225411
JU06660017,-1.0992,39.7301,6/12/2023,Estación punto de presa E. de Benagéber,DETERMINACION FÍSICO-QUÍMICA IN SITU,CLOROFILA A,1.33,µg/L,"1,33",0.029999999,Fluorescencia atómica,DISCRETA,24,6/14/2023,2,S2A_MSIL2A_20230614T105031_N0509_R051_T30SXJ_20230614T163601,0.0653,0.0606,0.0565,0.0344,0.032,0.0272,0.0262,0.025,0.0266,0.0208,0.0326,0.0286,0,6,1,27.225411
JU06660017,-1.0992,39.7301,6/12/2023,Estación punto de presa E. de Benagéber,DETERMINACION FÍSICO-QUÍMICA IN SITU,CLOROFILA A,0.86,µg/L,"0,86",0.029999999,Fluorescencia atómica,DISCRETA,27,6/14/2023,2,S2A_MSIL2A_20230614T105031_N0509_R051_T30SXJ_20230614T163601,0.0653,0.0606,0.0565,0.0344,0.032,0.0272,0.0262,0.025,0.0266,0.0208,0.0326,0.0286,0,6,1,27.225411
JU06660017,-1.0992,39.7301,6/12/2023,Estación punto de presa E. de Benagéber,DETERMINACION FÍSICO-QUÍMICA IN SITU,CLOROFILA A,0.45,µg/L,"0,45",0.029999999,Fluorescencia atómica,DISCRETA,30,6/14/2023,2,S2A_MSIL2A_20230614T105031_N0509_R051_T30SXJ_20230614T163601,0.0653,0.0606,0.0565,0.0344,0.032,0.0272,0.0262,0.025,0.0266,0.0208,0.0326,0.0286,0,6,1,27.225411
JU06660017,-1.0992,39.7301,6/12/2023,Estación punto de presa E. de Benagéber,DETERMINACION FÍSICO-QUÍMICA IN SITU,CLOROFILA A,0.44,µg/L,"0,44",0.029999999,Fluorescencia atómica,DISCRETA,35,6/14/2023,2,S2A_MSIL2A_20230614T105031_N0509_R051_T30SXJ_20230614T163601,0.0653,0.0606,0.0565,0.0344,0.032,0.0272,0.0262,0.025,0.0266,0.0208,0.0326,0.0286,0,6,1,27.225411
JU06660017,-1.0992,39.7301,6/12/2023,Estación punto de presa E. de Benagéber,DETERMINACION FÍSICO-QUÍMICA IN SITU,CLOROFILA A,0.43,µg/L,"0,43",0.029999999,Fluorescencia atómica,DISCRETA,39,6/14/2023,2,S2A_MSIL2A_20230614T105031_N0509_R051_T30SXJ_20230614T163601,0.0653,0.0606,0.0565,0.0344,0.032,0.0272,0.0262,0.025,0.0266,0.0208,0.0326,0.0286,0,6,1,27.225411
JU06660017,-1.0992,39.7301,6/12/2023,Estación punto de presa E. de Benagéber,DETERMINACION FÍSICO-QUÍMICA IN SITU,CLOROFILA A,0.41,µg/L,"0,41",0.029999999,Fluorescencia atómica,DISCRETA,42,6/14/2023,2,S2A_MSIL2A_20230614T105031_N0509_R051_T30SXJ_20230614T163601,0.0653,0.0606,0.0565,0.0344,0.032,0.0272,0.0262,0.025,0.0266,0.0208,0.0326,0.0286,0,6,1,27.225411
JU06660017,-1.0992,39.7301,6/12/2023,Estación punto de presa E. de Benagéber,DETERMINACION FÍSICO-QUÍMICA IN SITU,CLOROFILA A,0.35,µg/L,"0,35",0.029999999,Fluorescencia atómica,DISCRETA,51,6/14/2023,2,S2A_MSIL2A_20230614T105031_N0509_R051_T30SXJ_20230614T163601,0.0653,0.0606,0.0565,0.0344,0.032,0.0272,0.0262,0.025,0.0266,0.0208,0.0326,0.0286,0,6,1,27.225411
JU06660017,-1.0992,39.7301,6/12/2023,Estación punto de presa E. de Benagéber,DETERMINACION FÍSICO-QUÍMICA IN SITU,CLOROFILA A,0.39,µg/L,"0,39",0.029999999,Fluorescencia atómica,DISCRETA,55,6/14/2023,2,S2A_MSIL2A_20230614T105031_N0509_R051_T30SXJ_20230614T163601,0.0653,0.0606,0.0565,0.0344,0.032,0.0272,0.0262,0.025,0.0266,0.0208,0.0326,0.0286,0,6,1,27.225411
JU06660017,-1.0992,39.7301,6/12/2023,Estación punto de presa E. de Benagéber,DETERMINACION FÍSICO-QUÍMICA IN SITU,CLOROFILA A,0.33,µg/L,"0,33",0.029999999,Fluorescencia atómica,DISCRETA,62,6/14/2023,2,S2A_MSIL2A_20230614T105031_N0509_R051_T30SXJ_20230614T163601,0.0653,0.0606,0.0565,0.0344,0.032,0.0272,0.0262,0.025,0.0266,0.0208,0.0326,0.0286,0,6,1,27.225411
JU06660017,-1.0992,39.7301,6/12/2023,Estación punto de presa E. de Benagéber,DETERMINACION FÍSICO-QUÍMICA IN SITU,CLOROFILA A,0.97,µg/L,"0,97",0.029999999,Fluorescencia atómica,DISCRETA,6,6/14/2023,2,S2A_MSIL2A_20230614T105031_N0509_R051_T30SXJ_20230614T163601,0.0653,0.0606,0.0565,0.0344,0.032,0.0272,0.0262,0.025,0.0266,0.0208,0.0326,0.0286,0,6,1,27.225411
JU06660017,-1.0992,39.7301,6/12/2023,Estación punto de presa E. de Benagéber,DETERMINACION FÍSICO-QUÍMICA IN SITU,CLOROFILA A,1.25,µg/L,"1,25",0.029999999,Fluorescencia atómica,DISCRETA,9,6/14/2023,2,S2A_MSIL2A_20230614T105031_N0509_R051_T30SXJ_20230614T163601,0.0653,0.0606,0.0565,0.0344,0.032,0.0272,0.0262,0.025,0.0266,0.0208,0.0326,0.0286,0,6,1,27.225411
JU06660017,-1.0992,39.7301,6/12/2023,Estación punto de presa E. de Benagéber,Fitoplancton,CLOROFILA A,1.8,µg/L,"1,8",1,Espectofotometría de absorción molecular,INTEGRADA,-1,6/14/2023,2,S2A_MSIL2A_20230614T105031_N0509_R051_T30SXJ_20230614T163601,0.0653,0.0606,0.0565,0.0344,0.032,0.0272,0.0262,0.025,0.0266,0.0208,0.0326,0.0286,0,6,1,27.225411
JU06660017,-1.0992,39.7301,6/12/2023,Estación punto de presa E. de Benagéber,DETERMINACION FÍSICO-QUÍMICA IN SITU,CLOROFILA A,0.46,µg/L,"0,46",0.029999999,Fluorescencia atómica,DISCRETA,43,6/14/2023,2,S2A_MSIL2A_20230614T105031_N0509_R051_T30SXJ_20230614T163601,0.0653,0.0606,0.0565,0.0344,0.032,0.0272,0.0262,0.025,0.0266,0.0208,0.0326,0.0286,0,6,1,27.225411
JU06660017,-1.0992,39.7301,6/12/2023,Estación punto de presa E. de Benagéber,DETERMINACION FÍSICO-QUÍMICA IN SITU,CLOROFILA A,0.46,µg/L,"0,46",0.029999999,Fluorescencia atómica,DISCRETA,44,6/14/2023,2,S2A_MSIL2A_20230614T105031_N0509_R051_T30SXJ_20230614T163601,0.0653,0.0606,0.0565,0.0344,0.032,0.0272,0.0262,0.025,0.0266,0.0208,0.0326,0.0286,0,6,1,27.225411
JU06660017,-1.0992,39.7301,6/12/2023,Estación punto de presa E. de Benagéber,DETERMINACION FÍSICO-QUÍMICA IN SITU,CLOROFILA A,0.32,µg/L,"0,32",0.029999999,Fluorescencia atómica,DISCRETA,53,6/14/2023,2,S2A_MSIL2A_20230614T105031_N0509_R051_T30SXJ_20230614T163601,0.0653,0.0606,0.0565,0.0344,0.032,0.0272,0.0262,0.025,0.0266,0.0208,0.0326,0.0286,0,6,1,27.225411
JU06660017,-1.0992,39.7301,6/12/2023,Estación punto de presa E. de Benagéber,TOMA DE MUESTRAS PARA LABORATORIO,FOSFORO TOTAL,0,mg P/l,"<0,004",0.004,Espectofotometría de absorción molecular,INTEGRADA,-1,6/14/2023,2,S2A_MSIL2A_20230614T105031_N0509_R051_T30SXJ_20230614T163601,0.0653,0.0606,0.0565,0.0344,0.032,0.0272,0.0262,0.025,0.0266,0.0208,0.0326,0.0286,0,6,1,27.225411
JU06660017,-1.0992,39.7301,6/12/2023,Estación punto de presa E. de Benagéber,DETERMINACION FÍSICO-QUÍMICA IN SITU,Profundidad del disco de secchi,6.800000191,m,,,,INTEGRADA,-1,6/14/2023,2,S2A_MSIL2A_20230614T105031_N0509_R051_T30SXJ_20230614T163601,0.0653,0.0606,0.0565,0.0344,0.032,0.0272,0.0262,0.025,0.0266,0.0208,0.0326,0.0286,0,6,1,27.225411
JU06150028,-0.2307,40.0116,3/17/2023,Estación punto de presa E. de Sitjar,DETERMINACION FÍSICO-QUÍMICA IN SITU,CLOROFILA A,0.27,µg/L,"0,27",0.029999999,Fluorescencia atómica,DISCRETA,0,3/11/2023,6,S2B_MSIL2A_20230311T104749_N0509_R051_T30TYK_20230311T140459,0.6763,0.5907,0.5631,0.544,0.5845,0.612,0.616,0.6248,0.6103,1.2476,0.4929,0.4834,0,9,100,45.115188
JU06150028,-0.2307,40.0116,3/17/2023,Estación punto de presa E. de Sitjar,DETERMINACION FÍSICO-QUÍMICA IN SITU,CLOROFILA A,0.5,µg/L,"0,5",0.029999999,Fluorescencia atómica,DISCRETA,10,3/11/2023,6,S2B_MSIL2A_20230311T104749_N0509_R051_T30TYK_20230311T140459,0.6763,0.5907,0.5631,0.544,0.5845,0.612,0.616,0.6248,0.6103,1.2476,0.4929,0.4834,0,9,100,45.115188
JU06150028,-0.2307,40.0116,3/17/2023,Estación punto de presa E. de Sitjar,DETERMINACION FÍSICO-QUÍMICA IN SITU,CLOROFILA A,0.45,µg/L,"0,45",0.029999999,Fluorescencia atómica,DISCRETA,15,3/11/2023,6,S2B_MSIL2A_20230311T104749_N0509_R051_T30TYK_20230311T140459,0.6763,0.5907,0.5631,0.544,0.5845,0.612,0.616,0.6248,0.6103,1.2476,0.4929,0.4834,0,9,100,45.115188
JU06150028,-0.2307,40.0116,3/17/2023,Estación punto de presa E. de Sitjar,TOMA DE MUESTRAS PARA LABORATORIO,SOLIDOS EN SUSPENSION,3.4,mg/L,"3,4",2,Gravimetría,INTEGRADA,-1,3/11/2023,6,S2B_MSIL2A_20230311T104749_N0509_R051_T30TYK_20230311T140459,0.6763,0.5907,0.5631,0.544,0.5845,0.612,0.616,0.6248,0.6103,1.2476,0.4929,0.4834,0,9,100,45.115188
JU06150028,-0.2307,40.0116,3/17/2023,Estación punto de presa E. de Sitjar,DETERMINACION FÍSICO-QUÍMICA IN SITU,CLOROFILA A,0.51,µg/L,"0,51",0.029999999,Fluorescencia atómica,DISCRETA,13,3/11/2023,6,S2B_MSIL2A_20230311T104749_N0509_R051_T30TYK_20230311T140459,0.6763,0.5907,0.5631,0.544,0.5845,0.612,0.616,0.6248,0.6103,1.2476,0.4929,0.4834,0,9,100,45.115188
JU06150028,-0.2307,40.0116,3/17/2023,Estación punto de presa E. de Sitjar,DETERMINACION FÍSICO-QUÍMICA IN SITU,CLOROFILA A,0.4,µg/L,"0,4",0.029999999,Fluorescencia atómica,DISCRETA,18,3/11/2023,6,S2B_MSIL2A_20230311T104749_N0509_R051_T30TYK_20230311T140459,0.6763,0.5907,0.5631,0.544,0.5845,0.612,0.616,0.6248,0.6103,1.2476,0.4929,0.4834,0,9,100,45.115188
JU06150028,-0.2307,40.0116,3/17/2023,Estación punto de presa E. de Sitjar,DETERMINACION FÍSICO-QUÍMICA IN SITU,CLOROFILA A,0.34,µg/L,"0,34",0.029999999,Fluorescencia atómica,DISCRETA,22,3/11/2023,6,S2B_MSIL2A_20230311T104749_N0509_R051_T30TYK_20230311T140459,0.6763,0.5907,0.5631,0.544,0.5845,0.612,0.616,0.6248,0.6103,1.2476,0.4929,0.4834,0,9,100,45.115188
JU06150028,-0.2307,40.0116,3/17/2023,Estación punto de presa E. de Sitjar,DETERMINACION FÍSICO-QUÍMICA IN SITU,CLOROFILA A,0.37,µg/L,"0,37",0.029999999,Fluorescencia atómica,DISCRETA,6,3/11/2023,6,S2B_MSIL2A_20230311T104749_N0509_R051_T30TYK_20230311T140459,0.6763,0.5907,0.5631,0.544,0.5845,0.612,0.616,0.6248,0.6103,1.2476,0.4929,0.4834,0,9,100,45.115188
JU06150028,-0.2307,40.0116,3/17/2023,Estación punto de presa E. de Sitjar,DETERMINACION FÍSICO-QUÍMICA IN SITU,CLOROFILA A,0.56,µg/L,"0,56",0.029999999,Fluorescencia atómica,DISCRETA,11,3/11/2023,6,S2B_MSIL2A_20230311T104749_N0509_R051_T30TYK_20230311T140459,0.6763,0.5907,0.5631,0.544,0.5845,0.612,0.616,0.6248,0.6103,1.2476,0.4929,0.4834,0,9,100,45.115188
JU06150028,-0.2307,40.0116,3/17/2023,Estación punto de presa E. de Sitjar,DETERMINACION FÍSICO-QUÍMICA IN SITU,CLOROFILA A,0.41,µg/L,"0,41",0.029999999,Fluorescencia atómica,DISCRETA,2,3/11/2023,6,S2B_MSIL2A_20230311T104749_N0509_R051_T30TYK_20230311T140459,0.6763,0.5907,0.5631,0.544,0.5845,0.612,0.616,0.6248,0.6103,1.2476,0.4929,0.4834,0,9,100,45.115188
JU06150028,-0.2307,40.0116,3/17/2023,Estación punto de presa E. de Sitjar,DETERMINACION FÍSICO-QUÍMICA IN SITU,CLOROFILA A,0.54,µg/L,"0,54",0.029999999,Fluorescencia atómica,DISCRETA,12,3/11/2023,6,S2B_MSIL2A_20230311T104749_N0509_R051_T30TYK_20230311T140459,0.6763,0.5907,0.5631,0.544,0.5845,0.612,0.616,0.6248,0.6103,1.2476,0.4929,0.4834,0,9,100,45.115188
JU06150028,-0.2307,40.0116,3/17/2023,Estación punto de presa E. de Sitjar,DETERMINACION FÍSICO-QUÍMICA IN SITU,CLOROFILA A,0.35,µg/L,"0,35",0.029999999,Fluorescencia atómica,DISCRETA,19,3/11/2023,6,S2B_MSIL2A_20230311T104749_N0509_R051_T30TYK_20230311T140459,0.6763,0.5907,0.5631,0.544,0.5845,0.612,0.616,0.6248,0.6103,1.2476,0.4929,0.4834,0,9,100,45.115188
JU06150028,-0.2307,40.0116,3/17/2023,Estación punto de presa E. de Sitjar,DETERMINACION FÍSICO-QUÍMICA IN SITU,CLOROFILA A,0.37,µg/L,"0,37",0.029999999,Fluorescencia atómica,DISCRETA,7,3/11/2023,6,S2B_MSIL2A_20230311T104749_N0509_R051_T30TYK_20230311T140459,0.6763,0.5907,0.5631,0.544,0.5845,0.612,0.616,0.6248,0.6103,1.2476,0.4929,0.4834,0,9,100,45.115188
JU06150028,-0.2307,40.0116,3/17/2023,Estación punto de presa E. de Sitjar,DETERMINACION FÍSICO-QUÍMICA IN SITU,CLOROFILA A,0.38,µg/L,"0,38",0.029999999,Fluorescencia atómica,DISCRETA,8,3/11/2023,6,S2B_MSIL2A_20230311T104749_N0509_R051_T30TYK_20230311T140459,0.6763,0.5907,0.5631,0.544,0.5845,0.612,0.616,0.6248,0.6103,1.2476,0.4929,0.4834,0,9,100,45.115188
JU06150028,-0.2307,40.0116,3/17/2023,Estación punto de presa E. de Sitjar,DETERMINACION FÍSICO-QUÍMICA IN SITU,CLOROFILA A,0.45,µg/L,"0,45",0.029999999,Fluorescencia atómica,DISCRETA,16,3/11/2023,6,S2B_MSIL2A_20230311T104749_N0509_R051_T30TYK_20230311T140459,0.6763,0.5907,0.5631,0.544,0.5845,0.612,0.616,0.6248,0.6103,1.2476,0.4929,0.4834,0,9,100,45.115188
JU06150028,-0.2307,40.0116,3/17/2023,Estación punto de presa E. de Sitjar,DETERMINACION FÍSICO-QUÍMICA IN SITU,CLOROFILA A,0.42,µg/L,"0,42",0.029999999,Fluorescencia atómica,DISCRETA,17,3/11/2023,6,S2B_MSIL2A_20230311T104749_N0509_R051_T30TYK_20230311T140459,0.6763,0.5907,0.5631,0.544,0.5845,0.612,0.616,0.6248,0.6103,1.2476,0.4929,0.4834,0,9,100,45.115188
JU06150028,-0.2307,40.0116,3/17/2023,Estación punto de presa E. de Sitjar,DETERMINACION FÍSICO-QUÍMICA IN SITU,CLOROFILA A,0.39,µg/L,"0,39",0.029999999,Fluorescencia atómica,DISCRETA,3,3/11/2023,6,S2B_MSIL2A_20230311T104749_N0509_R051_T30TYK_20230311T140459,0.6763,0.5907,0.5631,0.544,0.5845,0.612,0.616,0.6248,0.6103,1.2476,0.4929,0.4834,0,9,100,45.115188
JU06150028,-0.2307,40.0116,3/17/2023,Estación punto de presa E. de Sitjar,TOMA DE MUESTRAS PARA LABORATORIO,CLOROFILA A,0,µg/L,"<1,0",1,Espectofotometría de absorción molecular,INTEGRADA,-1,3/11/2023,6,S2B_MSIL2A_20230311T104749_N0509_R051_T30TYK_20230311T140459,0.6763,0.5907,0.5631,0.544,0.5845,0.612,0.616,0.6248,0.6103,1.2476,0.4929,0.4834,0,9,100,45.115188
JU06150028,-0.2307,40.0116,3/17/2023,Estación punto de presa E. de Sitjar,DETERMINACION FÍSICO-QUÍMICA IN SITU,CLOROFILA A,0.49,µg/L,"0,49",0.029999999,Fluorescencia atómica,DISCRETA,14,3/11/2023,6,S2B_MSIL2A_20230311T104749_N0509_R051_T30TYK_20230311T140459,0.6763,0.5907,0.5631,0.544,0.5845,0.612,0.616,0.6248,0.6103,1.2476,0.4929,0.4834,0,9,100,45.115188
JU06150028,-0.2307,40.0116,3/17/2023,Estación punto de presa E. de Sitjar,DETERMINACION FÍSICO-QUÍMICA IN SITU,CLOROFILA A,0.39,µg/L,"0,39",0.029999999,Fluorescencia atómica,DISCRETA,1,3/11/2023,6,S2B_MSIL2A_20230311T104749_N0509_R051_T30TYK_20230311T140459,0.6763,0.5907,0.5631,0.544,0.5845,0.612,0.616,0.6248,0.6103,1.2476,0.4929,0.4834,0,9,100,45.115188
JU06150028,-0.2307,40.0116,3/17/2023,Estación punto de presa E. de Sitjar,DETERMINACION FÍSICO-QUÍMICA IN SITU,CLOROFILA A,0.33,µg/L,"0,33",0.029999999,Fluorescencia atómica,DISCRETA,21,3/11/2023,6,S2B_MSIL2A_20230311T104749_N0509_R051_T30TYK_20230311T140459,0.6763,0.5907,0.5631,0.544,0.5845,0.612,0.616,0.6248,0.6103,1.2476,0.4929,0.4834,0,9,100,45.115188
JU06150028,-0.2307,40.0116,3/17/2023,Estación punto de presa E. de Sitjar,DETERMINACION FÍSICO-QUÍMICA IN SITU,CLOROFILA A,0.37,µg/L,"0,37",0.029999999,Fluorescencia atómica,DISCRETA,4,3/11/2023,6,S2B_MSIL2A_20230311T104749_N0509_R051_T30TYK_20230311T140459,0.6763,0.5907,0.5631,0.544,0.5845,0.612,0.616,0.6248,0.6103,1.2476,0.4929,0.4834,0,9,100,45.115188
JU06150028,-0.2307,40.0116,3/17/2023,Estación punto de presa E. de Sitjar,DETERMINACION FÍSICO-QUÍMICA IN SITU,CLOROFILA A,0.42,µg/L,"0,42",0.029999999,Fluorescencia atómica,DISCRETA,9,3/11/2023,6,S2B_MSIL2A_20230311T104749_N0509_R051_T30TYK_20230311T140459,0.6763,0.5907,0.5631,0.544,0.5845,0.612,0.616,0.6248,0.6103,1.2476,0.4929,0.4834,0,9,100,45.115188
JU06150028,-0.2307,40.0116,3/17/2023,Estación punto de presa E. de Sitjar,DETERMINACION FÍSICO-QUÍMICA IN SITU,CLOROFILA A,0.33,µg/L,"0,33",0.029999999,Fluorescencia atómica,DISCRETA,20,3/11/2023,6,S2B_MSIL2A_20230311T104749_N0509_R051_T30TYK_20230311T140459,0.6763,0.5907,0.5631,0.544,0.5845,0.612,0.616,0.6248,0.6103,1.2476,0.4929,0.4834,0,9,100,45.115188
JU06150028,-0.2307,40.0116,3/17/2023,Estación punto de presa E. de Sitjar,DETERMINACION FÍSICO-QUÍMICA IN SITU,CLOROFILA A,0.36,µg/L,"0,36",0.029999999,Fluorescencia atómica,DISCRETA,23,3/11/2023,6,S2B_MSIL2A_20230311T104749_N0509_R051_T30TYK_20230311T140459,0.6763,0.5907,0.5631,0.544,0.5845,0.612,0.616,0.6248,0.6103,1.2476,0.4929,0.4834,0,9,100,45.115188
JU06150028,-0.2307,40.0116,3/17/2023,Estación punto de presa E. de Sitjar,DETERMINACION FÍSICO-QUÍMICA IN SITU,CLOROFILA A,0.36,µg/L,"0,36",0.029999999,Fluorescencia atómica,DISCRETA,5,3/11/2023,6,S2B_MSIL2A_20230311T104749_N0509_R051_T30TYK_20230311T140459,0.6763,0.5907,0.5631,0.544,0.5845,0.612,0.616,0.6248,0.6103,1.2476,0.4929,0.4834,0,9,100,45.115188
JU06150028,-0.2307,40.0116,3/17/2023,Estación punto de presa E. de Sitjar,TOMA DE MUESTRAS PARA LABORATORIO,FOSFORO TOTAL,0.007,mg P/l,"0,007",0.004,Espectofotometría de absorción molecular,INTEGRADA,-1,3/11/2023,6,S2B_MSIL2A_20230311T104749_N0509_R051_T30TYK_20230311T140459,0.6763,0.5907,0.5631,0.544,0.5845,0.612,0.616,0.6248,0.6103,1.2476,0.4929,0.4834,0,9,100,45.115188
JU06150028,-0.2307,40.0116,3/17/2023,Estación punto de presa E. de Sitjar,DETERMINACION FÍSICO-QUÍMICA IN SITU,Profundidad del disco de secchi,4.099999905,m,,,,INTEGRADA,-1,3/11/2023,6,S2B_MSIL2A_20230311T104749_N0509_R051_T30TYK_20230311T140459,0.6763,0.5907,0.5631,0.544,0.5845,0.612,0.616,0.6248,0.6103,1.2476,0.4929,0.4834,0,9,100,45.115188
JU06160014,-0.164,40.0293,3/14/2023,Estación punto de presa E. de María Cristina,DETERMINACION FÍSICO-QUÍMICA IN SITU,CLOROFILA A,35.94,µg/L,"35,94",0.029999999,Fluorescencia atómica,DISCRETA,2,3/11/2023,3,S2B_MSIL2A_20230311T104749_N0509_R051_T30TYK_20230311T140459,0.285,0.2289,0.2959,0.2983,0.3249,0.3504,0.3593,0.3552,0.3641,0.5269,0.3187,0.2683,0,9,100,45.115188
JU06160014,-0.164,40.0293,3/14/2023,Estación punto de presa E. de María Cristina,TOMA DE MUESTRAS PARA LABORATORIO,CLOROFILA A,10,µg/L,10,1,Espectofotometría de absorción molecular,INTEGRADA,-1,3/11/2023,3,S2B_MSIL2A_20230311T104749_N0509_R051_T30TYK_20230311T140459,0.285,0.2289,0.2959,0.2983,0.3249,0.3504,0.3593,0.3552,0.3641,0.5269,0.3187,0.2683,0,9,100,45.115188
JU06160014,-0.164,40.0293,3/14/2023,Estación punto de presa E. de María Cristina,TOMA DE MUESTRAS PARA LABORATORIO,SOLIDOS EN SUSPENSION,6,mg/L,6,2,Gravimetría,INTEGRADA,-1,3/11/2023,3,S2B_MSIL2A_20230311T104749_N0509_R051_T30TYK_20230311T140459,0.285,0.2289,0.2959,0.2983,0.3249,0.3504,0.3593,0.3552,0.3641,0.5269,0.3187,0.2683,0,9,100,45.115188
JU06160014,-0.164,40.0293,3/14/2023,Estación punto de presa E. de María Cristina,DETERMINACION FÍSICO-QUÍMICA IN SITU,CLOROFILA A,25.87,µg/L,"25,87",0.029999999,Fluorescencia atómica,DISCRETA,1.5,3/11/2023,3,S2B_MSIL2A_20230311T104749_N0509_R051_T30TYK_20230311T140459,0.285,0.2289,0.2959,0.2983,0.3249,0.3504,0.3593,0.3552,0.3641,0.5269,0.3187,0.2683,0,9,100,45.115188
JU06160014,-0.164,40.0293,3/14/2023,Estación punto de presa E. de María Cristina,DETERMINACION FÍSICO-QUÍMICA IN SITU,CLOROFILA A,5.78,µg/L,"5,78",0.029999999,Fluorescencia atómica,DISCRETA,0.5,3/11/2023,3,S2B_MSIL2A_20230311T104749_N0509_R051_T30TYK_20230311T140459,0.285,0.2289,0.2959,0.2983,0.3249,0.3504,0.3593,0.3552,0.3641,0.5269,0.3187,0.2683,0,9,100,45.115188
JU06160014,-0.164,40.0293,3/14/2023,Estación punto de presa E. de María Cristina,DETERMINACION FÍSICO-QUÍMICA IN SITU,CLOROFILA A,4.67,µg/L,"4,67",0.029999999,Fluorescencia atómica,DISCRETA,0,3/11/2023,3,S2B_MSIL2A_20230311T104749_N0509_R051_T30TYK_20230311T140459,0.285,0.2289,0.2959,0.2983,0.3249,0.3504,0.3593,0.3552,0.3641,0.5269,0.3187,0.2683,0,9,100,45.115188
JU06160014,-0.164,40.0293,3/14/2023,Estación punto de presa E. de María Cristina,DETERMINACION FÍSICO-QUÍMICA IN SITU,CLOROFILA A,17.77,µg/L,"17,77",0.029999999,Fluorescencia atómica,DISCRETA,4.5,3/11/2023,3,S2B_MSIL2A_20230311T104749_N0509_R051_T30TYK_20230311T140459,0.285,0.2289,0.2959,0.2983,0.3249,0.3504,0.3593,0.3552,0.3641,0.5269,0.3187,0.2683,0,9,100,45.115188
JU06160014,-0.164,40.0293,3/14/2023,Estación punto de presa E. de María Cristina,DETERMINACION FÍSICO-QUÍMICA IN SITU,CLOROFILA A,15.71,µg/L,"15,71",0.029999999,Fluorescencia atómica,DISCRETA,1,3/11/2023,3,S2B_MSIL2A_20230311T104749_N0509_R051_T30TYK_20230311T140459,0.285,0.2289,0.2959,0.2983,0.3249,0.3504,0.3593,0.3552,0.3641,0.5269,0.3187,0.2683,0,9,100,45.115188
JU06160014,-0.164,40.0293,3/14/2023,Estación punto de presa E. de María Cristina,DETERMINACION FÍSICO-QUÍMICA IN SITU,CLOROFILA A,22.33,µg/L,"22,33",0.029999999,Fluorescencia atómica,DISCRETA,3,3/11/2023,3,S2B_MSIL2A_20230311T104749_N0509_R051_T30TYK_20230311T140459,0.285,0.2289,0.2959,0.2983,0.3249,0.3504,0.3593,0.3552,0.3641,0.5269,0.3187,0.2683,0,9,100,45.115188
JU06160014,-0.164,40.0293,3/14/2023,Estación punto de presa E. de María Cristina,DETERMINACION FÍSICO-QUÍMICA IN SITU,CLOROFILA A,18.63,µg/L,"18,63",0.029999999,Fluorescencia atómica,DISCRETA,5,3/11/2023,3,S2B_MSIL2A_20230311T104749_N0509_R051_T30TYK_20230311T140459,0.285,0.2289,0.2959,0.2983,0.3249,0.3504,0.3593,0.3552,0.3641,0.5269,0.3187,0.2683,0,9,100,45.115188
JU06160014,-0.164,40.0293,3/14/2023,Estación punto de presa E. de María Cristina,DETERMINACION FÍSICO-QUÍMICA IN SITU,CLOROFILA A,14.31,µg/L,"14,31",0.029999999,Fluorescencia atómica,DISCRETA,6,3/11/2023,3,S2B_MSIL2A_20230311T104749_N0509_R051_T30TYK_20230311T140459,0.285,0.2289,0.2959,0.2983,0.3249,0.3504,0.3593,0.3552,0.3641,0.5269,0.3187,0.2683,0,9,100,45.115188
JU06160014,-0.164,40.0293,3/14/2023,Estación punto de presa E. de María Cristina,DETERMINACION FÍSICO-QUÍMICA IN SITU,CLOROFILA A,34.12,µg/L,"34,12",0.029999999,Fluorescencia atómica,DISCRETA,2.5,3/11/2023,3,S2B_MSIL2A_20230311T104749_N0509_R051_T30TYK_20230311T140459,0.285,0.2289,0.2959,0.2983,0.3249,0.3504,0.3593,0.3552,0.3641,0.5269,0.3187,0.2683,0,9,100,45.115188
JU06160014,-0.164,40.0293,3/14/2023,Estación punto de presa E. de María Cristina,DETERMINACION FÍSICO-QUÍMICA IN SITU,CLOROFILA A,16.69,µg/L,"16,69",0.029999999,Fluorescencia atómica,DISCRETA,3.5,3/11/2023,3,S2B_MSIL2A_20230311T104749_N0509_R051_T30TYK_20230311T140459,0.285,0.2289,0.2959,0.2983,0.3249,0.3504,0.3593,0.3552,0.3641,0.5269,0.3187,0.2683,0,9,100,45.115188
JU06160014,-0.164,40.0293,3/14/2023,Estación punto de presa E. de María Cristina,DETERMINACION FÍSICO-QUÍMICA IN SITU,CLOROFILA A,18.86,µg/L,"18,86",0.029999999,Fluorescencia atómica,DISCRETA,4,3/11/2023,3,S2B_MSIL2A_20230311T104749_N0509_R051_T30TYK_20230311T140459,0.285,0.2289,0.2959,0.2983,0.3249,0.3504,0.3593,0.3552,0.3641,0.5269,0.3187,0.2683,0,9,100,45.115188
JU06160014,-0.164,40.0293,3/14/2023,Estación punto de presa E. de María Cristina,DETERMINACION FÍSICO-QUÍMICA IN SITU,CLOROFILA A,14.38,µg/L,"14,38",0.029999999,Fluorescencia atómica,DISCRETA,5.5,3/11/2023,3,S2B_MSIL2A_20230311T104749_N0509_R051_T30TYK_20230311T140459,0.285,0.2289,0.2959,0.2983,0.3249,0.3504,0.3593,0.3552,0.3641,0.5269,0.3187,0.2683,0,9,100,45.115188
JU06160014,-0.164,40.0293,3/14/2023,Estación punto de presa E. de María Cristina,TOMA DE MUESTRAS PARA LABORATORIO,FOSFORO TOTAL,0.222,mg P/l,"0,222",0.02,Espectofotometría de absorción molecular,INTEGRADA,-1,3/11/2023,3,S2B_MSIL2A_20230311T104749_N0509_R051_T30TYK_20230311T140459,0.285,0.2289,0.2959,0.2983,0.3249,0.3504,0.3593,0.3552,0.3641,0.5269,0.3187,0.2683,0,9,100,45.115188
JU06160014,-0.164,40.0293,3/14/2023,Estación punto de presa E. de María Cristina,DETERMINACION FÍSICO-QUÍMICA IN SITU,Profundidad del disco de secchi,0.5,m,,,,INTEGRADA,-1,3/11/2023,3,S2B_MSIL2A_20230311T104749_N0509_R051_T30TYK_20230311T140459,0.285,0.2289,0.2959,0.2983,0.3249,0.3504,0.3593,0.3552,0.3641,0.5269,0.3187,0.2683,0,9,100,45.115188
JU06660017,-1.0992,39.7301,3/13/2023,Estación punto de presa E. de Benagéber,DETERMINACION FÍSICO-QUÍMICA IN SITU,CLOROFILA A,0.5,µg/L,"0,5",0.029999999,Fluorescencia atómica,DISCRETA,0,3/16/2023,3,S2A_MSIL2A_20230316T104801_N0509_R051_T30TXK_20230316T165055,0.0022,0.0062,0.0062,0,0,0,0,0,0,0,0.0017,0.0023,0,6,0,0.008291
JU06660017,-1.0992,39.7301,3/13/2023,Estación punto de presa E. de Benagéber,DETERMINACION FÍSICO-QUÍMICA IN SITU,CLOROFILA A,0.95,µg/L,"0,95",0.029999999,Fluorescencia atómica,DISCRETA,16,3/16/2023,3,S2A_MSIL2A_20230316T104801_N0509_R051_T30TXK_20230316T165055,0.0022,0.0062,0.0062,0,0,0,0,0,0,0,0.0017,0.0023,0,6,0,0.008291
JU06660017,-1.0992,39.7301,3/13/2023,Estación punto de presa E. de Benagéber,DETERMINACION FÍSICO-QUÍMICA IN SITU,CLOROFILA A,0.43,µg/L,"0,43",0.029999999,Fluorescencia atómica,DISCRETA,1,3/16/2023,3,S2A_MSIL2A_20230316T104801_N0509_R051_T30TXK_20230316T165055,0.0022,0.0062,0.0062,0,0,0,0,0,0,0,0.0017,0.0023,0,6,0,0.008291
JU06660017,-1.0992,39.7301,3/13/2023,Estación punto de presa E. de Benagéber,DETERMINACION FÍSICO-QUÍMICA IN SITU,CLOROFILA A,0.96,µg/L,"0,96",0.029999999,Fluorescencia atómica,DISCRETA,23,3/16/2023,3,S2A_MSIL2A_20230316T104801_N0509_R051_T30TXK_20230316T165055,0.0022,0.0062,0.0062,0,0,0,0,0,0,0,0.0017,0.0023,0,6,0,0.008291
JU06660017,-1.0992,39.7301,3/13/2023,Estación punto de presa E. de Benagéber,DETERMINACION FÍSICO-QUÍMICA IN SITU,CLOROFILA A,0.82,µg/L,"0,82",0.029999999,Fluorescencia atómica,DISCRETA,29,3/16/2023,3,S2A_MSIL2A_20230316T104801_N0509_R051_T30TXK_20230316T165055,0.0022,0.0062,0.0062,0,0,0,0,0,0,0,0.0017,0.0023,0,6,0,0.008291
JU06660017,-1.0992,39.7301,3/13/2023,Estación punto de presa E. de Benagéber,DETERMINACION FÍSICO-QUÍMICA IN SITU,CLOROFILA A,0.67,µg/L,"0,67",0.029999999,Fluorescencia atómica,DISCRETA,41,3/16/2023,3,S2A_MSIL2A_20230316T104801_N0509_R051_T30TXK_20230316T165055,0.0022,0.0062,0.0062,0,0,0,0,0,0,0,0.0017,0.0023,0,6,0,0.008291
JU06660017,-1.0992,39.7301,3/13/2023,Estación punto de presa E. de Benagéber,DETERMINACION FÍSICO-QUÍMICA IN SITU,CLOROFILA A,0.64,µg/L,"0,64",0.029999999,Fluorescencia atómica,DISCRETA,44,3/16/2023,3,S2A_MSIL2A_20230316T104801_N0509_R051_T30TXK_20230316T165055,0.0022,0.0062,0.0062,0,0,0,0,0,0,0,0.0017,0.0023,0,6,0,0.008291
JU06660017,-1.0992,39.7301,3/13/2023,Estación punto de presa E. de Benagéber,DETERMINACION FÍSICO-QUÍMICA IN SITU,CLOROFILA A,0.35,µg/L,"0,35",0.029999999,Fluorescencia atómica,DISCRETA,4,3/16/2023,3,S2A_MSIL2A_20230316T104801_N0509_R051_T30TXK_20230316T165055,0.0022,0.0062,0.0062,0,0,0,0,0,0,0,0.0017,0.0023,0,6,0,0.008291
JU06660017,-1.0992,39.7301,3/13/2023,Estación punto de presa E. de Benagéber,DETERMINACION FÍSICO-QUÍMICA IN SITU,CLOROFILA A,0.41,µg/L,"0,41",0.029999999,Fluorescencia atómica,DISCRETA,59,3/16/2023,3,S2A_MSIL2A_20230316T104801_N0509_R051_T30TXK_20230316T165055,0.0022,0.0062,0.0062,0,0,0,0,0,0,0,0.0017,0.0023,0,6,0,0.008291
JU06660017,-1.0992,39.7301,3/13/2023,Estación punto de presa E. de Benagéber,DETERMINACION FÍSICO-QUÍMICA IN SITU,CLOROFILA A,0.38,µg/L,"0,38",0.029999999,Fluorescencia atómica,DISCRETA,60,3/16/2023,3,S2A_MSIL2A_20230316T104801_N0509_R051_T30TXK_20230316T165055,0.0022,0.0062,0.0062,0,0,0,0,0,0,0,0.0017,0.0023,0,6,0,0.008291
JU06660017,-1.0992,39.7301,3/13/2023,Estación punto de presa E. de Benagéber,DETERMINACION FÍSICO-QUÍMICA IN SITU,CLOROFILA A,0.44,µg/L,"0,44",0.029999999,Fluorescencia atómica,DISCRETA,62,3/16/2023,3,S2A_MSIL2A_20230316T104801_N0509_R051_T30TXK_20230316T165055,0.0022,0.0062,0.0062,0,0,0,0,0,0,0,0.0017,0.0023,0,6,0,0.008291
JU06660017,-1.0992,39.7301,3/13/2023,Estación punto de presa E. de Benagéber,DETERMINACION FÍSICO-QUÍMICA IN SITU,CLOROFILA A,0.49,µg/L,"0,49",0.029999999,Fluorescencia atómica,DISCRETA,64,3/16/2023,3,S2A_MSIL2A_20230316T104801_N0509_R051_T30TXK_20230316T165055,0.0022,0.0062,0.0062,0,0,0,0,0,0,0,0.0017,0.0023,0,6,0,0.008291
JU06660017,-1.0992,39.7301,3/13/2023,Estación punto de presa E. de Benagéber,DETERMINACION FÍSICO-QUÍMICA IN SITU,CLOROFILA A,1.03,µg/L,"1,03",0.029999999,Fluorescencia atómica,DISCRETA,13,3/16/2023,3,S2A_MSIL2A_20230316T104801_N0509_R051_T30TXK_20230316T165055,0.0022,0.0062,0.0062,0,0,0,0,0,0,0,0.0017,0.0023,0,6,0,0.008291
JU06660017,-1.0992,39.7301,3/13/2023,Estación punto de presa E. de Benagéber,DETERMINACION FÍSICO-QUÍMICA IN SITU,CLOROFILA A,1.03,µg/L,"1,03",0.029999999,Fluorescencia atómica,DISCRETA,14,3/16/2023,3,S2A_MSIL2A_20230316T104801_N0509_R051_T30TXK_20230316T165055,0.0022,0.0062,0.0062,0,0,0,0,0,0,0,0.0017,0.0023,0,6,0,0.008291
JU06660017,-1.0992,39.7301,3/13/2023,Estación punto de presa E. de Benagéber,DETERMINACION FÍSICO-QUÍMICA IN SITU,CLOROFILA A,0.84,µg/L,"0,84",0.029999999,Fluorescencia atómica,DISCRETA,26,3/16/2023,3,S2A_MSIL2A_20230316T104801_N0509_R051_T30TXK_20230316T165055,0.0022,0.0062,0.0062,0,0,0,0,0,0,0,0.0017,0.0023,0,6,0,0.008291
JU06660017,-1.0992,39.7301,3/13/2023,Estación punto de presa E. de Benagéber,DETERMINACION FÍSICO-QUÍMICA IN SITU,CLOROFILA A,0.76,µg/L,"0,76",0.029999999,Fluorescencia atómica,DISCRETA,31,3/16/2023,3,S2A_MSIL2A_20230316T104801_N0509_R051_T30TXK_20230316T165055,0.0022,0.0062,0.0062,0,0,0,0,0,0,0,0.0017,0.0023,0,6,0,0.008291
JU06660017,-1.0992,39.7301,3/13/2023,Estación punto de presa E. de Benagéber,DETERMINACION FÍSICO-QUÍMICA IN SITU,CLOROFILA A,0.76,µg/L,"0,76",0.029999999,Fluorescencia atómica,DISCRETA,33,3/16/2023,3,S2A_MSIL2A_20230316T104801_N0509_R051_T30TXK_20230316T165055,0.0022,0.0062,0.0062,0,0,0,0,0,0,0,0.0017,0.0023,0,6,0,0.008291
JU06660017,-1.0992,39.7301,3/13/2023,Estación punto de presa E. de Benagéber,DETERMINACION FÍSICO-QUÍMICA IN SITU,CLOROFILA A,0.69,µg/L,"0,69",0.029999999,Fluorescencia atómica,DISCRETA,37,3/16/2023,3,S2A_MSIL2A_20230316T104801_N0509_R051_T30TXK_20230316T165055,0.0022,0.0062,0.0062,0,0,0,0,0,0,0,0.0017,0.0023,0,6,0,0.008291
JU06660017,-1.0992,39.7301,3/13/2023,Estación punto de presa E. de Benagéber,DETERMINACION FÍSICO-QUÍMICA IN SITU,CLOROFILA A,1.02,µg/L,"1,02",0.029999999,Fluorescencia atómica,DISCRETA,17,3/16/2023,3,S2A_MSIL2A_20230316T104801_N0509_R051_T30TXK_20230316T165055,0.0022,0.0062,0.0062,0,0,0,0,0,0,0,0.0017,0.0023,0,6,0,0.008291
JU06660017,-1.0992,39.7301,3/13/2023,Estación punto de presa E. de Benagéber,DETERMINACION FÍSICO-QUÍMICA IN SITU,CLOROFILA A,1.05,µg/L,"1,05",0.029999999,Fluorescencia atómica,DISCRETA,18,3/16/2023,3,S2A_MSIL2A_20230316T104801_N0509_R051_T30TXK_20230316T165055,0.0022,0.0062,0.0062,0,0,0,0,0,0,0,0.0017,0.0023,0,6,0,0.008291
JU06660017,-1.0992,39.7301,3/13/2023,Estación punto de presa E. de Benagéber,DETERMINACION FÍSICO-QUÍMICA IN SITU,CLOROFILA A,0.91,µg/L,"0,91",0.029999999,Fluorescencia atómica,DISCRETA,22,3/16/2023,3,S2A_MSIL2A_20230316T104801_N0509_R051_T30TXK_20230316T165055,0.0022,0.0062,0.0062,0,0,0,0,0,0,0,0.0017,0.0023,0,6,0,0.008291
JU06660017,-1.0992,39.7301,3/13/2023,Estación punto de presa E. de Benagéber,DETERMINACION FÍSICO-QUÍMICA IN SITU,CLOROFILA A,0.89,µg/L,"0,89",0.029999999,Fluorescencia atómica,DISCRETA,25,3/16/2023,3,S2A_MSIL2A_20230316T104801_N0509_R051_T30TXK_20230316T165055,0.0022,0.0062,0.0062,0,0,0,0,0,0,0,0.0017,0.0023,0,6,0,0.008291
JU06660017,-1.0992,39.7301,3/13/2023,Estación punto de presa E. de Benagéber,DETERMINACION FÍSICO-QUÍMICA IN SITU,CLOROFILA A,0.86,µg/L,"0,86",0.029999999,Fluorescencia atómica,DISCRETA,27,3/16/2023,3,S2A_MSIL2A_20230316T104801_N0509_R051_T30TXK_20230316T165055,0.0022,0.0062,0.0062,0,0,0,0,0,0,0,0.0017,0.0023,0,6,0,0.008291
JU06660017,-1.0992,39.7301,3/13/2023,Estación punto de presa E. de Benagéber,DETERMINACION FÍSICO-QUÍMICA IN SITU,CLOROFILA A,0.78,µg/L,"0,78",0.029999999,Fluorescencia atómica,DISCRETA,34,3/16/2023,3,S2A_MSIL2A_20230316T104801_N0509_R051_T30TXK_20230316T165055,0.0022,0.0062,0.0062,0,0,0,0,0,0,0,0.0017,0.0023,0,6,0,0.008291
JU06660017,-1.0992,39.7301,3/13/2023,Estación punto de presa E. de Benagéber,DETERMINACION FÍSICO-QUÍMICA IN SITU,CLOROFILA A,0.73,µg/L,"0,73",0.029999999,Fluorescencia atómica,DISCRETA,39,3/16/2023,3,S2A_MSIL2A_20230316T104801_N0509_R051_T30TXK_20230316T165055,0.0022,0.0062,0.0062,0,0,0,0,0,0,0,0.0017,0.0023,0,6,0,0.008291
JU06660017,-1.0992,39.7301,3/13/2023,Estación punto de presa E. de Benagéber,DETERMINACION FÍSICO-QUÍMICA IN SITU,CLOROFILA A,0.56,µg/L,"0,56",0.029999999,Fluorescencia atómica,DISCRETA,48,3/16/2023,3,S2A_MSIL2A_20230316T104801_N0509_R051_T30TXK_20230316T165055,0.0022,0.0062,0.0062,0,0,0,0,0,0,0,0.0017,0.0023,0,6,0,0.008291
JU06660017,-1.0992,39.7301,3/13/2023,Estación punto de presa E. de Benagéber,DETERMINACION FÍSICO-QUÍMICA IN SITU,CLOROFILA A,0.58,µg/L,"0,58",0.029999999,Fluorescencia atómica,DISCRETA,50,3/16/2023,3,S2A_MSIL2A_20230316T104801_N0509_R051_T30TXK_20230316T165055,0.0022,0.0062,0.0062,0,0,0,0,0,0,0,0.0017,0.0023,0,6,0,0.008291
JU06660017,-1.0992,39.7301,3/13/2023,Estación punto de presa E. de Benagéber,DETERMINACION FÍSICO-QUÍMICA IN SITU,CLOROFILA A,0.42,µg/L,"0,42",0.029999999,Fluorescencia atómica,DISCRETA,61,3/16/2023,3,S2A_MSIL2A_20230316T104801_N0509_R051_T30TXK_20230316T165055,0.0022,0.0062,0.0062,0,0,0,0,0,0,0,0.0017,0.0023,0,6,0,0.008291
JU06660017,-1.0992,39.7301,3/13/2023,Estación punto de presa E. de Benagéber,DETERMINACION FÍSICO-QUÍMICA IN SITU,CLOROFILA A,0.56,µg/L,"0,56",0.029999999,Fluorescencia atómica,DISCRETA,6,3/16/2023,3,S2A_MSIL2A_20230316T104801_N0509_R051_T30TXK_20230316T165055,0.0022,0.0062,0.0062,0,0,0,0,0,0,0,0.0017,0.0023,0,6,0,0.008291
JU06660017,-1.0992,39.7301,3/13/2023,Estación punto de presa E. de Benagéber,DETERMINACION FÍSICO-QUÍMICA IN SITU,CLOROFILA A,0.82,µg/L,"0,82",0.029999999,Fluorescencia atómica,DISCRETA,28,3/16/2023,3,S2A_MSIL2A_20230316T104801_N0509_R051_T30TXK_20230316T165055,0.0022,0.0062,0.0062,0,0,0,0,0,0,0,0.0017,0.0023,0,6,0,0.008291
JU06660017,-1.0992,39.7301,3/13/2023,Estación punto de presa E. de Benagéber,DETERMINACION FÍSICO-QUÍMICA IN SITU,CLOROFILA A,0.25,µg/L,"0,25",0.029999999,Fluorescencia atómica,DISCRETA,2,3/16/2023,3,S2A_MSIL2A_20230316T104801_N0509_R051_T30TXK_20230316T165055,0.0022,0.0062,0.0062,0,0,0,0,0,0,0,0.0017,0.0023,0,6,0,0.008291
JU06660017,-1.0992,39.7301,3/13/2023,Estación punto de presa E. de Benagéber,DETERMINACION FÍSICO-QUÍMICA IN SITU,CLOROFILA A,0.83,µg/L,"0,83",0.029999999,Fluorescencia atómica,DISCRETA,30,3/16/2023,3,S2A_MSIL2A_20230316T104801_N0509_R051_T30TXK_20230316T165055,0.0022,0.0062,0.0062,0,0,0,0,0,0,0,0.0017,0.0023,0,6,0,0.008291
JU06660017,-1.0992,39.7301,3/13/2023,Estación punto de presa E. de Benagéber,DETERMINACION FÍSICO-QUÍMICA IN SITU,CLOROFILA A,0.75,µg/L,"0,75",0.029999999,Fluorescencia atómica,DISCRETA,32,3/16/2023,3,S2A_MSIL2A_20230316T104801_N0509_R051_T30TXK_20230316T165055,0.0022,0.0062,0.0062,0,0,0,0,0,0,0,0.0017,0.0023,0,6,0,0.008291
JU06660017,-1.0992,39.7301,3/13/2023,Estación punto de presa E. de Benagéber,DETERMINACION FÍSICO-QUÍMICA IN SITU,CLOROFILA A,0.59,µg/L,"0,59",0.029999999,Fluorescencia atómica,DISCRETA,46,3/16/2023,3,S2A_MSIL2A_20230316T104801_N0509_R051_T30TXK_20230316T165055,0.0022,0.0062,0.0062,0,0,0,0,0,0,0,0.0017,0.0023,0,6,0,0.008291
JU06660017,-1.0992,39.7301,3/13/2023,Estación punto de presa E. de Benagéber,DETERMINACION FÍSICO-QUÍMICA IN SITU,CLOROFILA A,0.45,µg/L,"0,45",0.029999999,Fluorescencia atómica,DISCRETA,57,3/16/2023,3,S2A_MSIL2A_20230316T104801_N0509_R051_T30TXK_20230316T165055,0.0022,0.0062,0.0062,0,0,0,0,0,0,0,0.0017,0.0023,0,6,0,0.008291
JU06660017,-1.0992,39.7301,3/13/2023,Estación punto de presa E. de Benagéber,DETERMINACION FÍSICO-QUÍMICA IN SITU,CLOROFILA A,0.52,µg/L,"0,52",0.029999999,Fluorescencia atómica,DISCRETA,66,3/16/2023,3,S2A_MSIL2A_20230316T104801_N0509_R051_T30TXK_20230316T165055,0.0022,0.0062,0.0062,0,0,0,0,0,0,0,0.0017,0.0023,0,6,0,0.008291
JU06660017,-1.0992,39.7301,3/13/2023,Estación punto de presa E. de Benagéber,DETERMINACION FÍSICO-QUÍMICA IN SITU,CLOROFILA A,0.99,µg/L,"0,99",0.029999999,Fluorescencia atómica,DISCRETA,21,3/16/2023,3,S2A_MSIL2A_20230316T104801_N0509_R051_T30TXK_20230316T165055,0.0022,0.0062,0.0062,0,0,0,0,0,0,0,0.0017,0.0023,0,6,0,0.008291
JU06660017,-1.0992,39.7301,3/13/2023,Estación punto de presa E. de Benagéber,DETERMINACION FÍSICO-QUÍMICA IN SITU,CLOROFILA A,1.01,µg/L,"1,01",0.029999999,Fluorescencia atómica,DISCRETA,24,3/16/2023,3,S2A_MSIL2A_20230316T104801_N0509_R051_T30TXK_20230316T165055,0.0022,0.0062,0.0062,0,0,0,0,0,0,0,0.0017,0.0023,0,6,0,0.008291
JU06660017,-1.0992,39.7301,3/13/2023,Estación punto de presa E. de Benagéber,DETERMINACION FÍSICO-QUÍMICA IN SITU,CLOROFILA A,0.71,µg/L,"0,71",0.029999999,Fluorescencia atómica,DISCRETA,40,3/16/2023,3,S2A_MSIL2A_20230316T104801_N0509_R051_T30TXK_20230316T165055,0.0022,0.0062,0.0062,0,0,0,0,0,0,0,0.0017,0.0023,0,6,0,0.008291
JU06660017,-1.0992,39.7301,3/13/2023,Estación punto de presa E. de Benagéber,DETERMINACION FÍSICO-QUÍMICA IN SITU,CLOROFILA A,1.12,µg/L,"1,12",0.029999999,Fluorescencia atómica,DISCRETA,10,3/16/2023,3,S2A_MSIL2A_20230316T104801_N0509_R051_T30TXK_20230316T165055,0.0022,0.0062,0.0062,0,0,0,0,0,0,0,0.0017,0.0023,0,6,0,0.008291
JU06660017,-1.0992,39.7301,3/13/2023,Estación punto de presa E. de Benagéber,DETERMINACION FÍSICO-QUÍMICA IN SITU,CLOROFILA A,1.06,µg/L,"1,06",0.029999999,Fluorescencia atómica,DISCRETA,12,3/16/2023,3,S2A_MSIL2A_20230316T104801_N0509_R051_T30TXK_20230316T165055,0.0022,0.0062,0.0062,0,0,0,0,0,0,0,0.0017,0.0023,0,6,0,0.008291
JU06660017,-1.0992,39.7301,3/13/2023,Estación punto de presa E. de Benagéber,DETERMINACION FÍSICO-QUÍMICA IN SITU,CLOROFILA A,0.96,µg/L,"0,96",0.029999999,Fluorescencia atómica,DISCRETA,19,3/16/2023,3,S2A_MSIL2A_20230316T104801_N0509_R051_T30TXK_20230316T165055,0.0022,0.0062,0.0062,0,0,0,0,0,0,0,0.0017,0.0023,0,6,0,0.008291
JU06660017,-1.0992,39.7301,3/13/2023,Estación punto de presa E. de Benagéber,DETERMINACION FÍSICO-QUÍMICA IN SITU,CLOROFILA A,0.73,µg/L,"0,73",0.029999999,Fluorescencia atómica,DISCRETA,38,3/16/2023,3,S2A_MSIL2A_20230316T104801_N0509_R051_T30TXK_20230316T165055,0.0022,0.0062,0.0062,0,0,0,0,0,0,0,0.0017,0.0023,0,6,0,0.008291
JU06660017,-1.0992,39.7301,3/13/2023,Estación punto de presa E. de Benagéber,DETERMINACION FÍSICO-QUÍMICA IN SITU,CLOROFILA A,0.3,µg/L,"0,3",0.029999999,Fluorescencia atómica,DISCRETA,3,3/16/2023,3,S2A_MSIL2A_20230316T104801_N0509_R051_T30TXK_20230316T165055,0.0022,0.0062,0.0062,0,0,0,0,0,0,0,0.0017,0.0023,0,6,0,0.008291
JU06660017,-1.0992,39.7301,3/13/2023,Estación punto de presa E. de Benagéber,DETERMINACION FÍSICO-QUÍMICA IN SITU,CLOROFILA A,0.47,µg/L,"0,47",0.029999999,Fluorescencia atómica,DISCRETA,56,3/16/2023,3,S2A_MSIL2A_20230316T104801_N0509_R051_T30TXK_20230316T165055,0.0022,0.0062,0.0062,0,0,0,0,0,0,0,0.0017,0.0023,0,6,0,0.008291
JU06660017,-1.0992,39.7301,3/13/2023,Estación punto de presa E. de Benagéber,DETERMINACION FÍSICO-QUÍMICA IN SITU,CLOROFILA A,0.45,µg/L,"0,45",0.029999999,Fluorescencia atómica,DISCRETA,63,3/16/2023,3,S2A_MSIL2A_20230316T104801_N0509_R051_T30TXK_20230316T165055,0.0022,0.0062,0.0062,0,0,0,0,0,0,0,0.0017,0.0023,0,6,0,0.008291
JU06660017,-1.0992,39.7301,3/13/2023,Estación punto de presa E. de Benagéber,DETERMINACION FÍSICO-QUÍMICA IN SITU,CLOROFILA A,0.74,µg/L,"0,74",0.029999999,Fluorescencia atómica,DISCRETA,36,3/16/2023,3,S2A_MSIL2A_20230316T104801_N0509_R051_T30TXK_20230316T165055,0.0022,0.0062,0.0062,0,0,0,0,0,0,0,0.0017,0.0023,0,6,0,0.008291
JU06660017,-1.0992,39.7301,3/13/2023,Estación punto de presa E. de Benagéber,DETERMINACION FÍSICO-QUÍMICA IN SITU,CLOROFILA A,0.63,µg/L,"0,63",0.029999999,Fluorescencia atómica,DISCRETA,45,3/16/2023,3,S2A_MSIL2A_20230316T104801_N0509_R051_T30TXK_20230316T165055,0.0022,0.0062,0.0062,0,0,0,0,0,0,0,0.0017,0.0023,0,6,0,0.008291
JU06660017,-1.0992,39.7301,3/13/2023,Estación punto de presa E. de Benagéber,DETERMINACION FÍSICO-QUÍMICA IN SITU,CLOROFILA A,0.5,µg/L,"0,5",0.029999999,Fluorescencia atómica,DISCRETA,52,3/16/2023,3,S2A_MSIL2A_20230316T104801_N0509_R051_T30TXK_20230316T165055,0.0022,0.0062,0.0062,0,0,0,0,0,0,0,0.0017,0.0023,0,6,0,0.008291
JU06660017,-1.0992,39.7301,3/13/2023,Estación punto de presa E. de Benagéber,DETERMINACION FÍSICO-QUÍMICA IN SITU,CLOROFILA A,1.11,µg/L,"1,11",0.029999999,Fluorescencia atómica,DISCRETA,8,3/16/2023,3,S2A_MSIL2A_20230316T104801_N0509_R051_T30TXK_20230316T165055,0.0022,0.0062,0.0062,0,0,0,0,0,0,0,0.0017,0.0023,0,6,0,0.008291
JU06660017,-1.0992,39.7301,3/13/2023,Estación punto de presa E. de Benagéber,DETERMINACION FÍSICO-QUÍMICA IN SITU,CLOROFILA A,1.13,µg/L,"1,13",0.029999999,Fluorescencia atómica,DISCRETA,11,3/16/2023,3,S2A_MSIL2A_20230316T104801_N0509_R051_T30TXK_20230316T165055,0.0022,0.0062,0.0062,0,0,0,0,0,0,0,0.0017,0.0023,0,6,0,0.008291
JU06660017,-1.0992,39.7301,3/13/2023,Estación punto de presa E. de Benagéber,DETERMINACION FÍSICO-QUÍMICA IN SITU,CLOROFILA A,0.97,µg/L,"0,97",0.029999999,Fluorescencia atómica,DISCRETA,15,3/16/2023,3,S2A_MSIL2A_20230316T104801_N0509_R051_T30TXK_20230316T165055,0.0022,0.0062,0.0062,0,0,0,0,0,0,0,0.0017,0.0023,0,6,0,0.008291
JU06660017,-1.0992,39.7301,3/13/2023,Estación punto de presa E. de Benagéber,DETERMINACION FÍSICO-QUÍMICA IN SITU,CLOROFILA A,0.99,µg/L,"0,99",0.029999999,Fluorescencia atómica,DISCRETA,20,3/16/2023,3,S2A_MSIL2A_20230316T104801_N0509_R051_T30TXK_20230316T165055,0.0022,0.0062,0.0062,0,0,0,0,0,0,0,0.0017,0.0023,0,6,0,0.008291
JU06660017,-1.0992,39.7301,3/13/2023,Estación punto de presa E. de Benagéber,DETERMINACION FÍSICO-QUÍMICA IN SITU,CLOROFILA A,0.77,µg/L,"0,77",0.029999999,Fluorescencia atómica,DISCRETA,35,3/16/2023,3,S2A_MSIL2A_20230316T104801_N0509_R051_T30TXK_20230316T165055,0.0022,0.0062,0.0062,0,0,0,0,0,0,0,0.0017,0.0023,0,6,0,0.008291
JU06660017,-1.0992,39.7301,3/13/2023,Estación punto de presa E. de Benagéber,DETERMINACION FÍSICO-QUÍMICA IN SITU,CLOROFILA A,0.68,µg/L,"0,68",0.029999999,Fluorescencia atómica,DISCRETA,42,3/16/2023,3,S2A_MSIL2A_20230316T104801_N0509_R051_T30TXK_20230316T165055,0.0022,0.0062,0.0062,0,0,0,0,0,0,0,0.0017,0.0023,0,6,0,0.008291
JU06660017,-1.0992,39.7301,3/13/2023,Estación punto de presa E. de Benagéber,DETERMINACION FÍSICO-QUÍMICA IN SITU,CLOROFILA A,0.67,µg/L,"0,67",0.029999999,Fluorescencia atómica,DISCRETA,43,3/16/2023,3,S2A_MSIL2A_20230316T104801_N0509_R051_T30TXK_20230316T165055,0.0022,0.0062,0.0062,0,0,0,0,0,0,0,0.0017,0.0023,0,6,0,0.008291
JU06660017,-1.0992,39.7301,3/13/2023,Estación punto de presa E. de Benagéber,DETERMINACION FÍSICO-QUÍMICA IN SITU,CLOROFILA A,0.48,µg/L,"0,48",0.029999999,Fluorescencia atómica,DISCRETA,53,3/16/2023,3,S2A_MSIL2A_20230316T104801_N0509_R051_T30TXK_20230316T165055,0.0022,0.0062,0.0062,0,0,0,0,0,0,0,0.0017,0.0023,0,6,0,0.008291
JU06660017,-1.0992,39.7301,3/13/2023,Estación punto de presa E. de Benagéber,DETERMINACION FÍSICO-QUÍMICA IN SITU,CLOROFILA A,0.46,µg/L,"0,46",0.029999999,Fluorescencia atómica,DISCRETA,54,3/16/2023,3,S2A_MSIL2A_20230316T104801_N0509_R051_T30TXK_20230316T165055,0.0022,0.0062,0.0062,0,0,0,0,0,0,0,0.0017,0.0023,0,6,0,0.008291
JU06660017,-1.0992,39.7301,3/13/2023,Estación punto de presa E. de Benagéber,DETERMINACION FÍSICO-QUÍMICA IN SITU,CLOROFILA A,0.51,µg/L,"0,51",0.029999999,Fluorescencia atómica,DISCRETA,65,3/16/2023,3,S2A_MSIL2A_20230316T104801_N0509_R051_T30TXK_20230316T165055,0.0022,0.0062,0.0062,0,0,0,0,0,0,0,0.0017,0.0023,0,6,0,0.008291
JU06660017,-1.0992,39.7301,3/13/2023,Estación punto de presa E. de Benagéber,DETERMINACION FÍSICO-QUÍMICA IN SITU,CLOROFILA A,0.71,µg/L,"0,71",0.029999999,Fluorescencia atómica,DISCRETA,7,3/16/2023,3,S2A_MSIL2A_20230316T104801_N0509_R051_T30TXK_20230316T165055,0.0022,0.0062,0.0062,0,0,0,0,0,0,0,0.0017,0.0023,0,6,0,0.008291
JU06660017,-1.0992,39.7301,3/13/2023,Estación punto de presa E. de Benagéber,DETERMINACION FÍSICO-QUÍMICA IN SITU,CLOROFILA A,1.09,µg/L,"1,09",0.029999999,Fluorescencia atómica,DISCRETA,9,3/16/2023,3,S2A_MSIL2A_20230316T104801_N0509_R051_T30TXK_20230316T165055,0.0022,0.0062,0.0062,0,0,0,0,0,0,0,0.0017,0.0023,0,6,0,0.008291
JU06660017,-1.0992,39.7301,3/13/2023,Estación punto de presa E. de Benagéber,TOMA DE MUESTRAS PARA LABORATORIO,CLOROFILA A,1.3,µg/L,"1,3",1,Espectofotometría de absorción molecular,INTEGRADA,-1,3/16/2023,3,S2A_MSIL2A_20230316T104801_N0509_R051_T30TXK_20230316T165055,0.0022,0.0062,0.0062,0,0,0,0,0,0,0,0.0017,0.0023,0,6,0,0.008291
JU06660017,-1.0992,39.7301,3/13/2023,Estación punto de presa E. de Benagéber,TOMA DE MUESTRAS PARA LABORATORIO,SOLIDOS EN SUSPENSION,5.6,mg/L,"5,6",2,Gravimetría,INTEGRADA,-1,3/16/2023,3,S2A_MSIL2A_20230316T104801_N0509_R051_T30TXK_20230316T165055,0.0022,0.0062,0.0062,0,0,0,0,0,0,0,0.0017,0.0023,0,6,0,0.008291
JU06660017,-1.0992,39.7301,3/13/2023,Estación punto de presa E. de Benagéber,DETERMINACION FÍSICO-QUÍMICA IN SITU,CLOROFILA A,0.6,µg/L,"0,6",0.029999999,Fluorescencia atómica,DISCRETA,47,3/16/2023,3,S2A_MSIL2A_20230316T104801_N0509_R051_T30TXK_20230316T165055,0.0022,0.0062,0.0062,0,0,0,0,0,0,0,0.0017,0.0023,0,6,0,0.008291
JU06660017,-1.0992,39.7301,3/13/2023,Estación punto de presa E. de Benagéber,DETERMINACION FÍSICO-QUÍMICA IN SITU,CLOROFILA A,0.59,µg/L,"0,59",0.029999999,Fluorescencia atómica,DISCRETA,49,3/16/2023,3,S2A_MSIL2A_20230316T104801_N0509_R051_T30TXK_20230316T165055,0.0022,0.0062,0.0062,0,0,0,0,0,0,0,0.0017,0.0023,0,6,0,0.008291
JU06660017,-1.0992,39.7301,3/13/2023,Estación punto de presa E. de Benagéber,DETERMINACION FÍSICO-QUÍMICA IN SITU,CLOROFILA A,0.54,µg/L,"0,54",0.029999999,Fluorescencia atómica,DISCRETA,51,3/16/2023,3,S2A_MSIL2A_20230316T104801_N0509_R051_T30TXK_20230316T165055,0.0022,0.0062,0.0062,0,0,0,0,0,0,0,0.0017,0.0023,0,6,0,0.008291
JU06660017,-1.0992,39.7301,3/13/2023,Estación punto de presa E. de Benagéber,DETERMINACION FÍSICO-QUÍMICA IN SITU,CLOROFILA A,0.49,µg/L,"0,49",0.029999999,Fluorescencia atómica,DISCRETA,55,3/16/2023,3,S2A_MSIL2A_20230316T104801_N0509_R051_T30TXK_20230316T165055,0.0022,0.0062,0.0062,0,0,0,0,0,0,0,0.0017,0.0023,0,6,0,0.008291
JU06660017,-1.0992,39.7301,3/13/2023,Estación punto de presa E. de Benagéber,DETERMINACION FÍSICO-QUÍMICA IN SITU,CLOROFILA A,0.48,µg/L,"0,48",0.029999999,Fluorescencia atómica,DISCRETA,58,3/16/2023,3,S2A_MSIL2A_20230316T104801_N0509_R051_T30TXK_20230316T165055,0.0022,0.0062,0.0062,0,0,0,0,0,0,0,0.0017,0.0023,0,6,0,0.008291
JU06660017,-1.0992,39.7301,3/13/2023,Estación punto de presa E. de Benagéber,DETERMINACION FÍSICO-QUÍMICA IN SITU,CLOROFILA A,0.46,µg/L,"0,46",0.029999999,Fluorescencia atómica,DISCRETA,5,3/16/2023,3,S2A_MSIL2A_20230316T104801_N0509_R051_T30TXK_20230316T165055,0.0022,0.0062,0.0062,0,0,0,0,0,0,0,0.0017,0.0023,0,6,0,0.008291
JU06660017,-1.0992,39.7301,3/13/2023,Estación punto de presa E. de Benagéber,TOMA DE MUESTRAS PARA LABORATORIO,FOSFORO TOTAL,0.02,mg P/l,"0,02",0.02,Espectofotometría de absorción molecular,INTEGRADA,-1,3/16/2023,3,S2A_MSIL2A_20230316T104801_N0509_R051_T30TXK_20230316T165055,0.0022,0.0062,0.0062,0,0,0,0,0,0,0,0.0017,0.0023,0,6,0,0.008291
JU06660017,-1.0992,39.7301,3/13/2023,Estación punto de presa E. de Benagéber,DETERMINACION FÍSICO-QUÍMICA IN SITU,Profundidad del disco de secchi,8.899999619,m,,,,INTEGRADA,-1,3/16/2023,3,S2A_MSIL2A_20230316T104801_N0509_R051_T30TXK_20230316T165055,0.0022,0.0062,0.0062,0,0,0,0,0,0,0,0.0017,0.0023,0,6,0,0.008291
JU06150028,-0.2307,40.0116,2/2/2023,Estación punto de presa E. de Sitjar,TOMA DE MUESTRAS PARA LABORATORIO,CLOROFILA A,0,µg/L,"<1,0",1,Espectofotometría de absorción molecular,INTEGRADA,-1,1/30/2023,3,S2B_MSIL2A_20230130T105209_N0509_R051_T30TYK_20230130T121428,0.0341,0.0576,0.06,0.0096,0.0024,0,0,0,0,0,0.0009,0.0013,0,6,0,2.242232
JU06150028,-0.2307,40.0116,2/2/2023,Estación punto de presa E. de Sitjar,TOMA DE MUESTRAS PARA LABORATORIO,SOLIDOS EN SUSPENSION,0,mg/L,<2,2,Gravimetría,INTEGRADA,-1,1/30/2023,3,S2B_MSIL2A_20230130T105209_N0509_R051_T30TYK_20230130T121428,0.0341,0.0576,0.06,0.0096,0.0024,0,0,0,0,0,0.0009,0.0013,0,6,0,2.242232
JU06150028,-0.2307,40.0116,2/2/2023,Estación punto de presa E. de Sitjar,TOMA DE MUESTRAS PARA LABORATORIO,FOSFORO TOTAL,0.105,mg P/l,"0,105",0.02,Espectofotometría de absorción molecular,INTEGRADA,-1,1/30/2023,3,S2B_MSIL2A_20230130T105209_N0509_R051_T30TYK_20230130T121428,0.0341,0.0576,0.06,0.0096,0.0024,0,0,0,0,0,0.0009,0.0013,0,6,0,2.242232
JU06150028,-0.2307,40.0116,2/2/2023,Estación punto de presa E. de Sitjar,DETERMINACION FÍSICO-QUÍMICA IN SITU,Profundidad del disco de secchi,3.400000095,m,,,,INTEGRADA,-1,1/30/2023,3,S2B_MSIL2A_20230130T105209_N0509_R051_T30TYK_20230130T121428,0.0341,0.0576,0.06,0.0096,0.0024,0,0,0,0,0,0.0009,0.0013,0,6,0,2.242232
JU06160014,-0.164,40.0293,1/30/2023,Estación punto de presa E. de María Cristina,TOMA DE MUESTRAS PARA LABORATORIO,CLOROFILA A,11,µg/L,11,1,Espectofotometría de absorción molecular,INTEGRADA,-1,1/25/2023,5,S2A_MSIL2A_20230125T105331_N0509_R051_T30TYK_20230125T165502,0.0452,0.0605,0.1034,0.0627,0.0453,0.0091,0.0078,0.0055,0.0029,0,0.0038,0.005,0,6,0,26.821378
JU06160014,-0.164,40.0293,1/30/2023,Estación punto de presa E. de María Cristina,TOMA DE MUESTRAS PARA LABORATORIO,SOLIDOS EN SUSPENSION,8,mg/L,8,2,Gravimetría,INTEGRADA,-1,1/25/2023,5,S2A_MSIL2A_20230125T105331_N0509_R051_T30TYK_20230125T165502,0.0452,0.0605,0.1034,0.0627,0.0453,0.0091,0.0078,0.0055,0.0029,0,0.0038,0.005,0,6,0,26.821378
JU06160014,-0.164,40.0293,1/30/2023,Estación punto de presa E. de María Cristina,TOMA DE MUESTRAS PARA LABORATORIO,FOSFORO TOTAL,0.041,mg P/l,"0,041",0.02,Espectofotometría de absorción molecular,INTEGRADA,-1,1/25/2023,5,S2A_MSIL2A_20230125T105331_N0509_R051_T30TYK_20230125T165502,0.0452,0.0605,0.1034,0.0627,0.0453,0.0091,0.0078,0.0055,0.0029,0,0.0038,0.005,0,6,0,26.821378
JU06160014,-0.164,40.0293,1/30/2023,Estación punto de presa E. de María Cristina,DETERMINACION FÍSICO-QUÍMICA IN SITU,Profundidad del disco de secchi,0.699999988,m,,,,INTEGRADA,-1,1/25/2023,5,S2A_MSIL2A_20230125T105331_N0509_R051_T30TYK_20230125T165502,0.0452,0.0605,0.1034,0.0627,0.0453,0.0091,0.0078,0.0055,0.0029,0,0.0038,0.005,0,6,0,26.821378
JU06660017,-1.0992,39.7301,1/30/2023,Estación punto de presa E. de Benagéber,TOMA DE MUESTRAS PARA LABORATORIO,CLOROFILA A,1.3,µg/L,"1,3",1,Espectofotometría de absorción molecular,INTEGRADA,-1,2/2/2023,3,S2B_MSIL2A_20230202T110159_N0509_R094_T30SXJ_20230202T122454,0.0119,0.0281,0.0329,0.0046,0.0007,0,0,0,0,0,0.0007,0.0011,0,6,0,0.000795
JU06660017,-1.0992,39.7301,1/30/2023,Estación punto de presa E. de Benagéber,TOMA DE MUESTRAS PARA LABORATORIO,SOLIDOS EN SUSPENSION,0,mg/L,<2,2,Gravimetría,INTEGRADA,-1,2/2/2023,3,S2B_MSIL2A_20230202T110159_N0509_R094_T30SXJ_20230202T122454,0.0119,0.0281,0.0329,0.0046,0.0007,0,0,0,0,0,0.0007,0.0011,0,6,0,0.000795
JU06660017,-1.0992,39.7301,1/30/2023,Estación punto de presa E. de Benagéber,TOMA DE MUESTRAS PARA LABORATORIO,FOSFORO TOTAL,0.02,mg P/l,"0,02",0.02,Espectofotometría de absorción molecular,INTEGRADA,-1,2/2/2023,3,S2B_MSIL2A_20230202T110159_N0509_R094_T30SXJ_20230202T122454,0.0119,0.0281,0.0329,0.0046,0.0007,0,0,0,0,0,0.0007,0.0011,0,6,0,0.000795
JU06660017,-1.0992,39.7301,1/30/2023,Estación punto de presa E. de Benagéber,DETERMINACION FÍSICO-QUÍMICA IN SITU,Profundidad del disco de secchi,3,m,,,,INTEGRADA,-1,2/2/2023,3,S2B_MSIL2A_20230202T110159_N0509_R094_T30SXJ_20230202T122454,0.0119,0.0281,0.0329,0.0046,0.0007,0,0,0,0,0,0.0007,0.0011,0,6,0,0.000795
JU06150028,-0.2307,40.0116,12/13/2022,Estación punto de presa E. de Sitjar,DETERMINACION FÍSICO-QUÍMICA IN SITU,CLOROFILA A,0.7,µg/L,"0,7",0.029999999,Fluorescencia atómica,DISCRETA,14,12/16/2022,3,S2A_MSIL2A_20221216T105441_N0509_R051_T30TYK_20221216T165401,0.0211,0.0355,0.0412,0.0072,0.0023,0,0,0,0,0,0.0016,0.0005,0,6,0,14.070152
JU06150028,-0.2307,40.0116,12/13/2022,Estación punto de presa E. de Sitjar,DETERMINACION FÍSICO-QUÍMICA IN SITU,CLOROFILA A,0.69,µg/L,"0,69",0.029999999,Fluorescencia atómica,DISCRETA,24,12/16/2022,3,S2A_MSIL2A_20221216T105441_N0509_R051_T30TYK_20221216T165401,0.0211,0.0355,0.0412,0.0072,0.0023,0,0,0,0,0,0.0016,0.0005,0,6,0,14.070152
JU06150028,-0.2307,40.0116,12/13/2022,Estación punto de presa E. de Sitjar,DETERMINACION FÍSICO-QUÍMICA IN SITU,CLOROFILA A,0.49,µg/L,"0,49",0.029999999,Fluorescencia atómica,DISCRETA,20,12/16/2022,3,S2A_MSIL2A_20221216T105441_N0509_R051_T30TYK_20221216T165401,0.0211,0.0355,0.0412,0.0072,0.0023,0,0,0,0,0,0.0016,0.0005,0,6,0,14.070152
JU06150028,-0.2307,40.0116,12/13/2022,Estación punto de presa E. de Sitjar,DETERMINACION FÍSICO-QUÍMICA IN SITU,CLOROFILA A,0.78,µg/L,"0,78",0.029999999,Fluorescencia atómica,DISCRETA,5,12/16/2022,3,S2A_MSIL2A_20221216T105441_N0509_R051_T30TYK_20221216T165401,0.0211,0.0355,0.0412,0.0072,0.0023,0,0,0,0,0,0.0016,0.0005,0,6,0,14.070152
JU06150028,-0.2307,40.0116,12/13/2022,Estación punto de presa E. de Sitjar,DETERMINACION FÍSICO-QUÍMICA IN SITU,CLOROFILA A,0.81,µg/L,"0,81",0.029999999,Fluorescencia atómica,DISCRETA,9,12/16/2022,3,S2A_MSIL2A_20221216T105441_N0509_R051_T30TYK_20221216T165401,0.0211,0.0355,0.0412,0.0072,0.0023,0,0,0,0,0,0.0016,0.0005,0,6,0,14.070152
JU06150028,-0.2307,40.0116,12/13/2022,Estación punto de presa E. de Sitjar,DETERMINACION FÍSICO-QUÍMICA IN SITU,CLOROFILA A,0.8,µg/L,"0,8",0.029999999,Fluorescencia atómica,DISCRETA,12,12/16/2022,3,S2A_MSIL2A_20221216T105441_N0509_R051_T30TYK_20221216T165401,0.0211,0.0355,0.0412,0.0072,0.0023,0,0,0,0,0,0.0016,0.0005,0,6,0,14.070152
JU06150028,-0.2307,40.0116,12/13/2022,Estación punto de presa E. de Sitjar,DETERMINACION FÍSICO-QUÍMICA IN SITU,CLOROFILA A,0.72,µg/L,"0,72",0.029999999,Fluorescencia atómica,DISCRETA,6,12/16/2022,3,S2A_MSIL2A_20221216T105441_N0509_R051_T30TYK_20221216T165401,0.0211,0.0355,0.0412,0.0072,0.0023,0,0,0,0,0,0.0016,0.0005,0,6,0,14.070152
JU06150028,-0.2307,40.0116,12/13/2022,Estación punto de presa E. de Sitjar,DETERMINACION FÍSICO-QUÍMICA IN SITU,CLOROFILA A,0.76,µg/L,"0,76",0.029999999,Fluorescencia atómica,DISCRETA,8,12/16/2022,3,S2A_MSIL2A_20221216T105441_N0509_R051_T30TYK_20221216T165401,0.0211,0.0355,0.0412,0.0072,0.0023,0,0,0,0,0,0.0016,0.0005,0,6,0,14.070152
JU06150028,-0.2307,40.0116,12/13/2022,Estación punto de presa E. de Sitjar,TOMA DE MUESTRAS PARA LABORATORIO,SOLIDOS EN SUSPENSION,0,mg/L,<2,2,Gravimetría,INTEGRADA,-1,12/16/2022,3,S2A_MSIL2A_20221216T105441_N0509_R051_T30TYK_20221216T165401,0.0211,0.0355,0.0412,0.0072,0.0023,0,0,0,0,0,0.0016,0.0005,0,6,0,14.070152
JU06150028,-0.2307,40.0116,12/13/2022,Estación punto de presa E. de Sitjar,DETERMINACION FÍSICO-QUÍMICA IN SITU,CLOROFILA A,0.77,µg/L,"0,77",0.029999999,Fluorescencia atómica,DISCRETA,0,12/16/2022,3,S2A_MSIL2A_20221216T105441_N0509_R051_T30TYK_20221216T165401,0.0211,0.0355,0.0412,0.0072,0.0023,0,0,0,0,0,0.0016,0.0005,0,6,0,14.070152
JU06150028,-0.2307,40.0116,12/13/2022,Estación punto de presa E. de Sitjar,DETERMINACION FÍSICO-QUÍMICA IN SITU,CLOROFILA A,0.6,µg/L,"0,6",0.029999999,Fluorescencia atómica,DISCRETA,23,12/16/2022,3,S2A_MSIL2A_20221216T105441_N0509_R051_T30TYK_20221216T165401,0.0211,0.0355,0.0412,0.0072,0.0023,0,0,0,0,0,0.0016,0.0005,0,6,0,14.070152
JU06150028,-0.2307,40.0116,12/13/2022,Estación punto de presa E. de Sitjar,DETERMINACION FÍSICO-QUÍMICA IN SITU,CLOROFILA A,0.73,µg/L,"0,73",0.029999999,Fluorescencia atómica,DISCRETA,25,12/16/2022,3,S2A_MSIL2A_20221216T105441_N0509_R051_T30TYK_20221216T165401,0.0211,0.0355,0.0412,0.0072,0.0023,0,0,0,0,0,0.0016,0.0005,0,6,0,14.070152
JU06150028,-0.2307,40.0116,12/13/2022,Estación punto de presa E. de Sitjar,DETERMINACION FÍSICO-QUÍMICA IN SITU,CLOROFILA A,0.81,µg/L,"0,81",0.029999999,Fluorescencia atómica,DISCRETA,3,12/16/2022,3,S2A_MSIL2A_20221216T105441_N0509_R051_T30TYK_20221216T165401,0.0211,0.0355,0.0412,0.0072,0.0023,0,0,0,0,0,0.0016,0.0005,0,6,0,14.070152
JU06150028,-0.2307,40.0116,12/13/2022,Estación punto de presa E. de Sitjar,DETERMINACION FÍSICO-QUÍMICA IN SITU,CLOROFILA A,0.79,µg/L,"0,79",0.029999999,Fluorescencia atómica,DISCRETA,2,12/16/2022,3,S2A_MSIL2A_20221216T105441_N0509_R051_T30TYK_20221216T165401,0.0211,0.0355,0.0412,0.0072,0.0023,0,0,0,0,0,0.0016,0.0005,0,6,0,14.070152
JU06150028,-0.2307,40.0116,12/13/2022,Estación punto de presa E. de Sitjar,DETERMINACION FÍSICO-QUÍMICA IN SITU,CLOROFILA A,0.9,µg/L,"0,9",0.029999999,Fluorescencia atómica,DISCRETA,11,12/16/2022,3,S2A_MSIL2A_20221216T105441_N0509_R051_T30TYK_20221216T165401,0.0211,0.0355,0.0412,0.0072,0.0023,0,0,0,0,0,0.0016,0.0005,0,6,0,14.070152
JU06150028,-0.2307,40.0116,12/13/2022,Estación punto de presa E. de Sitjar,DETERMINACION FÍSICO-QUÍMICA IN SITU,CLOROFILA A,0.79,µg/L,"0,79",0.029999999,Fluorescencia atómica,DISCRETA,13,12/16/2022,3,S2A_MSIL2A_20221216T105441_N0509_R051_T30TYK_20221216T165401,0.0211,0.0355,0.0412,0.0072,0.0023,0,0,0,0,0,0.0016,0.0005,0,6,0,14.070152
JU06150028,-0.2307,40.0116,12/13/2022,Estación punto de presa E. de Sitjar,DETERMINACION FÍSICO-QUÍMICA IN SITU,CLOROFILA A,0.58,µg/L,"0,58",0.029999999,Fluorescencia atómica,DISCRETA,15,12/16/2022,3,S2A_MSIL2A_20221216T105441_N0509_R051_T30TYK_20221216T165401,0.0211,0.0355,0.0412,0.0072,0.0023,0,0,0,0,0,0.0016,0.0005,0,6,0,14.070152
JU06150028,-0.2307,40.0116,12/13/2022,Estación punto de presa E. de Sitjar,DETERMINACION FÍSICO-QUÍMICA IN SITU,CLOROFILA A,0.42,µg/L,"0,42",0.029999999,Fluorescencia atómica,DISCRETA,17,12/16/2022,3,S2A_MSIL2A_20221216T105441_N0509_R051_T30TYK_20221216T165401,0.0211,0.0355,0.0412,0.0072,0.0023,0,0,0,0,0,0.0016,0.0005,0,6,0,14.070152
JU06150028,-0.2307,40.0116,12/13/2022,Estación punto de presa E. de Sitjar,DETERMINACION FÍSICO-QUÍMICA IN SITU,CLOROFILA A,0.65,µg/L,"0,65",0.029999999,Fluorescencia atómica,DISCRETA,22,12/16/2022,3,S2A_MSIL2A_20221216T105441_N0509_R051_T30TYK_20221216T165401,0.0211,0.0355,0.0412,0.0072,0.0023,0,0,0,0,0,0.0016,0.0005,0,6,0,14.070152
JU06150028,-0.2307,40.0116,12/13/2022,Estación punto de presa E. de Sitjar,DETERMINACION FÍSICO-QUÍMICA IN SITU,CLOROFILA A,0.56,µg/L,"0,56",0.029999999,Fluorescencia atómica,DISCRETA,16,12/16/2022,3,S2A_MSIL2A_20221216T105441_N0509_R051_T30TYK_20221216T165401,0.0211,0.0355,0.0412,0.0072,0.0023,0,0,0,0,0,0.0016,0.0005,0,6,0,14.070152
JU06150028,-0.2307,40.0116,12/13/2022,Estación punto de presa E. de Sitjar,DETERMINACION FÍSICO-QUÍMICA IN SITU,CLOROFILA A,0.74,µg/L,"0,74",0.029999999,Fluorescencia atómica,DISCRETA,1,12/16/2022,3,S2A_MSIL2A_20221216T105441_N0509_R051_T30TYK_20221216T165401,0.0211,0.0355,0.0412,0.0072,0.0023,0,0,0,0,0,0.0016,0.0005,0,6,0,14.070152
JU06150028,-0.2307,40.0116,12/13/2022,Estación punto de presa E. de Sitjar,DETERMINACION FÍSICO-QUÍMICA IN SITU,CLOROFILA A,0.52,µg/L,"0,52",0.029999999,Fluorescencia atómica,DISCRETA,21,12/16/2022,3,S2A_MSIL2A_20221216T105441_N0509_R051_T30TYK_20221216T165401,0.0211,0.0355,0.0412,0.0072,0.0023,0,0,0,0,0,0.0016,0.0005,0,6,0,14.070152
JU06150028,-0.2307,40.0116,12/13/2022,Estación punto de presa E. de Sitjar,DETERMINACION FÍSICO-QUÍMICA IN SITU,CLOROFILA A,0.72,µg/L,"0,72",0.029999999,Fluorescencia atómica,DISCRETA,7,12/16/2022,3,S2A_MSIL2A_20221216T105441_N0509_R051_T30TYK_20221216T165401,0.0211,0.0355,0.0412,0.0072,0.0023,0,0,0,0,0,0.0016,0.0005,0,6,0,14.070152
JU06150028,-0.2307,40.0116,12/13/2022,Estación punto de presa E. de Sitjar,DETERMINACION FÍSICO-QUÍMICA IN SITU,CLOROFILA A,0.8,µg/L,"0,8",0.029999999,Fluorescencia atómica,DISCRETA,10,12/16/2022,3,S2A_MSIL2A_20221216T105441_N0509_R051_T30TYK_20221216T165401,0.0211,0.0355,0.0412,0.0072,0.0023,0,0,0,0,0,0.0016,0.0005,0,6,0,14.070152
JU06150028,-0.2307,40.0116,12/13/2022,Estación punto de presa E. de Sitjar,DETERMINACION FÍSICO-QUÍMICA IN SITU,CLOROFILA A,0.42,µg/L,"0,42",0.029999999,Fluorescencia atómica,DISCRETA,18,12/16/2022,3,S2A_MSIL2A_20221216T105441_N0509_R051_T30TYK_20221216T165401,0.0211,0.0355,0.0412,0.0072,0.0023,0,0,0,0,0,0.0016,0.0005,0,6,0,14.070152
JU06150028,-0.2307,40.0116,12/13/2022,Estación punto de presa E. de Sitjar,DETERMINACION FÍSICO-QUÍMICA IN SITU,CLOROFILA A,0.42,µg/L,"0,42",0.029999999,Fluorescencia atómica,DISCRETA,19,12/16/2022,3,S2A_MSIL2A_20221216T105441_N0509_R051_T30TYK_20221216T165401,0.0211,0.0355,0.0412,0.0072,0.0023,0,0,0,0,0,0.0016,0.0005,0,6,0,14.070152
JU06150028,-0.2307,40.0116,12/13/2022,Estación punto de presa E. de Sitjar,DETERMINACION FÍSICO-QUÍMICA IN SITU,CLOROFILA A,0.82,µg/L,"0,82",0.029999999,Fluorescencia atómica,DISCRETA,4,12/16/2022,3,S2A_MSIL2A_20221216T105441_N0509_R051_T30TYK_20221216T165401,0.0211,0.0355,0.0412,0.0072,0.0023,0,0,0,0,0,0.0016,0.0005,0,6,0,14.070152
JU06150028,-0.2307,40.0116,12/13/2022,Estación punto de presa E. de Sitjar,TOMA DE MUESTRAS PARA LABORATORIO,FOSFORO TOTAL,0,mg P/l,"<0,02",0.02,Espectofotometría de absorción molecular,INTEGRADA,-1,12/16/2022,3,S2A_MSIL2A_20221216T105441_N0509_R051_T30TYK_20221216T165401,0.0211,0.0355,0.0412,0.0072,0.0023,0,0,0,0,0,0.0016,0.0005,0,6,0,14.070152
JU06160014,-0.164,40.0293,12/12/2022,Estación punto de presa E. de María Cristina,DETERMINACION FÍSICO-QUÍMICA IN SITU,CLOROFILA A,3.88,µg/L,"3,88",0.029999999,Fluorescencia atómica,DISCRETA,0.5,12/6/2022,6,S2A_MSIL2A_20221206T105431_N0509_R051_T30TYK_20221206T170601,0.0271,0.0204,0.0408,0.0364,0.04,0.0399,0.0496,0.032,0.0553,0.0927,0.0407,0.0399,0,6,12,63.419414
JU06160014,-0.164,40.0293,12/12/2022,Estación punto de presa E. de María Cristina,DETERMINACION FÍSICO-QUÍMICA IN SITU,CLOROFILA A,5.1,µg/L,"5,1",0.029999999,Fluorescencia atómica,DISCRETA,3.5,12/6/2022,6,S2A_MSIL2A_20221206T105431_N0509_R051_T30TYK_20221206T170601,0.0271,0.0204,0.0408,0.0364,0.04,0.0399,0.0496,0.032,0.0553,0.0927,0.0407,0.0399,0,6,12,63.419414
JU06160014,-0.164,40.0293,12/12/2022,Estación punto de presa E. de María Cristina,DETERMINACION FÍSICO-QUÍMICA IN SITU,CLOROFILA A,3.41,µg/L,"3,41",0.029999999,Fluorescencia atómica,DISCRETA,5,12/6/2022,6,S2A_MSIL2A_20221206T105431_N0509_R051_T30TYK_20221206T170601,0.0271,0.0204,0.0408,0.0364,0.04,0.0399,0.0496,0.032,0.0553,0.0927,0.0407,0.0399,0,6,12,63.419414
JU06160014,-0.164,40.0293,12/12/2022,Estación punto de presa E. de María Cristina,DETERMINACION FÍSICO-QUÍMICA IN SITU,CLOROFILA A,2.73,µg/L,"2,73",0.029999999,Fluorescencia atómica,DISCRETA,6,12/6/2022,6,S2A_MSIL2A_20221206T105431_N0509_R051_T30TYK_20221206T170601,0.0271,0.0204,0.0408,0.0364,0.04,0.0399,0.0496,0.032,0.0553,0.0927,0.0407,0.0399,0,6,12,63.419414
JU06160014,-0.164,40.0293,12/12/2022,Estación punto de presa E. de María Cristina,TOMA DE MUESTRAS PARA LABORATORIO,SOLIDOS EN SUSPENSION,3.2,mg/L,"3,2",2,Gravimetría,INTEGRADA,-1,12/6/2022,6,S2A_MSIL2A_20221206T105431_N0509_R051_T30TYK_20221206T170601,0.0271,0.0204,0.0408,0.0364,0.04,0.0399,0.0496,0.032,0.0553,0.0927,0.0407,0.0399,0,6,12,63.419414
JU06160014,-0.164,40.0293,12/12/2022,Estación punto de presa E. de María Cristina,DETERMINACION FÍSICO-QUÍMICA IN SITU,CLOROFILA A,3.24,µg/L,"3,24",0.029999999,Fluorescencia atómica,DISCRETA,5.5,12/6/2022,6,S2A_MSIL2A_20221206T105431_N0509_R051_T30TYK_20221206T170601,0.0271,0.0204,0.0408,0.0364,0.04,0.0399,0.0496,0.032,0.0553,0.0927,0.0407,0.0399,0,6,12,63.419414
JU06160014,-0.164,40.0293,12/12/2022,Estación punto de presa E. de María Cristina,DETERMINACION FÍSICO-QUÍMICA IN SITU,CLOROFILA A,3.39,µg/L,"3,39",0.029999999,Fluorescencia atómica,DISCRETA,0,12/6/2022,6,S2A_MSIL2A_20221206T105431_N0509_R051_T30TYK_20221206T170601,0.0271,0.0204,0.0408,0.0364,0.04,0.0399,0.0496,0.032,0.0553,0.0927,0.0407,0.0399,0,6,12,63.419414
JU06160014,-0.164,40.0293,12/12/2022,Estación punto de presa E. de María Cristina,DETERMINACION FÍSICO-QUÍMICA IN SITU,CLOROFILA A,5.19,µg/L,"5,19",0.029999999,Fluorescencia atómica,DISCRETA,2,12/6/2022,6,S2A_MSIL2A_20221206T105431_N0509_R051_T30TYK_20221206T170601,0.0271,0.0204,0.0408,0.0364,0.04,0.0399,0.0496,0.032,0.0553,0.0927,0.0407,0.0399,0,6,12,63.419414
JU06160014,-0.164,40.0293,12/12/2022,Estación punto de presa E. de María Cristina,DETERMINACION FÍSICO-QUÍMICA IN SITU,CLOROFILA A,6.79,µg/L,"6,79",0.029999999,Fluorescencia atómica,DISCRETA,4,12/6/2022,6,S2A_MSIL2A_20221206T105431_N0509_R051_T30TYK_20221206T170601,0.0271,0.0204,0.0408,0.0364,0.04,0.0399,0.0496,0.032,0.0553,0.0927,0.0407,0.0399,0,6,12,63.419414
JU06160014,-0.164,40.0293,12/12/2022,Estación punto de presa E. de María Cristina,DETERMINACION FÍSICO-QUÍMICA IN SITU,CLOROFILA A,4.74,µg/L,"4,74",0.029999999,Fluorescencia atómica,DISCRETA,4.5,12/6/2022,6,S2A_MSIL2A_20221206T105431_N0509_R051_T30TYK_20221206T170601,0.0271,0.0204,0.0408,0.0364,0.04,0.0399,0.0496,0.032,0.0553,0.0927,0.0407,0.0399,0,6,12,63.419414
JU06160014,-0.164,40.0293,12/12/2022,Estación punto de presa E. de María Cristina,DETERMINACION FÍSICO-QUÍMICA IN SITU,CLOROFILA A,2.28,µg/L,"2,28",0.029999999,Fluorescencia atómica,DISCRETA,7.5,12/6/2022,6,S2A_MSIL2A_20221206T105431_N0509_R051_T30TYK_20221206T170601,0.0271,0.0204,0.0408,0.0364,0.04,0.0399,0.0496,0.032,0.0553,0.0927,0.0407,0.0399,0,6,12,63.419414
JU06160014,-0.164,40.0293,12/12/2022,Estación punto de presa E. de María Cristina,DETERMINACION FÍSICO-QUÍMICA IN SITU,CLOROFILA A,1.96,µg/L,"1,96",0.029999999,Fluorescencia atómica,DISCRETA,7,12/6/2022,6,S2A_MSIL2A_20221206T105431_N0509_R051_T30TYK_20221206T170601,0.0271,0.0204,0.0408,0.0364,0.04,0.0399,0.0496,0.032,0.0553,0.0927,0.0407,0.0399,0,6,12,63.419414
JU06160014,-0.164,40.0293,12/12/2022,Estación punto de presa E. de María Cristina,DETERMINACION FÍSICO-QUÍMICA IN SITU,CLOROFILA A,4.94,µg/L,"4,94",0.029999999,Fluorescencia atómica,DISCRETA,1.5,12/6/2022,6,S2A_MSIL2A_20221206T105431_N0509_R051_T30TYK_20221206T170601,0.0271,0.0204,0.0408,0.0364,0.04,0.0399,0.0496,0.032,0.0553,0.0927,0.0407,0.0399,0,6,12,63.419414
JU06160014,-0.164,40.0293,12/12/2022,Estación punto de presa E. de María Cristina,DETERMINACION FÍSICO-QUÍMICA IN SITU,CLOROFILA A,2.11,µg/L,"2,11",0.029999999,Fluorescencia atómica,DISCRETA,6.5,12/6/2022,6,S2A_MSIL2A_20221206T105431_N0509_R051_T30TYK_20221206T170601,0.0271,0.0204,0.0408,0.0364,0.04,0.0399,0.0496,0.032,0.0553,0.0927,0.0407,0.0399,0,6,12,63.419414
JU06160014,-0.164,40.0293,12/12/2022,Estación punto de presa E. de María Cristina,DETERMINACION FÍSICO-QUÍMICA IN SITU,CLOROFILA A,4.69,µg/L,"4,69",0.029999999,Fluorescencia atómica,DISCRETA,1,12/6/2022,6,S2A_MSIL2A_20221206T105431_N0509_R051_T30TYK_20221206T170601,0.0271,0.0204,0.0408,0.0364,0.04,0.0399,0.0496,0.032,0.0553,0.0927,0.0407,0.0399,0,6,12,63.419414
JU06160014,-0.164,40.0293,12/12/2022,Estación punto de presa E. de María Cristina,DETERMINACION FÍSICO-QUÍMICA IN SITU,CLOROFILA A,5.14,µg/L,"5,14",0.029999999,Fluorescencia atómica,DISCRETA,2.5,12/6/2022,6,S2A_MSIL2A_20221206T105431_N0509_R051_T30TYK_20221206T170601,0.0271,0.0204,0.0408,0.0364,0.04,0.0399,0.0496,0.032,0.0553,0.0927,0.0407,0.0399,0,6,12,63.419414
JU06160014,-0.164,40.0293,12/12/2022,Estación punto de presa E. de María Cristina,DETERMINACION FÍSICO-QUÍMICA IN SITU,CLOROFILA A,5.43,µg/L,"5,43",0.029999999,Fluorescencia atómica,DISCRETA,3,12/6/2022,6,S2A_MSIL2A_20221206T105431_N0509_R051_T30TYK_20221206T170601,0.0271,0.0204,0.0408,0.0364,0.04,0.0399,0.0496,0.032,0.0553,0.0927,0.0407,0.0399,0,6,12,63.419414
JU06160014,-0.164,40.0293,12/12/2022,Estación punto de presa E. de María Cristina,TOMA DE MUESTRAS PARA LABORATORIO,FOSFORO TOTAL,0,mg P/l,"<0,02",0.02,Espectofotometría de absorción molecular,INTEGRADA,-1,12/6/2022,6,S2A_MSIL2A_20221206T105431_N0509_R051_T30TYK_20221206T170601,0.0271,0.0204,0.0408,0.0364,0.04,0.0399,0.0496,0.032,0.0553,0.0927,0.0407,0.0399,0,6,12,63.419414
JU06660017,-1.0992,39.7301,12/12/2022,Estación punto de presa E. de Benagéber,DETERMINACION FÍSICO-QUÍMICA IN SITU,CLOROFILA A,2.04,µg/L,"2,04",0.029999999,Fluorescencia atómica,DISCRETA,14,12/16/2022,4,S2A_MSIL2A_20221216T105441_N0509_R051_T30TXK_20221216T165401,0.0014,0.009,0.0101,0.0011,0.0012,0,0,0.0003,0.0007,0,0.0043,0.0024,0,6,0,55.369985
JU06660017,-1.0992,39.7301,12/12/2022,Estación punto de presa E. de Benagéber,DETERMINACION FÍSICO-QUÍMICA IN SITU,CLOROFILA A,2.28,µg/L,"2,28",0.029999999,Fluorescencia atómica,DISCRETA,24,12/16/2022,4,S2A_MSIL2A_20221216T105441_N0509_R051_T30TXK_20221216T165401,0.0014,0.009,0.0101,0.0011,0.0012,0,0,0.0003,0.0007,0,0.0043,0.0024,0,6,0,55.369985
JU06660017,-1.0992,39.7301,12/12/2022,Estación punto de presa E. de Benagéber,DETERMINACION FÍSICO-QUÍMICA IN SITU,CLOROFILA A,2.42,µg/L,"2,42",0.029999999,Fluorescencia atómica,DISCRETA,27,12/16/2022,4,S2A_MSIL2A_20221216T105441_N0509_R051_T30TXK_20221216T165401,0.0014,0.009,0.0101,0.0011,0.0012,0,0,0.0003,0.0007,0,0.0043,0.0024,0,6,0,55.369985
JU06660017,-1.0992,39.7301,12/12/2022,Estación punto de presa E. de Benagéber,DETERMINACION FÍSICO-QUÍMICA IN SITU,CLOROFILA A,1.29,µg/L,"1,29",0.029999999,Fluorescencia atómica,DISCRETA,0,12/16/2022,4,S2A_MSIL2A_20221216T105441_N0509_R051_T30TXK_20221216T165401,0.0014,0.009,0.0101,0.0011,0.0012,0,0,0.0003,0.0007,0,0.0043,0.0024,0,6,0,55.369985
JU06660017,-1.0992,39.7301,12/12/2022,Estación punto de presa E. de Benagéber,DETERMINACION FÍSICO-QUÍMICA IN SITU,CLOROFILA A,1.98,µg/L,"1,98",0.029999999,Fluorescencia atómica,DISCRETA,15,12/16/2022,4,S2A_MSIL2A_20221216T105441_N0509_R051_T30TXK_20221216T165401,0.0014,0.009,0.0101,0.0011,0.0012,0,0,0.0003,0.0007,0,0.0043,0.0024,0,6,0,55.369985
JU06660017,-1.0992,39.7301,12/12/2022,Estación punto de presa E. de Benagéber,DETERMINACION FÍSICO-QUÍMICA IN SITU,CLOROFILA A,2.11,µg/L,"2,11",0.029999999,Fluorescencia atómica,DISCRETA,17,12/16/2022,4,S2A_MSIL2A_20221216T105441_N0509_R051_T30TXK_20221216T165401,0.0014,0.009,0.0101,0.0011,0.0012,0,0,0.0003,0.0007,0,0.0043,0.0024,0,6,0,55.369985
JU06660017,-1.0992,39.7301,12/12/2022,Estación punto de presa E. de Benagéber,DETERMINACION FÍSICO-QUÍMICA IN SITU,CLOROFILA A,2.88,µg/L,"2,88",0.029999999,Fluorescencia atómica,DISCRETA,28,12/16/2022,4,S2A_MSIL2A_20221216T105441_N0509_R051_T30TXK_20221216T165401,0.0014,0.009,0.0101,0.0011,0.0012,0,0,0.0003,0.0007,0,0.0043,0.0024,0,6,0,55.369985
JU06660017,-1.0992,39.7301,12/12/2022,Estación punto de presa E. de Benagéber,DETERMINACION FÍSICO-QUÍMICA IN SITU,CLOROFILA A,2.3,µg/L,"2,3",0.029999999,Fluorescencia atómica,DISCRETA,26,12/16/2022,4,S2A_MSIL2A_20221216T105441_N0509_R051_T30TXK_20221216T165401,0.0014,0.009,0.0101,0.0011,0.0012,0,0,0.0003,0.0007,0,0.0043,0.0024,0,6,0,55.369985
JU06660017,-1.0992,39.7301,12/12/2022,Estación punto de presa E. de Benagéber,DETERMINACION FÍSICO-QUÍMICA IN SITU,CLOROFILA A,0.54,µg/L,"0,54",0.029999999,Fluorescencia atómica,DISCRETA,38,12/16/2022,4,S2A_MSIL2A_20221216T105441_N0509_R051_T30TXK_20221216T165401,0.0014,0.009,0.0101,0.0011,0.0012,0,0,0.0003,0.0007,0,0.0043,0.0024,0,6,0,55.369985
JU06660017,-1.0992,39.7301,12/12/2022,Estación punto de presa E. de Benagéber,DETERMINACION FÍSICO-QUÍMICA IN SITU,CLOROFILA A,0.54,µg/L,"0,54",0.029999999,Fluorescencia atómica,DISCRETA,39,12/16/2022,4,S2A_MSIL2A_20221216T105441_N0509_R051_T30TXK_20221216T165401,0.0014,0.009,0.0101,0.0011,0.0012,0,0,0.0003,0.0007,0,0.0043,0.0024,0,6,0,55.369985
JU06660017,-1.0992,39.7301,12/12/2022,Estación punto de presa E. de Benagéber,DETERMINACION FÍSICO-QUÍMICA IN SITU,CLOROFILA A,0.34,µg/L,"0,34",0.029999999,Fluorescencia atómica,DISCRETA,52,12/16/2022,4,S2A_MSIL2A_20221216T105441_N0509_R051_T30TXK_20221216T165401,0.0014,0.009,0.0101,0.0011,0.0012,0,0,0.0003,0.0007,0,0.0043,0.0024,0,6,0,55.369985
JU06660017,-1.0992,39.7301,12/12/2022,Estación punto de presa E. de Benagéber,DETERMINACION FÍSICO-QUÍMICA IN SITU,CLOROFILA A,0.33,µg/L,"0,33",0.029999999,Fluorescencia atómica,DISCRETA,53,12/16/2022,4,S2A_MSIL2A_20221216T105441_N0509_R051_T30TXK_20221216T165401,0.0014,0.009,0.0101,0.0011,0.0012,0,0,0.0003,0.0007,0,0.0043,0.0024,0,6,0,55.369985
JU06660017,-1.0992,39.7301,12/12/2022,Estación punto de presa E. de Benagéber,DETERMINACION FÍSICO-QUÍMICA IN SITU,CLOROFILA A,2.31,µg/L,"2,31",0.029999999,Fluorescencia atómica,DISCRETA,16,12/16/2022,4,S2A_MSIL2A_20221216T105441_N0509_R051_T30TXK_20221216T165401,0.0014,0.009,0.0101,0.0011,0.0012,0,0,0.0003,0.0007,0,0.0043,0.0024,0,6,0,55.369985
JU06660017,-1.0992,39.7301,12/12/2022,Estación punto de presa E. de Benagéber,DETERMINACION FÍSICO-QUÍMICA IN SITU,CLOROFILA A,3.03,µg/L,"3,03",0.029999999,Fluorescencia atómica,DISCRETA,19,12/16/2022,4,S2A_MSIL2A_20221216T105441_N0509_R051_T30TXK_20221216T165401,0.0014,0.009,0.0101,0.0011,0.0012,0,0,0.0003,0.0007,0,0.0043,0.0024,0,6,0,55.369985
JU06660017,-1.0992,39.7301,12/12/2022,Estación punto de presa E. de Benagéber,DETERMINACION FÍSICO-QUÍMICA IN SITU,CLOROFILA A,2.07,µg/L,"2,07",0.029999999,Fluorescencia atómica,DISCRETA,20,12/16/2022,4,S2A_MSIL2A_20221216T105441_N0509_R051_T30TXK_20221216T165401,0.0014,0.009,0.0101,0.0011,0.0012,0,0,0.0003,0.0007,0,0.0043,0.0024,0,6,0,55.369985
JU06660017,-1.0992,39.7301,12/12/2022,Estación punto de presa E. de Benagéber,DETERMINACION FÍSICO-QUÍMICA IN SITU,CLOROFILA A,0.72,µg/L,"0,72",0.029999999,Fluorescencia atómica,DISCRETA,34,12/16/2022,4,S2A_MSIL2A_20221216T105441_N0509_R051_T30TXK_20221216T165401,0.0014,0.009,0.0101,0.0011,0.0012,0,0,0.0003,0.0007,0,0.0043,0.0024,0,6,0,55.369985
JU06660017,-1.0992,39.7301,12/12/2022,Estación punto de presa E. de Benagéber,DETERMINACION FÍSICO-QUÍMICA IN SITU,CLOROFILA A,0.61,µg/L,"0,61",0.029999999,Fluorescencia atómica,DISCRETA,35,12/16/2022,4,S2A_MSIL2A_20221216T105441_N0509_R051_T30TXK_20221216T165401,0.0014,0.009,0.0101,0.0011,0.0012,0,0,0.0003,0.0007,0,0.0043,0.0024,0,6,0,55.369985
JU06660017,-1.0992,39.7301,12/12/2022,Estación punto de presa E. de Benagéber,DETERMINACION FÍSICO-QUÍMICA IN SITU,CLOROFILA A,2.72,µg/L,"2,72",0.029999999,Fluorescencia atómica,DISCRETA,11,12/16/2022,4,S2A_MSIL2A_20221216T105441_N0509_R051_T30TXK_20221216T165401,0.0014,0.009,0.0101,0.0011,0.0012,0,0,0.0003,0.0007,0,0.0043,0.0024,0,6,0,55.369985
JU06660017,-1.0992,39.7301,12/12/2022,Estación punto de presa E. de Benagéber,DETERMINACION FÍSICO-QUÍMICA IN SITU,CLOROFILA A,2.3,µg/L,"2,3",0.029999999,Fluorescencia atómica,DISCRETA,25,12/16/2022,4,S2A_MSIL2A_20221216T105441_N0509_R051_T30TXK_20221216T165401,0.0014,0.009,0.0101,0.0011,0.0012,0,0,0.0003,0.0007,0,0.0043,0.0024,0,6,0,55.369985
JU06660017,-1.0992,39.7301,12/12/2022,Estación punto de presa E. de Benagéber,DETERMINACION FÍSICO-QUÍMICA IN SITU,CLOROFILA A,0.51,µg/L,"0,51",0.029999999,Fluorescencia atómica,DISCRETA,36,12/16/2022,4,S2A_MSIL2A_20221216T105441_N0509_R051_T30TXK_20221216T165401,0.0014,0.009,0.0101,0.0011,0.0012,0,0,0.0003,0.0007,0,0.0043,0.0024,0,6,0,55.369985
JU06660017,-1.0992,39.7301,12/12/2022,Estación punto de presa E. de Benagéber,DETERMINACION FÍSICO-QUÍMICA IN SITU,CLOROFILA A,0.34,µg/L,"0,34",0.029999999,Fluorescencia atómica,DISCRETA,44,12/16/2022,4,S2A_MSIL2A_20221216T105441_N0509_R051_T30TXK_20221216T165401,0.0014,0.009,0.0101,0.0011,0.0012,0,0,0.0003,0.0007,0,0.0043,0.0024,0,6,0,55.369985
JU06660017,-1.0992,39.7301,12/12/2022,Estación punto de presa E. de Benagéber,DETERMINACION FÍSICO-QUÍMICA IN SITU,CLOROFILA A,0.35,µg/L,"0,35",0.029999999,Fluorescencia atómica,DISCRETA,55,12/16/2022,4,S2A_MSIL2A_20221216T105441_N0509_R051_T30TXK_20221216T165401,0.0014,0.009,0.0101,0.0011,0.0012,0,0,0.0003,0.0007,0,0.0043,0.0024,0,6,0,55.369985
JU06660017,-1.0992,39.7301,12/12/2022,Estación punto de presa E. de Benagéber,DETERMINACION FÍSICO-QUÍMICA IN SITU,CLOROFILA A,0.7,µg/L,"0,7",0.029999999,Fluorescencia atómica,DISCRETA,56,12/16/2022,4,S2A_MSIL2A_20221216T105441_N0509_R051_T30TXK_20221216T165401,0.0014,0.009,0.0101,0.0011,0.0012,0,0,0.0003,0.0007,0,0.0043,0.0024,0,6,0,55.369985
JU06660017,-1.0992,39.7301,12/12/2022,Estación punto de presa E. de Benagéber,DETERMINACION FÍSICO-QUÍMICA IN SITU,CLOROFILA A,2.45,µg/L,"2,45",0.029999999,Fluorescencia atómica,DISCRETA,9,12/16/2022,4,S2A_MSIL2A_20221216T105441_N0509_R051_T30TXK_20221216T165401,0.0014,0.009,0.0101,0.0011,0.0012,0,0,0.0003,0.0007,0,0.0043,0.0024,0,6,0,55.369985
JU06660017,-1.0992,39.7301,12/12/2022,Estación punto de presa E. de Benagéber,DETERMINACION FÍSICO-QUÍMICA IN SITU,CLOROFILA A,2.05,µg/L,"2,05",0.029999999,Fluorescencia atómica,DISCRETA,32,12/16/2022,4,S2A_MSIL2A_20221216T105441_N0509_R051_T30TXK_20221216T165401,0.0014,0.009,0.0101,0.0011,0.0012,0,0,0.0003,0.0007,0,0.0043,0.0024,0,6,0,55.369985
JU06660017,-1.0992,39.7301,12/12/2022,Estación punto de presa E. de Benagéber,DETERMINACION FÍSICO-QUÍMICA IN SITU,CLOROFILA A,0.35,µg/L,"0,35",0.029999999,Fluorescencia atómica,DISCRETA,43,12/16/2022,4,S2A_MSIL2A_20221216T105441_N0509_R051_T30TXK_20221216T165401,0.0014,0.009,0.0101,0.0011,0.0012,0,0,0.0003,0.0007,0,0.0043,0.0024,0,6,0,55.369985
JU06660017,-1.0992,39.7301,12/12/2022,Estación punto de presa E. de Benagéber,DETERMINACION FÍSICO-QUÍMICA IN SITU,CLOROFILA A,0.34,µg/L,"0,34",0.029999999,Fluorescencia atómica,DISCRETA,45,12/16/2022,4,S2A_MSIL2A_20221216T105441_N0509_R051_T30TXK_20221216T165401,0.0014,0.009,0.0101,0.0011,0.0012,0,0,0.0003,0.0007,0,0.0043,0.0024,0,6,0,55.369985
JU06660017,-1.0992,39.7301,12/12/2022,Estación punto de presa E. de Benagéber,DETERMINACION FÍSICO-QUÍMICA IN SITU,CLOROFILA A,2.21,µg/L,"2,21",0.029999999,Fluorescencia atómica,DISCRETA,30,12/16/2022,4,S2A_MSIL2A_20221216T105441_N0509_R051_T30TXK_20221216T165401,0.0014,0.009,0.0101,0.0011,0.0012,0,0,0.0003,0.0007,0,0.0043,0.0024,0,6,0,55.369985
JU06660017,-1.0992,39.7301,12/12/2022,Estación punto de presa E. de Benagéber,DETERMINACION FÍSICO-QUÍMICA IN SITU,CLOROFILA A,1.9,µg/L,"1,9",0.029999999,Fluorescencia atómica,DISCRETA,3,12/16/2022,4,S2A_MSIL2A_20221216T105441_N0509_R051_T30TXK_20221216T165401,0.0014,0.009,0.0101,0.0011,0.0012,0,0,0.0003,0.0007,0,0.0043,0.0024,0,6,0,55.369985
JU06660017,-1.0992,39.7301,12/12/2022,Estación punto de presa E. de Benagéber,DETERMINACION FÍSICO-QUÍMICA IN SITU,CLOROFILA A,0.51,µg/L,"0,51",0.029999999,Fluorescencia atómica,DISCRETA,42,12/16/2022,4,S2A_MSIL2A_20221216T105441_N0509_R051_T30TXK_20221216T165401,0.0014,0.009,0.0101,0.0011,0.0012,0,0,0.0003,0.0007,0,0.0043,0.0024,0,6,0,55.369985
JU06660017,-1.0992,39.7301,12/12/2022,Estación punto de presa E. de Benagéber,DETERMINACION FÍSICO-QUÍMICA IN SITU,CLOROFILA A,0.36,µg/L,"0,36",0.029999999,Fluorescencia atómica,DISCRETA,51,12/16/2022,4,S2A_MSIL2A_20221216T105441_N0509_R051_T30TXK_20221216T165401,0.0014,0.009,0.0101,0.0011,0.0012,0,0,0.0003,0.0007,0,0.0043,0.0024,0,6,0,55.369985
JU06660017,-1.0992,39.7301,12/12/2022,Estación punto de presa E. de Benagéber,DETERMINACION FÍSICO-QUÍMICA IN SITU,CLOROFILA A,0.34,µg/L,"0,34",0.029999999,Fluorescencia atómica,DISCRETA,54,12/16/2022,4,S2A_MSIL2A_20221216T105441_N0509_R051_T30TXK_20221216T165401,0.0014,0.009,0.0101,0.0011,0.0012,0,0,0.0003,0.0007,0,0.0043,0.0024,0,6,0,55.369985
JU06660017,-1.0992,39.7301,12/12/2022,Estación punto de presa E. de Benagéber,DETERMINACION FÍSICO-QUÍMICA IN SITU,CLOROFILA A,2.13,µg/L,"2,13",0.029999999,Fluorescencia atómica,DISCRETA,8,12/16/2022,4,S2A_MSIL2A_20221216T105441_N0509_R051_T30TXK_20221216T165401,0.0014,0.009,0.0101,0.0011,0.0012,0,0,0.0003,0.0007,0,0.0043,0.0024,0,6,0,55.369985
JU06660017,-1.0992,39.7301,12/12/2022,Estación punto de presa E. de Benagéber,DETERMINACION FÍSICO-QUÍMICA IN SITU,CLOROFILA A,2.32,µg/L,"2,32",0.029999999,Fluorescencia atómica,DISCRETA,21,12/16/2022,4,S2A_MSIL2A_20221216T105441_N0509_R051_T30TXK_20221216T165401,0.0014,0.009,0.0101,0.0011,0.0012,0,0,0.0003,0.0007,0,0.0043,0.0024,0,6,0,55.369985
JU06660017,-1.0992,39.7301,12/12/2022,Estación punto de presa E. de Benagéber,DETERMINACION FÍSICO-QUÍMICA IN SITU,CLOROFILA A,2.03,µg/L,"2,03",0.029999999,Fluorescencia atómica,DISCRETA,23,12/16/2022,4,S2A_MSIL2A_20221216T105441_N0509_R051_T30TXK_20221216T165401,0.0014,0.009,0.0101,0.0011,0.0012,0,0,0.0003,0.0007,0,0.0043,0.0024,0,6,0,55.369985
JU06660017,-1.0992,39.7301,12/12/2022,Estación punto de presa E. de Benagéber,DETERMINACION FÍSICO-QUÍMICA IN SITU,CLOROFILA A,2.19,µg/L,"2,19",0.029999999,Fluorescencia atómica,DISCRETA,29,12/16/2022,4,S2A_MSIL2A_20221216T105441_N0509_R051_T30TXK_20221216T165401,0.0014,0.009,0.0101,0.0011,0.0012,0,0,0.0003,0.0007,0,0.0043,0.0024,0,6,0,55.369985
JU06660017,-1.0992,39.7301,12/12/2022,Estación punto de presa E. de Benagéber,DETERMINACION FÍSICO-QUÍMICA IN SITU,CLOROFILA A,0.57,µg/L,"0,57",0.029999999,Fluorescencia atómica,DISCRETA,40,12/16/2022,4,S2A_MSIL2A_20221216T105441_N0509_R051_T30TXK_20221216T165401,0.0014,0.009,0.0101,0.0011,0.0012,0,0,0.0003,0.0007,0,0.0043,0.0024,0,6,0,55.369985
JU06660017,-1.0992,39.7301,12/12/2022,Estación punto de presa E. de Benagéber,DETERMINACION FÍSICO-QUÍMICA IN SITU,CLOROFILA A,1.95,µg/L,"1,95",0.029999999,Fluorescencia atómica,DISCRETA,5,12/16/2022,4,S2A_MSIL2A_20221216T105441_N0509_R051_T30TXK_20221216T165401,0.0014,0.009,0.0101,0.0011,0.0012,0,0,0.0003,0.0007,0,0.0043,0.0024,0,6,0,55.369985
JU06660017,-1.0992,39.7301,12/12/2022,Estación punto de presa E. de Benagéber,DETERMINACION FÍSICO-QUÍMICA IN SITU,CLOROFILA A,2.17,µg/L,"2,17",0.029999999,Fluorescencia atómica,DISCRETA,6,12/16/2022,4,S2A_MSIL2A_20221216T105441_N0509_R051_T30TXK_20221216T165401,0.0014,0.009,0.0101,0.0011,0.0012,0,0,0.0003,0.0007,0,0.0043,0.0024,0,6,0,55.369985
JU06660017,-1.0992,39.7301,12/12/2022,Estación punto de presa E. de Benagéber,DETERMINACION FÍSICO-QUÍMICA IN SITU,CLOROFILA A,0.42,µg/L,"0,42",0.029999999,Fluorescencia atómica,DISCRETA,41,12/16/2022,4,S2A_MSIL2A_20221216T105441_N0509_R051_T30TXK_20221216T165401,0.0014,0.009,0.0101,0.0011,0.0012,0,0,0.0003,0.0007,0,0.0043,0.0024,0,6,0,55.369985
JU06660017,-1.0992,39.7301,12/12/2022,Estación punto de presa E. de Benagéber,DETERMINACION FÍSICO-QUÍMICA IN SITU,CLOROFILA A,0.29,µg/L,"0,29",0.029999999,Fluorescencia atómica,DISCRETA,47,12/16/2022,4,S2A_MSIL2A_20221216T105441_N0509_R051_T30TXK_20221216T165401,0.0014,0.009,0.0101,0.0011,0.0012,0,0,0.0003,0.0007,0,0.0043,0.0024,0,6,0,55.369985
JU06660017,-1.0992,39.7301,12/12/2022,Estación punto de presa E. de Benagéber,TOMA DE MUESTRAS PARA LABORATORIO,SOLIDOS EN SUSPENSION,0,mg/L,<2,2,Gravimetría,INTEGRADA,-1,12/16/2022,4,S2A_MSIL2A_20221216T105441_N0509_R051_T30TXK_20221216T165401,0.0014,0.009,0.0101,0.0011,0.0012,0,0,0.0003,0.0007,0,0.0043,0.0024,0,6,0,55.369985
JU06660017,-1.0992,39.7301,12/12/2022,Estación punto de presa E. de Benagéber,DETERMINACION FÍSICO-QUÍMICA IN SITU,CLOROFILA A,2.51,µg/L,"2,51",0.029999999,Fluorescencia atómica,DISCRETA,10,12/16/2022,4,S2A_MSIL2A_20221216T105441_N0509_R051_T30TXK_20221216T165401,0.0014,0.009,0.0101,0.0011,0.0012,0,0,0.0003,0.0007,0,0.0043,0.0024,0,6,0,55.369985
JU06660017,-1.0992,39.7301,12/12/2022,Estación punto de presa E. de Benagéber,DETERMINACION FÍSICO-QUÍMICA IN SITU,CLOROFILA A,2.74,µg/L,"2,74",0.029999999,Fluorescencia atómica,DISCRETA,13,12/16/2022,4,S2A_MSIL2A_20221216T105441_N0509_R051_T30TXK_20221216T165401,0.0014,0.009,0.0101,0.0011,0.0012,0,0,0.0003,0.0007,0,0.0043,0.0024,0,6,0,55.369985
JU06660017,-1.0992,39.7301,12/12/2022,Estación punto de presa E. de Benagéber,DETERMINACION FÍSICO-QUÍMICA IN SITU,CLOROFILA A,1.47,µg/L,"1,47",0.029999999,Fluorescencia atómica,DISCRETA,2,12/16/2022,4,S2A_MSIL2A_20221216T105441_N0509_R051_T30TXK_20221216T165401,0.0014,0.009,0.0101,0.0011,0.0012,0,0,0.0003,0.0007,0,0.0043,0.0024,0,6,0,55.369985
JU06660017,-1.0992,39.7301,12/12/2022,Estación punto de presa E. de Benagéber,DETERMINACION FÍSICO-QUÍMICA IN SITU,CLOROFILA A,2.13,µg/L,"2,13",0.029999999,Fluorescencia atómica,DISCRETA,31,12/16/2022,4,S2A_MSIL2A_20221216T105441_N0509_R051_T30TXK_20221216T165401,0.0014,0.009,0.0101,0.0011,0.0012,0,0,0.0003,0.0007,0,0.0043,0.0024,0,6,0,55.369985
JU06660017,-1.0992,39.7301,12/12/2022,Estación punto de presa E. de Benagéber,DETERMINACION FÍSICO-QUÍMICA IN SITU,CLOROFILA A,1.29,µg/L,"1,29",0.029999999,Fluorescencia atómica,DISCRETA,33,12/16/2022,4,S2A_MSIL2A_20221216T105441_N0509_R051_T30TXK_20221216T165401,0.0014,0.009,0.0101,0.0011,0.0012,0,0,0.0003,0.0007,0,0.0043,0.0024,0,6,0,55.369985
JU06660017,-1.0992,39.7301,12/12/2022,Estación punto de presa E. de Benagéber,DETERMINACION FÍSICO-QUÍMICA IN SITU,CLOROFILA A,0.51,µg/L,"0,51",0.029999999,Fluorescencia atómica,DISCRETA,37,12/16/2022,4,S2A_MSIL2A_20221216T105441_N0509_R051_T30TXK_20221216T165401,0.0014,0.009,0.0101,0.0011,0.0012,0,0,0.0003,0.0007,0,0.0043,0.0024,0,6,0,55.369985
JU06660017,-1.0992,39.7301,12/12/2022,Estación punto de presa E. de Benagéber,DETERMINACION FÍSICO-QUÍMICA IN SITU,CLOROFILA A,0.29,µg/L,"0,29",0.029999999,Fluorescencia atómica,DISCRETA,48,12/16/2022,4,S2A_MSIL2A_20221216T105441_N0509_R051_T30TXK_20221216T165401,0.0014,0.009,0.0101,0.0011,0.0012,0,0,0.0003,0.0007,0,0.0043,0.0024,0,6,0,55.369985
JU06660017,-1.0992,39.7301,12/12/2022,Estación punto de presa E. de Benagéber,DETERMINACION FÍSICO-QUÍMICA IN SITU,CLOROFILA A,1.85,µg/L,"1,85",0.029999999,Fluorescencia atómica,DISCRETA,4,12/16/2022,4,S2A_MSIL2A_20221216T105441_N0509_R051_T30TXK_20221216T165401,0.0014,0.009,0.0101,0.0011,0.0012,0,0,0.0003,0.0007,0,0.0043,0.0024,0,6,0,55.369985
JU06660017,-1.0992,39.7301,12/12/2022,Estación punto de presa E. de Benagéber,DETERMINACION FÍSICO-QUÍMICA IN SITU,CLOROFILA A,2.61,µg/L,"2,61",0.029999999,Fluorescencia atómica,DISCRETA,12,12/16/2022,4,S2A_MSIL2A_20221216T105441_N0509_R051_T30TXK_20221216T165401,0.0014,0.009,0.0101,0.0011,0.0012,0,0,0.0003,0.0007,0,0.0043,0.0024,0,6,0,55.369985
JU06660017,-1.0992,39.7301,12/12/2022,Estación punto de presa E. de Benagéber,DETERMINACION FÍSICO-QUÍMICA IN SITU,CLOROFILA A,2.4,µg/L,"2,4",0.029999999,Fluorescencia atómica,DISCRETA,18,12/16/2022,4,S2A_MSIL2A_20221216T105441_N0509_R051_T30TXK_20221216T165401,0.0014,0.009,0.0101,0.0011,0.0012,0,0,0.0003,0.0007,0,0.0043,0.0024,0,6,0,55.369985
JU06660017,-1.0992,39.7301,12/12/2022,Estación punto de presa E. de Benagéber,DETERMINACION FÍSICO-QUÍMICA IN SITU,CLOROFILA A,1.55,µg/L,"1,55",0.029999999,Fluorescencia atómica,DISCRETA,1,12/16/2022,4,S2A_MSIL2A_20221216T105441_N0509_R051_T30TXK_20221216T165401,0.0014,0.009,0.0101,0.0011,0.0012,0,0,0.0003,0.0007,0,0.0043,0.0024,0,6,0,55.369985
JU06660017,-1.0992,39.7301,12/12/2022,Estación punto de presa E. de Benagéber,DETERMINACION FÍSICO-QUÍMICA IN SITU,CLOROFILA A,2.46,µg/L,"2,46",0.029999999,Fluorescencia atómica,DISCRETA,22,12/16/2022,4,S2A_MSIL2A_20221216T105441_N0509_R051_T30TXK_20221216T165401,0.0014,0.009,0.0101,0.0011,0.0012,0,0,0.0003,0.0007,0,0.0043,0.0024,0,6,0,55.369985
JU06660017,-1.0992,39.7301,12/12/2022,Estación punto de presa E. de Benagéber,DETERMINACION FÍSICO-QUÍMICA IN SITU,CLOROFILA A,0.32,µg/L,"0,32",0.029999999,Fluorescencia atómica,DISCRETA,46,12/16/2022,4,S2A_MSIL2A_20221216T105441_N0509_R051_T30TXK_20221216T165401,0.0014,0.009,0.0101,0.0011,0.0012,0,0,0.0003,0.0007,0,0.0043,0.0024,0,6,0,55.369985
JU06660017,-1.0992,39.7301,12/12/2022,Estación punto de presa E. de Benagéber,DETERMINACION FÍSICO-QUÍMICA IN SITU,CLOROFILA A,0.3,µg/L,"0,3",0.029999999,Fluorescencia atómica,DISCRETA,49,12/16/2022,4,S2A_MSIL2A_20221216T105441_N0509_R051_T30TXK_20221216T165401,0.0014,0.009,0.0101,0.0011,0.0012,0,0,0.0003,0.0007,0,0.0043,0.0024,0,6,0,55.369985
JU06660017,-1.0992,39.7301,12/12/2022,Estación punto de presa E. de Benagéber,DETERMINACION FÍSICO-QUÍMICA IN SITU,CLOROFILA A,0.38,µg/L,"0,38",0.029999999,Fluorescencia atómica,DISCRETA,50,12/16/2022,4,S2A_MSIL2A_20221216T105441_N0509_R051_T30TXK_20221216T165401,0.0014,0.009,0.0101,0.0011,0.0012,0,0,0.0003,0.0007,0,0.0043,0.0024,0,6,0,55.369985
JU06660017,-1.0992,39.7301,12/12/2022,Estación punto de presa E. de Benagéber,DETERMINACION FÍSICO-QUÍMICA IN SITU,CLOROFILA A,2.03,µg/L,"2,03",0.029999999,Fluorescencia atómica,DISCRETA,57,12/16/2022,4,S2A_MSIL2A_20221216T105441_N0509_R051_T30TXK_20221216T165401,0.0014,0.009,0.0101,0.0011,0.0012,0,0,0.0003,0.0007,0,0.0043,0.0024,0,6,0,55.369985
JU06660017,-1.0992,39.7301,12/12/2022,Estación punto de presa E. de Benagéber,DETERMINACION FÍSICO-QUÍMICA IN SITU,CLOROFILA A,2.11,µg/L,"2,11",0.029999999,Fluorescencia atómica,DISCRETA,7,12/16/2022,4,S2A_MSIL2A_20221216T105441_N0509_R051_T30TXK_20221216T165401,0.0014,0.009,0.0101,0.0011,0.0012,0,0,0.0003,0.0007,0,0.0043,0.0024,0,6,0,55.369985
JU06660017,-1.0992,39.7301,12/12/2022,Estación punto de presa E. de Benagéber,TOMA DE MUESTRAS PARA LABORATORIO,FOSFORO TOTAL,0,mg P/l,"<0,02",0.02,Espectofotometría de absorción molecular,INTEGRADA,-1,12/16/2022,4,S2A_MSIL2A_20221216T105441_N0509_R051_T30TXK_20221216T165401,0.0014,0.009,0.0101,0.0011,0.0012,0,0,0.0003,0.0007,0,0.0043,0.0024,0,6,0,55.369985
JU06150028,-0.2307,40.0116,9/15/2022,Estación punto de presa E. de Sitjar,DETERMINACION FÍSICO-QUÍMICA IN SITU,CLOROFILA A,0.26,µg/L,"0,26",0.029999999,Fluorescencia atómica,DISCRETA,0,9/12/2022,3,S2B_MSIL2A_20220912T104629_N0400_R051_T30TYK_20220912T134234,0.0445,0.0795,0.0691,0.0376,0.0413,0.038,0.0327,0.0377,0.0222,0.0077,0.0587,0.0296,0,6,4,43.022826
JU06150028,-0.2307,40.0116,9/15/2022,Estación punto de presa E. de Sitjar,DETERMINACION FÍSICO-QUÍMICA IN SITU,CLOROFILA A,0.45,µg/L,"0,45",0.029999999,Fluorescencia atómica,DISCRETA,19,9/12/2022,3,S2B_MSIL2A_20220912T104629_N0400_R051_T30TYK_20220912T134234,0.0445,0.0795,0.0691,0.0376,0.0413,0.038,0.0327,0.0377,0.0222,0.0077,0.0587,0.0296,0,6,4,43.022826
JU06150028,-0.2307,40.0116,9/15/2022,Estación punto de presa E. de Sitjar,DETERMINACION FÍSICO-QUÍMICA IN SITU,CLOROFILA A,0.52,µg/L,"0,52",0.029999999,Fluorescencia atómica,DISCRETA,23,9/12/2022,3,S2B_MSIL2A_20220912T104629_N0400_R051_T30TYK_20220912T134234,0.0445,0.0795,0.0691,0.0376,0.0413,0.038,0.0327,0.0377,0.0222,0.0077,0.0587,0.0296,0,6,4,43.022826
JU06150028,-0.2307,40.0116,9/15/2022,Estación punto de presa E. de Sitjar,DETERMINACION FÍSICO-QUÍMICA IN SITU,CLOROFILA A,0.42,µg/L,"0,42",0.029999999,Fluorescencia atómica,DISCRETA,5,9/12/2022,3,S2B_MSIL2A_20220912T104629_N0400_R051_T30TYK_20220912T134234,0.0445,0.0795,0.0691,0.0376,0.0413,0.038,0.0327,0.0377,0.0222,0.0077,0.0587,0.0296,0,6,4,43.022826
JU06150028,-0.2307,40.0116,9/15/2022,Estación punto de presa E. de Sitjar,DETERMINACION FÍSICO-QUÍMICA IN SITU,CLOROFILA A,0.56,µg/L,"0,56",0.029999999,Fluorescencia atómica,DISCRETA,12,9/12/2022,3,S2B_MSIL2A_20220912T104629_N0400_R051_T30TYK_20220912T134234,0.0445,0.0795,0.0691,0.0376,0.0413,0.038,0.0327,0.0377,0.0222,0.0077,0.0587,0.0296,0,6,4,43.022826
JU06150028,-0.2307,40.0116,9/15/2022,Estación punto de presa E. de Sitjar,DETERMINACION FÍSICO-QUÍMICA IN SITU,CLOROFILA A,0.38,µg/L,"0,38",0.029999999,Fluorescencia atómica,DISCRETA,2,9/12/2022,3,S2B_MSIL2A_20220912T104629_N0400_R051_T30TYK_20220912T134234,0.0445,0.0795,0.0691,0.0376,0.0413,0.038,0.0327,0.0377,0.0222,0.0077,0.0587,0.0296,0,6,4,43.022826
JU06150028,-0.2307,40.0116,9/15/2022,Estación punto de presa E. de Sitjar,DETERMINACION FÍSICO-QUÍMICA IN SITU,CLOROFILA A,0.54,µg/L,"0,54",0.029999999,Fluorescencia atómica,DISCRETA,8,9/12/2022,3,S2B_MSIL2A_20220912T104629_N0400_R051_T30TYK_20220912T134234,0.0445,0.0795,0.0691,0.0376,0.0413,0.038,0.0327,0.0377,0.0222,0.0077,0.0587,0.0296,0,6,4,43.022826
JU06150028,-0.2307,40.0116,9/15/2022,Estación punto de presa E. de Sitjar,DETERMINACION FÍSICO-QUÍMICA IN SITU,CLOROFILA A,0.58,µg/L,"0,58",0.029999999,Fluorescencia atómica,DISCRETA,9,9/12/2022,3,S2B_MSIL2A_20220912T104629_N0400_R051_T30TYK_20220912T134234,0.0445,0.0795,0.0691,0.0376,0.0413,0.038,0.0327,0.0377,0.0222,0.0077,0.0587,0.0296,0,6,4,43.022826
JU06150028,-0.2307,40.0116,9/15/2022,Estación punto de presa E. de Sitjar,DETERMINACION FÍSICO-QUÍMICA IN SITU,CLOROFILA A,0.59,µg/L,"0,59",0.029999999,Fluorescencia atómica,DISCRETA,17,9/12/2022,3,S2B_MSIL2A_20220912T104629_N0400_R051_T30TYK_20220912T134234,0.0445,0.0795,0.0691,0.0376,0.0413,0.038,0.0327,0.0377,0.0222,0.0077,0.0587,0.0296,0,6,4,43.022826
JU06150028,-0.2307,40.0116,9/15/2022,Estación punto de presa E. de Sitjar,DETERMINACION FÍSICO-QUÍMICA IN SITU,CLOROFILA A,3.1,µg/L,"3,1",0.029999999,Fluorescencia atómica,DISCRETA,24,9/12/2022,3,S2B_MSIL2A_20220912T104629_N0400_R051_T30TYK_20220912T134234,0.0445,0.0795,0.0691,0.0376,0.0413,0.038,0.0327,0.0377,0.0222,0.0077,0.0587,0.0296,0,6,4,43.022826
JU06150028,-0.2307,40.0116,9/15/2022,Estación punto de presa E. de Sitjar,TOMA DE MUESTRAS PARA LABORATORIO,SOLIDOS EN SUSPENSION,3.4,mg/L,"3,4",2,Gravimetría,INTEGRADA,-1,9/12/2022,3,S2B_MSIL2A_20220912T104629_N0400_R051_T30TYK_20220912T134234,0.0445,0.0795,0.0691,0.0376,0.0413,0.038,0.0327,0.0377,0.0222,0.0077,0.0587,0.0296,0,6,4,43.022826
JU06150028,-0.2307,40.0116,9/15/2022,Estación punto de presa E. de Sitjar,DETERMINACION FÍSICO-QUÍMICA IN SITU,CLOROFILA A,0.62,µg/L,"0,62",0.029999999,Fluorescencia atómica,DISCRETA,16,9/12/2022,3,S2B_MSIL2A_20220912T104629_N0400_R051_T30TYK_20220912T134234,0.0445,0.0795,0.0691,0.0376,0.0413,0.038,0.0327,0.0377,0.0222,0.0077,0.0587,0.0296,0,6,4,43.022826
JU06150028,-0.2307,40.0116,9/15/2022,Estación punto de presa E. de Sitjar,DETERMINACION FÍSICO-QUÍMICA IN SITU,CLOROFILA A,0.51,µg/L,"0,51",0.029999999,Fluorescencia atómica,DISCRETA,7,9/12/2022,3,S2B_MSIL2A_20220912T104629_N0400_R051_T30TYK_20220912T134234,0.0445,0.0795,0.0691,0.0376,0.0413,0.038,0.0327,0.0377,0.0222,0.0077,0.0587,0.0296,0,6,4,43.022826
JU06150028,-0.2307,40.0116,9/15/2022,Estación punto de presa E. de Sitjar,Fitoplancton,CLOROFILA A,0,µg/L,<1,1,Espectofotometría de absorción molecular,INTEGRADA,-1,9/12/2022,3,S2B_MSIL2A_20220912T104629_N0400_R051_T30TYK_20220912T134234,0.0445,0.0795,0.0691,0.0376,0.0413,0.038,0.0327,0.0377,0.0222,0.0077,0.0587,0.0296,0,6,4,43.022826
JU06150028,-0.2307,40.0116,9/15/2022,Estación punto de presa E. de Sitjar,DETERMINACION FÍSICO-QUÍMICA IN SITU,CLOROFILA A,0.6,µg/L,"0,6",0.029999999,Fluorescencia atómica,DISCRETA,10,9/12/2022,3,S2B_MSIL2A_20220912T104629_N0400_R051_T30TYK_20220912T134234,0.0445,0.0795,0.0691,0.0376,0.0413,0.038,0.0327,0.0377,0.0222,0.0077,0.0587,0.0296,0,6,4,43.022826
JU06150028,-0.2307,40.0116,9/15/2022,Estación punto de presa E. de Sitjar,DETERMINACION FÍSICO-QUÍMICA IN SITU,CLOROFILA A,0.54,µg/L,"0,54",0.029999999,Fluorescencia atómica,DISCRETA,11,9/12/2022,3,S2B_MSIL2A_20220912T104629_N0400_R051_T30TYK_20220912T134234,0.0445,0.0795,0.0691,0.0376,0.0413,0.038,0.0327,0.0377,0.0222,0.0077,0.0587,0.0296,0,6,4,43.022826
JU06150028,-0.2307,40.0116,9/15/2022,Estación punto de presa E. de Sitjar,DETERMINACION FÍSICO-QUÍMICA IN SITU,CLOROFILA A,0.63,µg/L,"0,63",0.029999999,Fluorescencia atómica,DISCRETA,13,9/12/2022,3,S2B_MSIL2A_20220912T104629_N0400_R051_T30TYK_20220912T134234,0.0445,0.0795,0.0691,0.0376,0.0413,0.038,0.0327,0.0377,0.0222,0.0077,0.0587,0.0296,0,6,4,43.022826
JU06150028,-0.2307,40.0116,9/15/2022,Estación punto de presa E. de Sitjar,DETERMINACION FÍSICO-QUÍMICA IN SITU,CLOROFILA A,0.6,µg/L,"0,6",0.029999999,Fluorescencia atómica,DISCRETA,18,9/12/2022,3,S2B_MSIL2A_20220912T104629_N0400_R051_T30TYK_20220912T134234,0.0445,0.0795,0.0691,0.0376,0.0413,0.038,0.0327,0.0377,0.0222,0.0077,0.0587,0.0296,0,6,4,43.022826
JU06150028,-0.2307,40.0116,9/15/2022,Estación punto de presa E. de Sitjar,DETERMINACION FÍSICO-QUÍMICA IN SITU,CLOROFILA A,0.36,µg/L,"0,36",0.029999999,Fluorescencia atómica,DISCRETA,1,9/12/2022,3,S2B_MSIL2A_20220912T104629_N0400_R051_T30TYK_20220912T134234,0.0445,0.0795,0.0691,0.0376,0.0413,0.038,0.0327,0.0377,0.0222,0.0077,0.0587,0.0296,0,6,4,43.022826
JU06150028,-0.2307,40.0116,9/15/2022,Estación punto de presa E. de Sitjar,DETERMINACION FÍSICO-QUÍMICA IN SITU,CLOROFILA A,0.74,µg/L,"0,74",0.029999999,Fluorescencia atómica,DISCRETA,14,9/12/2022,3,S2B_MSIL2A_20220912T104629_N0400_R051_T30TYK_20220912T134234,0.0445,0.0795,0.0691,0.0376,0.0413,0.038,0.0327,0.0377,0.0222,0.0077,0.0587,0.0296,0,6,4,43.022826
JU06150028,-0.2307,40.0116,9/15/2022,Estación punto de presa E. de Sitjar,DETERMINACION FÍSICO-QUÍMICA IN SITU,CLOROFILA A,0.44,µg/L,"0,44",0.029999999,Fluorescencia atómica,DISCRETA,4,9/12/2022,3,S2B_MSIL2A_20220912T104629_N0400_R051_T30TYK_20220912T134234,0.0445,0.0795,0.0691,0.0376,0.0413,0.038,0.0327,0.0377,0.0222,0.0077,0.0587,0.0296,0,6,4,43.022826
JU06150028,-0.2307,40.0116,9/15/2022,Estación punto de presa E. de Sitjar,DETERMINACION FÍSICO-QUÍMICA IN SITU,CLOROFILA A,0.42,µg/L,"0,42",0.029999999,Fluorescencia atómica,DISCRETA,20,9/12/2022,3,S2B_MSIL2A_20220912T104629_N0400_R051_T30TYK_20220912T134234,0.0445,0.0795,0.0691,0.0376,0.0413,0.038,0.0327,0.0377,0.0222,0.0077,0.0587,0.0296,0,6,4,43.022826
JU06150028,-0.2307,40.0116,9/15/2022,Estación punto de presa E. de Sitjar,DETERMINACION FÍSICO-QUÍMICA IN SITU,CLOROFILA A,0.4,µg/L,"0,4",0.029999999,Fluorescencia atómica,DISCRETA,22,9/12/2022,3,S2B_MSIL2A_20220912T104629_N0400_R051_T30TYK_20220912T134234,0.0445,0.0795,0.0691,0.0376,0.0413,0.038,0.0327,0.0377,0.0222,0.0077,0.0587,0.0296,0,6,4,43.022826
JU06150028,-0.2307,40.0116,9/15/2022,Estación punto de presa E. de Sitjar,DETERMINACION FÍSICO-QUÍMICA IN SITU,CLOROFILA A,0.67,µg/L,"0,67",0.029999999,Fluorescencia atómica,DISCRETA,15,9/12/2022,3,S2B_MSIL2A_20220912T104629_N0400_R051_T30TYK_20220912T134234,0.0445,0.0795,0.0691,0.0376,0.0413,0.038,0.0327,0.0377,0.0222,0.0077,0.0587,0.0296,0,6,4,43.022826
JU06150028,-0.2307,40.0116,9/15/2022,Estación punto de presa E. de Sitjar,DETERMINACION FÍSICO-QUÍMICA IN SITU,CLOROFILA A,0.41,µg/L,"0,41",0.029999999,Fluorescencia atómica,DISCRETA,3,9/12/2022,3,S2B_MSIL2A_20220912T104629_N0400_R051_T30TYK_20220912T134234,0.0445,0.0795,0.0691,0.0376,0.0413,0.038,0.0327,0.0377,0.0222,0.0077,0.0587,0.0296,0,6,4,43.022826
JU06150028,-0.2307,40.0116,9/15/2022,Estación punto de presa E. de Sitjar,DETERMINACION FÍSICO-QUÍMICA IN SITU,CLOROFILA A,0.44,µg/L,"0,44",0.029999999,Fluorescencia atómica,DISCRETA,21,9/12/2022,3,S2B_MSIL2A_20220912T104629_N0400_R051_T30TYK_20220912T134234,0.0445,0.0795,0.0691,0.0376,0.0413,0.038,0.0327,0.0377,0.0222,0.0077,0.0587,0.0296,0,6,4,43.022826
JU06150028,-0.2307,40.0116,9/15/2022,Estación punto de presa E. de Sitjar,DETERMINACION FÍSICO-QUÍMICA IN SITU,CLOROFILA A,0.45,µg/L,"0,45",0.029999999,Fluorescencia atómica,DISCRETA,6,9/12/2022,3,S2B_MSIL2A_20220912T104629_N0400_R051_T30TYK_20220912T134234,0.0445,0.0795,0.0691,0.0376,0.0413,0.038,0.0327,0.0377,0.0222,0.0077,0.0587,0.0296,0,6,4,43.022826
JU06150028,-0.2307,40.0116,9/15/2022,Estación punto de presa E. de Sitjar,TOMA DE MUESTRAS PARA LABORATORIO,FOSFORO TOTAL,0.013,mg P/l,"0,013",0.005,Espectofotometría de absorción molecular,INTEGRADA,-1,9/12/2022,3,S2B_MSIL2A_20220912T104629_N0400_R051_T30TYK_20220912T134234,0.0445,0.0795,0.0691,0.0376,0.0413,0.038,0.0327,0.0377,0.0222,0.0077,0.0587,0.0296,0,6,4,43.022826
JU06150028,-0.2307,40.0116,9/15/2022,Estación punto de presa E. de Sitjar,DETERMINACION FÍSICO-QUÍMICA IN SITU,Profundidad del disco de secchi,4.599999905,m,,,,INTEGRADA,-1,9/12/2022,3,S2B_MSIL2A_20220912T104629_N0400_R051_T30TYK_20220912T134234,0.0445,0.0795,0.0691,0.0376,0.0413,0.038,0.0327,0.0377,0.0222,0.0077,0.0587,0.0296,0,6,4,43.022826
JU06150028,-0.2307,40.0116,9/15/2022,Estación punto de presa E. de Sitjar,Fitoplancton,Profundidad del disco de secchi,4.599999905,m,,,,INTEGRADA,-1,9/12/2022,3,S2B_MSIL2A_20220912T104629_N0400_R051_T30TYK_20220912T134234,0.0445,0.0795,0.0691,0.0376,0.0413,0.038,0.0327,0.0377,0.0222,0.0077,0.0587,0.0296,0,6,4,43.022826
JU06160014,-0.164,40.0293,9/13/2022,Estación punto de presa E. de María Cristina,DETERMINACION FÍSICO-QUÍMICA IN SITU,CLOROFILA A,2.07,µg/L,"2,07",0.029999999,Fluorescencia atómica,DISCRETA,0.5,9/7/2022,6,S2A_MSIL2A_20220907T105041_N0400_R051_T30TYK_20220907T165703,0.1676,0.218,0.2212,0.1649,0.1693,0.1594,0.1584,0.2047,0.1544,0.3131,0.1143,0.0946,0,8,99,54.844844
JU06160014,-0.164,40.0293,9/13/2022,Estación punto de presa E. de María Cristina,DETERMINACION FÍSICO-QUÍMICA IN SITU,CLOROFILA A,2.5,µg/L,"2,5",0.029999999,Fluorescencia atómica,DISCRETA,3.5,9/7/2022,6,S2A_MSIL2A_20220907T105041_N0400_R051_T30TYK_20220907T165703,0.1676,0.218,0.2212,0.1649,0.1693,0.1594,0.1584,0.2047,0.1544,0.3131,0.1143,0.0946,0,8,99,54.844844
JU06160014,-0.164,40.0293,9/13/2022,Estación punto de presa E. de María Cristina,DETERMINACION FÍSICO-QUÍMICA IN SITU,CLOROFILA A,2.5,µg/L,"2,5",0.029999999,Fluorescencia atómica,DISCRETA,3,9/7/2022,6,S2A_MSIL2A_20220907T105041_N0400_R051_T30TYK_20220907T165703,0.1676,0.218,0.2212,0.1649,0.1693,0.1594,0.1584,0.2047,0.1544,0.3131,0.1143,0.0946,0,8,99,54.844844
JU06160014,-0.164,40.0293,9/13/2022,Estación punto de presa E. de María Cristina,DETERMINACION FÍSICO-QUÍMICA IN SITU,CLOROFILA A,2.49,µg/L,"2,49",0.029999999,Fluorescencia atómica,DISCRETA,7,9/7/2022,6,S2A_MSIL2A_20220907T105041_N0400_R051_T30TYK_20220907T165703,0.1676,0.218,0.2212,0.1649,0.1693,0.1594,0.1584,0.2047,0.1544,0.3131,0.1143,0.0946,0,8,99,54.844844
JU06160014,-0.164,40.0293,9/13/2022,Estación punto de presa E. de María Cristina,DETERMINACION FÍSICO-QUÍMICA IN SITU,CLOROFILA A,2.07,µg/L,"2,07",0.029999999,Fluorescencia atómica,DISCRETA,1,9/7/2022,6,S2A_MSIL2A_20220907T105041_N0400_R051_T30TYK_20220907T165703,0.1676,0.218,0.2212,0.1649,0.1693,0.1594,0.1584,0.2047,0.1544,0.3131,0.1143,0.0946,0,8,99,54.844844
JU06160014,-0.164,40.0293,9/13/2022,Estación punto de presa E. de María Cristina,DETERMINACION FÍSICO-QUÍMICA IN SITU,CLOROFILA A,2.33,µg/L,"2,33",0.029999999,Fluorescencia atómica,DISCRETA,2.5,9/7/2022,6,S2A_MSIL2A_20220907T105041_N0400_R051_T30TYK_20220907T165703,0.1676,0.218,0.2212,0.1649,0.1693,0.1594,0.1584,0.2047,0.1544,0.3131,0.1143,0.0946,0,8,99,54.844844
JU06160014,-0.164,40.0293,9/13/2022,Estación punto de presa E. de María Cristina,DETERMINACION FÍSICO-QUÍMICA IN SITU,CLOROFILA A,1.24,µg/L,"1,24",0.029999999,Fluorescencia atómica,DISCRETA,5.5,9/7/2022,6,S2A_MSIL2A_20220907T105041_N0400_R051_T30TYK_20220907T165703,0.1676,0.218,0.2212,0.1649,0.1693,0.1594,0.1584,0.2047,0.1544,0.3131,0.1143,0.0946,0,8,99,54.844844
JU06160014,-0.164,40.0293,9/13/2022,Estación punto de presa E. de María Cristina,DETERMINACION FÍSICO-QUÍMICA IN SITU,CLOROFILA A,2.15,µg/L,"2,15",0.029999999,Fluorescencia atómica,DISCRETA,0,9/7/2022,6,S2A_MSIL2A_20220907T105041_N0400_R051_T30TYK_20220907T165703,0.1676,0.218,0.2212,0.1649,0.1693,0.1594,0.1584,0.2047,0.1544,0.3131,0.1143,0.0946,0,8,99,54.844844
JU06160014,-0.164,40.0293,9/13/2022,Estación punto de presa E. de María Cristina,DETERMINACION FÍSICO-QUÍMICA IN SITU,CLOROFILA A,2.15,µg/L,"2,15",0.029999999,Fluorescencia atómica,DISCRETA,1.5,9/7/2022,6,S2A_MSIL2A_20220907T105041_N0400_R051_T30TYK_20220907T165703,0.1676,0.218,0.2212,0.1649,0.1693,0.1594,0.1584,0.2047,0.1544,0.3131,0.1143,0.0946,0,8,99,54.844844
JU06160014,-0.164,40.0293,9/13/2022,Estación punto de presa E. de María Cristina,DETERMINACION FÍSICO-QUÍMICA IN SITU,CLOROFILA A,1.24,µg/L,"1,24",0.029999999,Fluorescencia atómica,DISCRETA,6.5,9/7/2022,6,S2A_MSIL2A_20220907T105041_N0400_R051_T30TYK_20220907T165703,0.1676,0.218,0.2212,0.1649,0.1693,0.1594,0.1584,0.2047,0.1544,0.3131,0.1143,0.0946,0,8,99,54.844844
JU06160014,-0.164,40.0293,9/13/2022,Estación punto de presa E. de María Cristina,TOMA DE MUESTRAS PARA LABORATORIO,SOLIDOS EN SUSPENSION,4.8,mg/L,"4,8",2,Gravimetría,INTEGRADA,-1,9/7/2022,6,S2A_MSIL2A_20220907T105041_N0400_R051_T30TYK_20220907T165703,0.1676,0.218,0.2212,0.1649,0.1693,0.1594,0.1584,0.2047,0.1544,0.3131,0.1143,0.0946,0,8,99,54.844844
JU06160014,-0.164,40.0293,9/13/2022,Estación punto de presa E. de María Cristina,DETERMINACION FÍSICO-QUÍMICA IN SITU,CLOROFILA A,1.24,µg/L,"1,24",0.029999999,Fluorescencia atómica,DISCRETA,6,9/7/2022,6,S2A_MSIL2A_20220907T105041_N0400_R051_T30TYK_20220907T165703,0.1676,0.218,0.2212,0.1649,0.1693,0.1594,0.1584,0.2047,0.1544,0.3131,0.1143,0.0946,0,8,99,54.844844
JU06160014,-0.164,40.0293,9/13/2022,Estación punto de presa E. de María Cristina,DETERMINACION FÍSICO-QUÍMICA IN SITU,CLOROFILA A,2.15,µg/L,"2,15",0.029999999,Fluorescencia atómica,DISCRETA,2,9/7/2022,6,S2A_MSIL2A_20220907T105041_N0400_R051_T30TYK_20220907T165703,0.1676,0.218,0.2212,0.1649,0.1693,0.1594,0.1584,0.2047,0.1544,0.3131,0.1143,0.0946,0,8,99,54.844844
JU06160014,-0.164,40.0293,9/13/2022,Estación punto de presa E. de María Cristina,DETERMINACION FÍSICO-QUÍMICA IN SITU,CLOROFILA A,1.82,µg/L,"1,82",0.029999999,Fluorescencia atómica,DISCRETA,4.5,9/7/2022,6,S2A_MSIL2A_20220907T105041_N0400_R051_T30TYK_20220907T165703,0.1676,0.218,0.2212,0.1649,0.1693,0.1594,0.1584,0.2047,0.1544,0.3131,0.1143,0.0946,0,8,99,54.844844
JU06160014,-0.164,40.0293,9/13/2022,Estación punto de presa E. de María Cristina,DETERMINACION FÍSICO-QUÍMICA IN SITU,CLOROFILA A,2.57,µg/L,"2,57",0.029999999,Fluorescencia atómica,DISCRETA,4,9/7/2022,6,S2A_MSIL2A_20220907T105041_N0400_R051_T30TYK_20220907T165703,0.1676,0.218,0.2212,0.1649,0.1693,0.1594,0.1584,0.2047,0.1544,0.3131,0.1143,0.0946,0,8,99,54.844844
JU06160014,-0.164,40.0293,9/13/2022,Estación punto de presa E. de María Cristina,DETERMINACION FÍSICO-QUÍMICA IN SITU,CLOROFILA A,1.96,µg/L,"1,96",0.029999999,Fluorescencia atómica,DISCRETA,5,9/7/2022,6,S2A_MSIL2A_20220907T105041_N0400_R051_T30TYK_20220907T165703,0.1676,0.218,0.2212,0.1649,0.1693,0.1594,0.1584,0.2047,0.1544,0.3131,0.1143,0.0946,0,8,99,54.844844
JU06160014,-0.164,40.0293,9/13/2022,Estación punto de presa E. de María Cristina,DETERMINACION FÍSICO-QUÍMICA IN SITU,CLOROFILA A,2.49,µg/L,"2,49",0.029999999,Fluorescencia atómica,DISCRETA,7.5,9/7/2022,6,S2A_MSIL2A_20220907T105041_N0400_R051_T30TYK_20220907T165703,0.1676,0.218,0.2212,0.1649,0.1693,0.1594,0.1584,0.2047,0.1544,0.3131,0.1143,0.0946,0,8,99,54.844844
JU06160014,-0.164,40.0293,9/13/2022,Estación punto de presa E. de María Cristina,Fitoplancton,CLOROFILA A,4.3788,µg/L,"43,788",1,Espectofotometría de absorción molecular,INTEGRADA,-1,9/7/2022,6,S2A_MSIL2A_20220907T105041_N0400_R051_T30TYK_20220907T165703,0.1676,0.218,0.2212,0.1649,0.1693,0.1594,0.1584,0.2047,0.1544,0.3131,0.1143,0.0946,0,8,99,54.844844
JU06160014,-0.164,40.0293,9/13/2022,Estación punto de presa E. de María Cristina,TOMA DE MUESTRAS PARA LABORATORIO,FOSFORO TOTAL,0.47,mg P/l,"0,47",0.02,Espectofotometría de absorción molecular,INTEGRADA,-1,9/7/2022,6,S2A_MSIL2A_20220907T105041_N0400_R051_T30TYK_20220907T165703,0.1676,0.218,0.2212,0.1649,0.1693,0.1594,0.1584,0.2047,0.1544,0.3131,0.1143,0.0946,0,8,99,54.844844
JU06160014,-0.164,40.0293,9/13/2022,Estación punto de presa E. de María Cristina,DETERMINACION FÍSICO-QUÍMICA IN SITU,Profundidad del disco de secchi,1.100000024,m,,,,INTEGRADA,-1,9/7/2022,6,S2A_MSIL2A_20220907T105041_N0400_R051_T30TYK_20220907T165703,0.1676,0.218,0.2212,0.1649,0.1693,0.1594,0.1584,0.2047,0.1544,0.3131,0.1143,0.0946,0,8,99,54.844844
JU06160014,-0.164,40.0293,9/13/2022,Estación punto de presa E. de María Cristina,Fitoplancton,Profundidad del disco de secchi,1.100000024,m,,,,INTEGRADA,-1,9/7/2022,6,S2A_MSIL2A_20220907T105041_N0400_R051_T30TYK_20220907T165703,0.1676,0.218,0.2212,0.1649,0.1693,0.1594,0.1584,0.2047,0.1544,0.3131,0.1143,0.0946,0,8,99,54.844844
JU06660017,-1.0992,39.7301,9/12/2022,Estación punto de presa E. de Benagéber,DETERMINACION FÍSICO-QUÍMICA IN SITU,CLOROFILA A,1.34,µg/L,"1,34",0.029999999,Fluorescencia atómica,DISCRETA,11,9/17/2022,5,S2A_MSIL2A_20220917T104711_N0400_R051_T30TXK_20220917T182157,0.0197,0.014,0.0066,0.0007,0,0,0,0,0,0,0.0024,0.0035,0,6,0,44.374999
JU06660017,-1.0992,39.7301,9/12/2022,Estación punto de presa E. de Benagéber,DETERMINACION FÍSICO-QUÍMICA IN SITU,CLOROFILA A,1.2,µg/L,"1,2",0.029999999,Fluorescencia atómica,DISCRETA,19,9/17/2022,5,S2A_MSIL2A_20220917T104711_N0400_R051_T30TXK_20220917T182157,0.0197,0.014,0.0066,0.0007,0,0,0,0,0,0,0.0024,0.0035,0,6,0,44.374999
JU06660017,-1.0992,39.7301,9/12/2022,Estación punto de presa E. de Benagéber,DETERMINACION FÍSICO-QUÍMICA IN SITU,CLOROFILA A,1.15,µg/L,"1,15",0.029999999,Fluorescencia atómica,DISCRETA,1,9/17/2022,5,S2A_MSIL2A_20220917T104711_N0400_R051_T30TXK_20220917T182157,0.0197,0.014,0.0066,0.0007,0,0,0,0,0,0,0.0024,0.0035,0,6,0,44.374999
JU06660017,-1.0992,39.7301,9/12/2022,Estación punto de presa E. de Benagéber,DETERMINACION FÍSICO-QUÍMICA IN SITU,CLOROFILA A,1.08,µg/L,"1,08",0.029999999,Fluorescencia atómica,DISCRETA,21,9/17/2022,5,S2A_MSIL2A_20220917T104711_N0400_R051_T30TXK_20220917T182157,0.0197,0.014,0.0066,0.0007,0,0,0,0,0,0,0.0024,0.0035,0,6,0,44.374999
JU06660017,-1.0992,39.7301,9/12/2022,Estación punto de presa E. de Benagéber,DETERMINACION FÍSICO-QUÍMICA IN SITU,CLOROFILA A,0.62,µg/L,"0,62",0.029999999,Fluorescencia atómica,DISCRETA,29,9/17/2022,5,S2A_MSIL2A_20220917T104711_N0400_R051_T30TXK_20220917T182157,0.0197,0.014,0.0066,0.0007,0,0,0,0,0,0,0.0024,0.0035,0,6,0,44.374999
JU06660017,-1.0992,39.7301,9/12/2022,Estación punto de presa E. de Benagéber,DETERMINACION FÍSICO-QUÍMICA IN SITU,CLOROFILA A,0.36,µg/L,"0,36",0.029999999,Fluorescencia atómica,DISCRETA,47,9/17/2022,5,S2A_MSIL2A_20220917T104711_N0400_R051_T30TXK_20220917T182157,0.0197,0.014,0.0066,0.0007,0,0,0,0,0,0,0.0024,0.0035,0,6,0,44.374999
JU06660017,-1.0992,39.7301,9/12/2022,Estación punto de presa E. de Benagéber,DETERMINACION FÍSICO-QUÍMICA IN SITU,CLOROFILA A,0.49,µg/L,"0,49",0.029999999,Fluorescencia atómica,DISCRETA,53,9/17/2022,5,S2A_MSIL2A_20220917T104711_N0400_R051_T30TXK_20220917T182157,0.0197,0.014,0.0066,0.0007,0,0,0,0,0,0,0.0024,0.0035,0,6,0,44.374999
JU06660017,-1.0992,39.7301,9/12/2022,Estación punto de presa E. de Benagéber,DETERMINACION FÍSICO-QUÍMICA IN SITU,CLOROFILA A,1.49,µg/L,"1,49",0.029999999,Fluorescencia atómica,DISCRETA,8,9/17/2022,5,S2A_MSIL2A_20220917T104711_N0400_R051_T30TXK_20220917T182157,0.0197,0.014,0.0066,0.0007,0,0,0,0,0,0,0.0024,0.0035,0,6,0,44.374999
JU06660017,-1.0992,39.7301,9/12/2022,Estación punto de presa E. de Benagéber,DETERMINACION FÍSICO-QUÍMICA IN SITU,CLOROFILA A,0.61,µg/L,"0,61",0.029999999,Fluorescencia atómica,DISCRETA,32,9/17/2022,5,S2A_MSIL2A_20220917T104711_N0400_R051_T30TXK_20220917T182157,0.0197,0.014,0.0066,0.0007,0,0,0,0,0,0,0.0024,0.0035,0,6,0,44.374999
JU06660017,-1.0992,39.7301,9/12/2022,Estación punto de presa E. de Benagéber,DETERMINACION FÍSICO-QUÍMICA IN SITU,CLOROFILA A,0.47,µg/L,"0,47",0.029999999,Fluorescencia atómica,DISCRETA,37,9/17/2022,5,S2A_MSIL2A_20220917T104711_N0400_R051_T30TXK_20220917T182157,0.0197,0.014,0.0066,0.0007,0,0,0,0,0,0,0.0024,0.0035,0,6,0,44.374999
JU06660017,-1.0992,39.7301,9/12/2022,Estación punto de presa E. de Benagéber,DETERMINACION FÍSICO-QUÍMICA IN SITU,CLOROFILA A,0.47,µg/L,"0,47",0.029999999,Fluorescencia atómica,DISCRETA,39,9/17/2022,5,S2A_MSIL2A_20220917T104711_N0400_R051_T30TXK_20220917T182157,0.0197,0.014,0.0066,0.0007,0,0,0,0,0,0,0.0024,0.0035,0,6,0,44.374999
JU06660017,-1.0992,39.7301,9/12/2022,Estación punto de presa E. de Benagéber,DETERMINACION FÍSICO-QUÍMICA IN SITU,CLOROFILA A,0.36,µg/L,"0,36",0.029999999,Fluorescencia atómica,DISCRETA,48,9/17/2022,5,S2A_MSIL2A_20220917T104711_N0400_R051_T30TXK_20220917T182157,0.0197,0.014,0.0066,0.0007,0,0,0,0,0,0,0.0024,0.0035,0,6,0,44.374999
JU06660017,-1.0992,39.7301,9/12/2022,Estación punto de presa E. de Benagéber,TOMA DE MUESTRAS PARA LABORATORIO,SOLIDOS EN SUSPENSION,4.2,mg/L,"4,2",2,Gravimetría,INTEGRADA,-1,9/17/2022,5,S2A_MSIL2A_20220917T104711_N0400_R051_T30TXK_20220917T182157,0.0197,0.014,0.0066,0.0007,0,0,0,0,0,0,0.0024,0.0035,0,6,0,44.374999
JU06660017,-1.0992,39.7301,9/12/2022,Estación punto de presa E. de Benagéber,DETERMINACION FÍSICO-QUÍMICA IN SITU,CLOROFILA A,1.07,µg/L,"1,07",0.029999999,Fluorescencia atómica,DISCRETA,0,9/17/2022,5,S2A_MSIL2A_20220917T104711_N0400_R051_T30TXK_20220917T182157,0.0197,0.014,0.0066,0.0007,0,0,0,0,0,0,0.0024,0.0035,0,6,0,44.374999
JU06660017,-1.0992,39.7301,9/12/2022,Estación punto de presa E. de Benagéber,DETERMINACION FÍSICO-QUÍMICA IN SITU,CLOROFILA A,2.08,µg/L,"2,08",0.029999999,Fluorescencia atómica,DISCRETA,13,9/17/2022,5,S2A_MSIL2A_20220917T104711_N0400_R051_T30TXK_20220917T182157,0.0197,0.014,0.0066,0.0007,0,0,0,0,0,0,0.0024,0.0035,0,6,0,44.374999
JU06660017,-1.0992,39.7301,9/12/2022,Estación punto de presa E. de Benagéber,DETERMINACION FÍSICO-QUÍMICA IN SITU,CLOROFILA A,1.8,µg/L,"1,8",0.029999999,Fluorescencia atómica,DISCRETA,14,9/17/2022,5,S2A_MSIL2A_20220917T104711_N0400_R051_T30TXK_20220917T182157,0.0197,0.014,0.0066,0.0007,0,0,0,0,0,0,0.0024,0.0035,0,6,0,44.374999
JU06660017,-1.0992,39.7301,9/12/2022,Estación punto de presa E. de Benagéber,DETERMINACION FÍSICO-QUÍMICA IN SITU,CLOROFILA A,1.58,µg/L,"1,58",0.029999999,Fluorescencia atómica,DISCRETA,16,9/17/2022,5,S2A_MSIL2A_20220917T104711_N0400_R051_T30TXK_20220917T182157,0.0197,0.014,0.0066,0.0007,0,0,0,0,0,0,0.0024,0.0035,0,6,0,44.374999
JU06660017,-1.0992,39.7301,9/12/2022,Estación punto de presa E. de Benagéber,DETERMINACION FÍSICO-QUÍMICA IN SITU,CLOROFILA A,1.05,µg/L,"1,05",0.029999999,Fluorescencia atómica,DISCRETA,22,9/17/2022,5,S2A_MSIL2A_20220917T104711_N0400_R051_T30TXK_20220917T182157,0.0197,0.014,0.0066,0.0007,0,0,0,0,0,0,0.0024,0.0035,0,6,0,44.374999
JU06660017,-1.0992,39.7301,9/12/2022,Estación punto de presa E. de Benagéber,DETERMINACION FÍSICO-QUÍMICA IN SITU,CLOROFILA A,1.75,µg/L,"1,75",0.029999999,Fluorescencia atómica,DISCRETA,15,9/17/2022,5,S2A_MSIL2A_20220917T104711_N0400_R051_T30TXK_20220917T182157,0.0197,0.014,0.0066,0.0007,0,0,0,0,0,0,0.0024,0.0035,0,6,0,44.374999
JU06660017,-1.0992,39.7301,9/12/2022,Estación punto de presa E. de Benagéber,DETERMINACION FÍSICO-QUÍMICA IN SITU,CLOROFILA A,0.65,µg/L,"0,65",0.029999999,Fluorescencia atómica,DISCRETA,28,9/17/2022,5,S2A_MSIL2A_20220917T104711_N0400_R051_T30TXK_20220917T182157,0.0197,0.014,0.0066,0.0007,0,0,0,0,0,0,0.0024,0.0035,0,6,0,44.374999
JU06660017,-1.0992,39.7301,9/12/2022,Estación punto de presa E. de Benagéber,DETERMINACION FÍSICO-QUÍMICA IN SITU,CLOROFILA A,1.3,µg/L,"1,3",0.029999999,Fluorescencia atómica,DISCRETA,2,9/17/2022,5,S2A_MSIL2A_20220917T104711_N0400_R051_T30TXK_20220917T182157,0.0197,0.014,0.0066,0.0007,0,0,0,0,0,0,0.0024,0.0035,0,6,0,44.374999
JU06660017,-1.0992,39.7301,9/12/2022,Estación punto de presa E. de Benagéber,DETERMINACION FÍSICO-QUÍMICA IN SITU,CLOROFILA A,0.52,µg/L,"0,52",0.029999999,Fluorescencia atómica,DISCRETA,34,9/17/2022,5,S2A_MSIL2A_20220917T104711_N0400_R051_T30TXK_20220917T182157,0.0197,0.014,0.0066,0.0007,0,0,0,0,0,0,0.0024,0.0035,0,6,0,44.374999
JU06660017,-1.0992,39.7301,9/12/2022,Estación punto de presa E. de Benagéber,DETERMINACION FÍSICO-QUÍMICA IN SITU,CLOROFILA A,1.21,µg/L,"1,21",0.029999999,Fluorescencia atómica,DISCRETA,3,9/17/2022,5,S2A_MSIL2A_20220917T104711_N0400_R051_T30TXK_20220917T182157,0.0197,0.014,0.0066,0.0007,0,0,0,0,0,0,0.0024,0.0035,0,6,0,44.374999
JU06660017,-1.0992,39.7301,9/12/2022,Estación punto de presa E. de Benagéber,DETERMINACION FÍSICO-QUÍMICA IN SITU,CLOROFILA A,0.42,µg/L,"0,42",0.029999999,Fluorescencia atómica,DISCRETA,41,9/17/2022,5,S2A_MSIL2A_20220917T104711_N0400_R051_T30TXK_20220917T182157,0.0197,0.014,0.0066,0.0007,0,0,0,0,0,0,0.0024,0.0035,0,6,0,44.374999
JU06660017,-1.0992,39.7301,9/12/2022,Estación punto de presa E. de Benagéber,DETERMINACION FÍSICO-QUÍMICA IN SITU,CLOROFILA A,1.46,µg/L,"1,46",0.029999999,Fluorescencia atómica,DISCRETA,12,9/17/2022,5,S2A_MSIL2A_20220917T104711_N0400_R051_T30TXK_20220917T182157,0.0197,0.014,0.0066,0.0007,0,0,0,0,0,0,0.0024,0.0035,0,6,0,44.374999
JU06660017,-1.0992,39.7301,9/12/2022,Estación punto de presa E. de Benagéber,DETERMINACION FÍSICO-QUÍMICA IN SITU,CLOROFILA A,0.82,µg/L,"0,82",0.029999999,Fluorescencia atómica,DISCRETA,23,9/17/2022,5,S2A_MSIL2A_20220917T104711_N0400_R051_T30TXK_20220917T182157,0.0197,0.014,0.0066,0.0007,0,0,0,0,0,0,0.0024,0.0035,0,6,0,44.374999
JU06660017,-1.0992,39.7301,9/12/2022,Estación punto de presa E. de Benagéber,DETERMINACION FÍSICO-QUÍMICA IN SITU,CLOROFILA A,0.66,µg/L,"0,66",0.029999999,Fluorescencia atómica,DISCRETA,30,9/17/2022,5,S2A_MSIL2A_20220917T104711_N0400_R051_T30TXK_20220917T182157,0.0197,0.014,0.0066,0.0007,0,0,0,0,0,0,0.0024,0.0035,0,6,0,44.374999
JU06660017,-1.0992,39.7301,9/12/2022,Estación punto de presa E. de Benagéber,DETERMINACION FÍSICO-QUÍMICA IN SITU,CLOROFILA A,0.39,µg/L,"0,39",0.029999999,Fluorescencia atómica,DISCRETA,50,9/17/2022,5,S2A_MSIL2A_20220917T104711_N0400_R051_T30TXK_20220917T182157,0.0197,0.014,0.0066,0.0007,0,0,0,0,0,0,0.0024,0.0035,0,6,0,44.374999
JU06660017,-1.0992,39.7301,9/12/2022,Estación punto de presa E. de Benagéber,DETERMINACION FÍSICO-QUÍMICA IN SITU,CLOROFILA A,1.28,µg/L,"1,28",0.029999999,Fluorescencia atómica,DISCRETA,18,9/17/2022,5,S2A_MSIL2A_20220917T104711_N0400_R051_T30TXK_20220917T182157,0.0197,0.014,0.0066,0.0007,0,0,0,0,0,0,0.0024,0.0035,0,6,0,44.374999
JU06660017,-1.0992,39.7301,9/12/2022,Estación punto de presa E. de Benagéber,DETERMINACION FÍSICO-QUÍMICA IN SITU,CLOROFILA A,0.58,µg/L,"0,58",0.029999999,Fluorescencia atómica,DISCRETA,33,9/17/2022,5,S2A_MSIL2A_20220917T104711_N0400_R051_T30TXK_20220917T182157,0.0197,0.014,0.0066,0.0007,0,0,0,0,0,0,0.0024,0.0035,0,6,0,44.374999
JU06660017,-1.0992,39.7301,9/12/2022,Estación punto de presa E. de Benagéber,DETERMINACION FÍSICO-QUÍMICA IN SITU,CLOROFILA A,0.39,µg/L,"0,39",0.029999999,Fluorescencia atómica,DISCRETA,51,9/17/2022,5,S2A_MSIL2A_20220917T104711_N0400_R051_T30TXK_20220917T182157,0.0197,0.014,0.0066,0.0007,0,0,0,0,0,0,0.0024,0.0035,0,6,0,44.374999
JU06660017,-1.0992,39.7301,9/12/2022,Estación punto de presa E. de Benagéber,DETERMINACION FÍSICO-QUÍMICA IN SITU,CLOROFILA A,1.3,µg/L,"1,3",0.029999999,Fluorescencia atómica,DISCRETA,5,9/17/2022,5,S2A_MSIL2A_20220917T104711_N0400_R051_T30TXK_20220917T182157,0.0197,0.014,0.0066,0.0007,0,0,0,0,0,0,0.0024,0.0035,0,6,0,44.374999
JU06660017,-1.0992,39.7301,9/12/2022,Estación punto de presa E. de Benagéber,DETERMINACION FÍSICO-QUÍMICA IN SITU,CLOROFILA A,1.3,µg/L,"1,3",0.029999999,Fluorescencia atómica,DISCRETA,6,9/17/2022,5,S2A_MSIL2A_20220917T104711_N0400_R051_T30TXK_20220917T182157,0.0197,0.014,0.0066,0.0007,0,0,0,0,0,0,0.0024,0.0035,0,6,0,44.374999
JU06660017,-1.0992,39.7301,9/12/2022,Estación punto de presa E. de Benagéber,DETERMINACION FÍSICO-QUÍMICA IN SITU,CLOROFILA A,1.34,µg/L,"1,34",0.029999999,Fluorescencia atómica,DISCRETA,7,9/17/2022,5,S2A_MSIL2A_20220917T104711_N0400_R051_T30TXK_20220917T182157,0.0197,0.014,0.0066,0.0007,0,0,0,0,0,0,0.0024,0.0035,0,6,0,44.374999
JU06660017,-1.0992,39.7301,9/12/2022,Estación punto de presa E. de Benagéber,DETERMINACION FÍSICO-QUÍMICA IN SITU,CLOROFILA A,0.45,µg/L,"0,45",0.029999999,Fluorescencia atómica,DISCRETA,36,9/17/2022,5,S2A_MSIL2A_20220917T104711_N0400_R051_T30TXK_20220917T182157,0.0197,0.014,0.0066,0.0007,0,0,0,0,0,0,0.0024,0.0035,0,6,0,44.374999
JU06660017,-1.0992,39.7301,9/12/2022,Estación punto de presa E. de Benagéber,DETERMINACION FÍSICO-QUÍMICA IN SITU,CLOROFILA A,0.42,µg/L,"0,42",0.029999999,Fluorescencia atómica,DISCRETA,45,9/17/2022,5,S2A_MSIL2A_20220917T104711_N0400_R051_T30TXK_20220917T182157,0.0197,0.014,0.0066,0.0007,0,0,0,0,0,0,0.0024,0.0035,0,6,0,44.374999
JU06660017,-1.0992,39.7301,9/12/2022,Estación punto de presa E. de Benagéber,DETERMINACION FÍSICO-QUÍMICA IN SITU,CLOROFILA A,1.18,µg/L,"1,18",0.029999999,Fluorescencia atómica,DISCRETA,4,9/17/2022,5,S2A_MSIL2A_20220917T104711_N0400_R051_T30TXK_20220917T182157,0.0197,0.014,0.0066,0.0007,0,0,0,0,0,0,0.0024,0.0035,0,6,0,44.374999
JU06660017,-1.0992,39.7301,9/12/2022,Estación punto de presa E. de Benagéber,DETERMINACION FÍSICO-QUÍMICA IN SITU,CLOROFILA A,1.44,µg/L,"1,44",0.029999999,Fluorescencia atómica,DISCRETA,9,9/17/2022,5,S2A_MSIL2A_20220917T104711_N0400_R051_T30TXK_20220917T182157,0.0197,0.014,0.0066,0.0007,0,0,0,0,0,0,0.0024,0.0035,0,6,0,44.374999
JU06660017,-1.0992,39.7301,9/12/2022,Estación punto de presa E. de Benagéber,DETERMINACION FÍSICO-QUÍMICA IN SITU,CLOROFILA A,1.13,µg/L,"1,13",0.029999999,Fluorescencia atómica,DISCRETA,20,9/17/2022,5,S2A_MSIL2A_20220917T104711_N0400_R051_T30TXK_20220917T182157,0.0197,0.014,0.0066,0.0007,0,0,0,0,0,0,0.0024,0.0035,0,6,0,44.374999
JU06660017,-1.0992,39.7301,9/12/2022,Estación punto de presa E. de Benagéber,DETERMINACION FÍSICO-QUÍMICA IN SITU,CLOROFILA A,0.72,µg/L,"0,72",0.029999999,Fluorescencia atómica,DISCRETA,25,9/17/2022,5,S2A_MSIL2A_20220917T104711_N0400_R051_T30TXK_20220917T182157,0.0197,0.014,0.0066,0.0007,0,0,0,0,0,0,0.0024,0.0035,0,6,0,44.374999
JU06660017,-1.0992,39.7301,9/12/2022,Estación punto de presa E. de Benagéber,DETERMINACION FÍSICO-QUÍMICA IN SITU,CLOROFILA A,0.69,µg/L,"0,69",0.029999999,Fluorescencia atómica,DISCRETA,27,9/17/2022,5,S2A_MSIL2A_20220917T104711_N0400_R051_T30TXK_20220917T182157,0.0197,0.014,0.0066,0.0007,0,0,0,0,0,0,0.0024,0.0035,0,6,0,44.374999
JU06660017,-1.0992,39.7301,9/12/2022,Estación punto de presa E. de Benagéber,DETERMINACION FÍSICO-QUÍMICA IN SITU,CLOROFILA A,0.45,µg/L,"0,45",0.029999999,Fluorescencia atómica,DISCRETA,40,9/17/2022,5,S2A_MSIL2A_20220917T104711_N0400_R051_T30TXK_20220917T182157,0.0197,0.014,0.0066,0.0007,0,0,0,0,0,0,0.0024,0.0035,0,6,0,44.374999
JU06660017,-1.0992,39.7301,9/12/2022,Estación punto de presa E. de Benagéber,DETERMINACION FÍSICO-QUÍMICA IN SITU,CLOROFILA A,0.43,µg/L,"0,43",0.029999999,Fluorescencia atómica,DISCRETA,42,9/17/2022,5,S2A_MSIL2A_20220917T104711_N0400_R051_T30TXK_20220917T182157,0.0197,0.014,0.0066,0.0007,0,0,0,0,0,0,0.0024,0.0035,0,6,0,44.374999
JU06660017,-1.0992,39.7301,9/12/2022,Estación punto de presa E. de Benagéber,DETERMINACION FÍSICO-QUÍMICA IN SITU,CLOROFILA A,0.46,µg/L,"0,46",0.029999999,Fluorescencia atómica,DISCRETA,43,9/17/2022,5,S2A_MSIL2A_20220917T104711_N0400_R051_T30TXK_20220917T182157,0.0197,0.014,0.0066,0.0007,0,0,0,0,0,0,0.0024,0.0035,0,6,0,44.374999
JU06660017,-1.0992,39.7301,9/12/2022,Estación punto de presa E. de Benagéber,DETERMINACION FÍSICO-QUÍMICA IN SITU,CLOROFILA A,0.42,µg/L,"0,42",0.029999999,Fluorescencia atómica,DISCRETA,44,9/17/2022,5,S2A_MSIL2A_20220917T104711_N0400_R051_T30TXK_20220917T182157,0.0197,0.014,0.0066,0.0007,0,0,0,0,0,0,0.0024,0.0035,0,6,0,44.374999
JU06660017,-1.0992,39.7301,9/12/2022,Estación punto de presa E. de Benagéber,DETERMINACION FÍSICO-QUÍMICA IN SITU,CLOROFILA A,0.37,µg/L,"0,37",0.029999999,Fluorescencia atómica,DISCRETA,46,9/17/2022,5,S2A_MSIL2A_20220917T104711_N0400_R051_T30TXK_20220917T182157,0.0197,0.014,0.0066,0.0007,0,0,0,0,0,0,0.0024,0.0035,0,6,0,44.374999
JU06660017,-1.0992,39.7301,9/12/2022,Estación punto de presa E. de Benagéber,Fitoplancton,CLOROFILA A,1.4952,µg/L,"14,952",1,Espectofotometría de absorción molecular,INTEGRADA,-1,9/17/2022,5,S2A_MSIL2A_20220917T104711_N0400_R051_T30TXK_20220917T182157,0.0197,0.014,0.0066,0.0007,0,0,0,0,0,0,0.0024,0.0035,0,6,0,44.374999
JU06660017,-1.0992,39.7301,9/12/2022,Estación punto de presa E. de Benagéber,DETERMINACION FÍSICO-QUÍMICA IN SITU,CLOROFILA A,1.4,µg/L,"1,4",0.029999999,Fluorescencia atómica,DISCRETA,10,9/17/2022,5,S2A_MSIL2A_20220917T104711_N0400_R051_T30TXK_20220917T182157,0.0197,0.014,0.0066,0.0007,0,0,0,0,0,0,0.0024,0.0035,0,6,0,44.374999
JU06660017,-1.0992,39.7301,9/12/2022,Estación punto de presa E. de Benagéber,DETERMINACION FÍSICO-QUÍMICA IN SITU,CLOROFILA A,1.42,µg/L,"1,42",0.029999999,Fluorescencia atómica,DISCRETA,17,9/17/2022,5,S2A_MSIL2A_20220917T104711_N0400_R051_T30TXK_20220917T182157,0.0197,0.014,0.0066,0.0007,0,0,0,0,0,0,0.0024,0.0035,0,6,0,44.374999
JU06660017,-1.0992,39.7301,9/12/2022,Estación punto de presa E. de Benagéber,DETERMINACION FÍSICO-QUÍMICA IN SITU,CLOROFILA A,0.8,µg/L,"0,8",0.029999999,Fluorescencia atómica,DISCRETA,24,9/17/2022,5,S2A_MSIL2A_20220917T104711_N0400_R051_T30TXK_20220917T182157,0.0197,0.014,0.0066,0.0007,0,0,0,0,0,0,0.0024,0.0035,0,6,0,44.374999
JU06660017,-1.0992,39.7301,9/12/2022,Estación punto de presa E. de Benagéber,DETERMINACION FÍSICO-QUÍMICA IN SITU,CLOROFILA A,0.71,µg/L,"0,71",0.029999999,Fluorescencia atómica,DISCRETA,26,9/17/2022,5,S2A_MSIL2A_20220917T104711_N0400_R051_T30TXK_20220917T182157,0.0197,0.014,0.0066,0.0007,0,0,0,0,0,0,0.0024,0.0035,0,6,0,44.374999
JU06660017,-1.0992,39.7301,9/12/2022,Estación punto de presa E. de Benagéber,DETERMINACION FÍSICO-QUÍMICA IN SITU,CLOROFILA A,0.61,µg/L,"0,61",0.029999999,Fluorescencia atómica,DISCRETA,31,9/17/2022,5,S2A_MSIL2A_20220917T104711_N0400_R051_T30TXK_20220917T182157,0.0197,0.014,0.0066,0.0007,0,0,0,0,0,0,0.0024,0.0035,0,6,0,44.374999
JU06660017,-1.0992,39.7301,9/12/2022,Estación punto de presa E. de Benagéber,DETERMINACION FÍSICO-QUÍMICA IN SITU,CLOROFILA A,0.45,µg/L,"0,45",0.029999999,Fluorescencia atómica,DISCRETA,35,9/17/2022,5,S2A_MSIL2A_20220917T104711_N0400_R051_T30TXK_20220917T182157,0.0197,0.014,0.0066,0.0007,0,0,0,0,0,0,0.0024,0.0035,0,6,0,44.374999
JU06660017,-1.0992,39.7301,9/12/2022,Estación punto de presa E. de Benagéber,DETERMINACION FÍSICO-QUÍMICA IN SITU,CLOROFILA A,0.44,µg/L,"0,44",0.029999999,Fluorescencia atómica,DISCRETA,38,9/17/2022,5,S2A_MSIL2A_20220917T104711_N0400_R051_T30TXK_20220917T182157,0.0197,0.014,0.0066,0.0007,0,0,0,0,0,0,0.0024,0.0035,0,6,0,44.374999
JU06660017,-1.0992,39.7301,9/12/2022,Estación punto de presa E. de Benagéber,DETERMINACION FÍSICO-QUÍMICA IN SITU,CLOROFILA A,0.38,µg/L,"0,38",0.029999999,Fluorescencia atómica,DISCRETA,49,9/17/2022,5,S2A_MSIL2A_20220917T104711_N0400_R051_T30TXK_20220917T182157,0.0197,0.014,0.0066,0.0007,0,0,0,0,0,0,0.0024,0.0035,0,6,0,44.374999
JU06660017,-1.0992,39.7301,9/12/2022,Estación punto de presa E. de Benagéber,DETERMINACION FÍSICO-QUÍMICA IN SITU,CLOROFILA A,0.41,µg/L,"0,41",0.029999999,Fluorescencia atómica,DISCRETA,52,9/17/2022,5,S2A_MSIL2A_20220917T104711_N0400_R051_T30TXK_20220917T182157,0.0197,0.014,0.0066,0.0007,0,0,0,0,0,0,0.0024,0.0035,0,6,0,44.374999
JU06660017,-1.0992,39.7301,9/12/2022,Estación punto de presa E. de Benagéber,TOMA DE MUESTRAS PARA LABORATORIO,FOSFORO TOTAL,0.009,mg P/l,"0,009",0.005,Espectofotometría de absorción molecular,INTEGRADA,-1,9/17/2022,5,S2A_MSIL2A_20220917T104711_N0400_R051_T30TXK_20220917T182157,0.0197,0.014,0.0066,0.0007,0,0,0,0,0,0,0.0024,0.0035,0,6,0,44.374999
JU06660017,-1.0992,39.7301,9/12/2022,Estación punto de presa E. de Benagéber,DETERMINACION FÍSICO-QUÍMICA IN SITU,Profundidad del disco de secchi,5,m,,,,INTEGRADA,-1,9/17/2022,5,S2A_MSIL2A_20220917T104711_N0400_R051_T30TXK_20220917T182157,0.0197,0.014,0.0066,0.0007,0,0,0,0,0,0,0.0024,0.0035,0,6,0,44.374999
JU06660017,-1.0992,39.7301,9/12/2022,Estación punto de presa E. de Benagéber,Fitoplancton,Profundidad del disco de secchi,5,m,,,,INTEGRADA,-1,9/17/2022,5,S2A_MSIL2A_20220917T104711_N0400_R051_T30TXK_20220917T182157,0.0197,0.014,0.0066,0.0007,0,0,0,0,0,0,0.0024,0.0035,0,6,0,44.374999
JU06150028,-0.2307,40.0116,6/9/2022,Estación punto de presa E. de Sitjar,DETERMINACION FÍSICO-QUÍMICA IN SITU,CLOROFILA A,0,µg/L,"<0,03",0.029999999,Fluorescencia atómica,DISCRETA,0,6/4/2022,5,S2B_MSIL2A_20220604T104619_N0400_R051_T30TYK_20220604T141154,0.0498,0.0839,0.0716,0.0275,0.0223,0.0171,0.02,0.0775,0.0198,0.0171,0.0254,0.0192,0,6,21,24.257265
JU06150028,-0.2307,40.0116,6/9/2022,Estación punto de presa E. de Sitjar,DETERMINACION FÍSICO-QUÍMICA IN SITU,CLOROFILA A,0.55,µg/L,"0,55",0.029999999,Fluorescencia atómica,DISCRETA,19,6/4/2022,5,S2B_MSIL2A_20220604T104619_N0400_R051_T30TYK_20220604T141154,0.0498,0.0839,0.0716,0.0275,0.0223,0.0171,0.02,0.0775,0.0198,0.0171,0.0254,0.0192,0,6,21,24.257265
JU06150028,-0.2307,40.0116,6/9/2022,Estación punto de presa E. de Sitjar,DETERMINACION FÍSICO-QUÍMICA IN SITU,CLOROFILA A,0.4,µg/L,"0,4",0.029999999,Fluorescencia atómica,DISCRETA,23,6/4/2022,5,S2B_MSIL2A_20220604T104619_N0400_R051_T30TYK_20220604T141154,0.0498,0.0839,0.0716,0.0275,0.0223,0.0171,0.02,0.0775,0.0198,0.0171,0.0254,0.0192,0,6,21,24.257265
JU06150028,-0.2307,40.0116,6/9/2022,Estación punto de presa E. de Sitjar,DETERMINACION FÍSICO-QUÍMICA IN SITU,CLOROFILA A,0.3,µg/L,"0,3",0.029999999,Fluorescencia atómica,DISCRETA,3,6/4/2022,5,S2B_MSIL2A_20220604T104619_N0400_R051_T30TYK_20220604T141154,0.0498,0.0839,0.0716,0.0275,0.0223,0.0171,0.02,0.0775,0.0198,0.0171,0.0254,0.0192,0,6,21,24.257265
JU06150028,-0.2307,40.0116,6/9/2022,Estación punto de presa E. de Sitjar,DETERMINACION FÍSICO-QUÍMICA IN SITU,CLOROFILA A,0.67,µg/L,"0,67",0.029999999,Fluorescencia atómica,DISCRETA,8,6/4/2022,5,S2B_MSIL2A_20220604T104619_N0400_R051_T30TYK_20220604T141154,0.0498,0.0839,0.0716,0.0275,0.0223,0.0171,0.02,0.0775,0.0198,0.0171,0.0254,0.0192,0,6,21,24.257265
JU06150028,-0.2307,40.0116,6/9/2022,Estación punto de presa E. de Sitjar,DETERMINACION FÍSICO-QUÍMICA IN SITU,CLOROFILA A,0.62,µg/L,"0,62",0.029999999,Fluorescencia atómica,DISCRETA,18,6/4/2022,5,S2B_MSIL2A_20220604T104619_N0400_R051_T30TYK_20220604T141154,0.0498,0.0839,0.0716,0.0275,0.0223,0.0171,0.02,0.0775,0.0198,0.0171,0.0254,0.0192,0,6,21,24.257265
JU06150028,-0.2307,40.0116,6/9/2022,Estación punto de presa E. de Sitjar,DETERMINACION FÍSICO-QUÍMICA IN SITU,CLOROFILA A,0.4,µg/L,"0,4",0.029999999,Fluorescencia atómica,DISCRETA,27,6/4/2022,5,S2B_MSIL2A_20220604T104619_N0400_R051_T30TYK_20220604T141154,0.0498,0.0839,0.0716,0.0275,0.0223,0.0171,0.02,0.0775,0.0198,0.0171,0.0254,0.0192,0,6,21,24.257265
JU06150028,-0.2307,40.0116,6/9/2022,Estación punto de presa E. de Sitjar,DETERMINACION FÍSICO-QUÍMICA IN SITU,CLOROFILA A,0.36,µg/L,"0,36",0.029999999,Fluorescencia atómica,DISCRETA,5,6/4/2022,5,S2B_MSIL2A_20220604T104619_N0400_R051_T30TYK_20220604T141154,0.0498,0.0839,0.0716,0.0275,0.0223,0.0171,0.02,0.0775,0.0198,0.0171,0.0254,0.0192,0,6,21,24.257265
JU06150028,-0.2307,40.0116,6/9/2022,Estación punto de presa E. de Sitjar,TOMA DE MUESTRAS PARA LABORATORIO,SOLIDOS EN SUSPENSION,4.2,mg/L,"4,2",2,Gravimetría,INTEGRADA,-1,6/4/2022,5,S2B_MSIL2A_20220604T104619_N0400_R051_T30TYK_20220604T141154,0.0498,0.0839,0.0716,0.0275,0.0223,0.0171,0.02,0.0775,0.0198,0.0171,0.0254,0.0192,0,6,21,24.257265
JU06150028,-0.2307,40.0116,6/9/2022,Estación punto de presa E. de Sitjar,DETERMINACION FÍSICO-QUÍMICA IN SITU,CLOROFILA A,0.83,µg/L,"0,83",0.029999999,Fluorescencia atómica,DISCRETA,10,6/4/2022,5,S2B_MSIL2A_20220604T104619_N0400_R051_T30TYK_20220604T141154,0.0498,0.0839,0.0716,0.0275,0.0223,0.0171,0.02,0.0775,0.0198,0.0171,0.0254,0.0192,0,6,21,24.257265
JU06150028,-0.2307,40.0116,6/9/2022,Estación punto de presa E. de Sitjar,DETERMINACION FÍSICO-QUÍMICA IN SITU,CLOROFILA A,0.86,µg/L,"0,86",0.029999999,Fluorescencia atómica,DISCRETA,13,6/4/2022,5,S2B_MSIL2A_20220604T104619_N0400_R051_T30TYK_20220604T141154,0.0498,0.0839,0.0716,0.0275,0.0223,0.0171,0.02,0.0775,0.0198,0.0171,0.0254,0.0192,0,6,21,24.257265
JU06150028,-0.2307,40.0116,6/9/2022,Estación punto de presa E. de Sitjar,DETERMINACION FÍSICO-QUÍMICA IN SITU,CLOROFILA A,0.88,µg/L,"0,88",0.029999999,Fluorescencia atómica,DISCRETA,14,6/4/2022,5,S2B_MSIL2A_20220604T104619_N0400_R051_T30TYK_20220604T141154,0.0498,0.0839,0.0716,0.0275,0.0223,0.0171,0.02,0.0775,0.0198,0.0171,0.0254,0.0192,0,6,21,24.257265
JU06150028,-0.2307,40.0116,6/9/2022,Estación punto de presa E. de Sitjar,DETERMINACION FÍSICO-QUÍMICA IN SITU,CLOROFILA A,0.49,µg/L,"0,49",0.029999999,Fluorescencia atómica,DISCRETA,20,6/4/2022,5,S2B_MSIL2A_20220604T104619_N0400_R051_T30TYK_20220604T141154,0.0498,0.0839,0.0716,0.0275,0.0223,0.0171,0.02,0.0775,0.0198,0.0171,0.0254,0.0192,0,6,21,24.257265
JU06150028,-0.2307,40.0116,6/9/2022,Estación punto de presa E. de Sitjar,DETERMINACION FÍSICO-QUÍMICA IN SITU,CLOROFILA A,0.37,µg/L,"0,37",0.029999999,Fluorescencia atómica,DISCRETA,22,6/4/2022,5,S2B_MSIL2A_20220604T104619_N0400_R051_T30TYK_20220604T141154,0.0498,0.0839,0.0716,0.0275,0.0223,0.0171,0.02,0.0775,0.0198,0.0171,0.0254,0.0192,0,6,21,24.257265
JU06150028,-0.2307,40.0116,6/9/2022,Estación punto de presa E. de Sitjar,DETERMINACION FÍSICO-QUÍMICA IN SITU,CLOROFILA A,0.3,µg/L,"0,3",0.029999999,Fluorescencia atómica,DISCRETA,4,6/4/2022,5,S2B_MSIL2A_20220604T104619_N0400_R051_T30TYK_20220604T141154,0.0498,0.0839,0.0716,0.0275,0.0223,0.0171,0.02,0.0775,0.0198,0.0171,0.0254,0.0192,0,6,21,24.257265
JU06150028,-0.2307,40.0116,6/9/2022,Estación punto de presa E. de Sitjar,DETERMINACION FÍSICO-QUÍMICA IN SITU,CLOROFILA A,0.43,µg/L,"0,43",0.029999999,Fluorescencia atómica,DISCRETA,6,6/4/2022,5,S2B_MSIL2A_20220604T104619_N0400_R051_T30TYK_20220604T141154,0.0498,0.0839,0.0716,0.0275,0.0223,0.0171,0.02,0.0775,0.0198,0.0171,0.0254,0.0192,0,6,21,24.257265
JU06150028,-0.2307,40.0116,6/9/2022,Estación punto de presa E. de Sitjar,DETERMINACION FÍSICO-QUÍMICA IN SITU,CLOROFILA A,0.73,µg/L,"0,73",0.029999999,Fluorescencia atómica,DISCRETA,9,6/4/2022,5,S2B_MSIL2A_20220604T104619_N0400_R051_T30TYK_20220604T141154,0.0498,0.0839,0.0716,0.0275,0.0223,0.0171,0.02,0.0775,0.0198,0.0171,0.0254,0.0192,0,6,21,24.257265
JU06150028,-0.2307,40.0116,6/9/2022,Estación punto de presa E. de Sitjar,DETERMINACION FÍSICO-QUÍMICA IN SITU,CLOROFILA A,0.76,µg/L,"0,76",0.029999999,Fluorescencia atómica,DISCRETA,12,6/4/2022,5,S2B_MSIL2A_20220604T104619_N0400_R051_T30TYK_20220604T141154,0.0498,0.0839,0.0716,0.0275,0.0223,0.0171,0.02,0.0775,0.0198,0.0171,0.0254,0.0192,0,6,21,24.257265
JU06150028,-0.2307,40.0116,6/9/2022,Estación punto de presa E. de Sitjar,DETERMINACION FÍSICO-QUÍMICA IN SITU,CLOROFILA A,0.45,µg/L,"0,45",0.029999999,Fluorescencia atómica,DISCRETA,21,6/4/2022,5,S2B_MSIL2A_20220604T104619_N0400_R051_T30TYK_20220604T141154,0.0498,0.0839,0.0716,0.0275,0.0223,0.0171,0.02,0.0775,0.0198,0.0171,0.0254,0.0192,0,6,21,24.257265
JU06150028,-0.2307,40.0116,6/9/2022,Estación punto de presa E. de Sitjar,Fitoplancton,CLOROFILA A,0,µg/L,<1,1,Espectofotometría de absorción molecular,INTEGRADA,-1,6/4/2022,5,S2B_MSIL2A_20220604T104619_N0400_R051_T30TYK_20220604T141154,0.0498,0.0839,0.0716,0.0275,0.0223,0.0171,0.02,0.0775,0.0198,0.0171,0.0254,0.0192,0,6,21,24.257265
JU06150028,-0.2307,40.0116,6/9/2022,Estación punto de presa E. de Sitjar,DETERMINACION FÍSICO-QUÍMICA IN SITU,CLOROFILA A,0.78,µg/L,"0,78",0.029999999,Fluorescencia atómica,DISCRETA,15,6/4/2022,5,S2B_MSIL2A_20220604T104619_N0400_R051_T30TYK_20220604T141154,0.0498,0.0839,0.0716,0.0275,0.0223,0.0171,0.02,0.0775,0.0198,0.0171,0.0254,0.0192,0,6,21,24.257265
JU06150028,-0.2307,40.0116,6/9/2022,Estación punto de presa E. de Sitjar,DETERMINACION FÍSICO-QUÍMICA IN SITU,CLOROFILA A,0.96,µg/L,"0,96",0.029999999,Fluorescencia atómica,DISCRETA,16,6/4/2022,5,S2B_MSIL2A_20220604T104619_N0400_R051_T30TYK_20220604T141154,0.0498,0.0839,0.0716,0.0275,0.0223,0.0171,0.02,0.0775,0.0198,0.0171,0.0254,0.0192,0,6,21,24.257265
JU06150028,-0.2307,40.0116,6/9/2022,Estación punto de presa E. de Sitjar,DETERMINACION FÍSICO-QUÍMICA IN SITU,CLOROFILA A,0.4,µg/L,"0,4",0.029999999,Fluorescencia atómica,DISCRETA,26,6/4/2022,5,S2B_MSIL2A_20220604T104619_N0400_R051_T30TYK_20220604T141154,0.0498,0.0839,0.0716,0.0275,0.0223,0.0171,0.02,0.0775,0.0198,0.0171,0.0254,0.0192,0,6,21,24.257265
JU06150028,-0.2307,40.0116,6/9/2022,Estación punto de presa E. de Sitjar,DETERMINACION FÍSICO-QUÍMICA IN SITU,CLOROFILA A,0.52,µg/L,"0,52",0.029999999,Fluorescencia atómica,DISCRETA,7,6/4/2022,5,S2B_MSIL2A_20220604T104619_N0400_R051_T30TYK_20220604T141154,0.0498,0.0839,0.0716,0.0275,0.0223,0.0171,0.02,0.0775,0.0198,0.0171,0.0254,0.0192,0,6,21,24.257265
JU06150028,-0.2307,40.0116,6/9/2022,Estación punto de presa E. de Sitjar,DETERMINACION FÍSICO-QUÍMICA IN SITU,CLOROFILA A,0.74,µg/L,"0,74",0.029999999,Fluorescencia atómica,DISCRETA,11,6/4/2022,5,S2B_MSIL2A_20220604T104619_N0400_R051_T30TYK_20220604T141154,0.0498,0.0839,0.0716,0.0275,0.0223,0.0171,0.02,0.0775,0.0198,0.0171,0.0254,0.0192,0,6,21,24.257265
JU06150028,-0.2307,40.0116,6/9/2022,Estación punto de presa E. de Sitjar,DETERMINACION FÍSICO-QUÍMICA IN SITU,CLOROFILA A,0.23,µg/L,"0,23",0.029999999,Fluorescencia atómica,DISCRETA,1,6/4/2022,5,S2B_MSIL2A_20220604T104619_N0400_R051_T30TYK_20220604T141154,0.0498,0.0839,0.0716,0.0275,0.0223,0.0171,0.02,0.0775,0.0198,0.0171,0.0254,0.0192,0,6,21,24.257265
JU06150028,-0.2307,40.0116,6/9/2022,Estación punto de presa E. de Sitjar,DETERMINACION FÍSICO-QUÍMICA IN SITU,CLOROFILA A,0.38,µg/L,"0,38",0.029999999,Fluorescencia atómica,DISCRETA,24,6/4/2022,5,S2B_MSIL2A_20220604T104619_N0400_R051_T30TYK_20220604T141154,0.0498,0.0839,0.0716,0.0275,0.0223,0.0171,0.02,0.0775,0.0198,0.0171,0.0254,0.0192,0,6,21,24.257265
JU06150028,-0.2307,40.0116,6/9/2022,Estación punto de presa E. de Sitjar,DETERMINACION FÍSICO-QUÍMICA IN SITU,CLOROFILA A,0.38,µg/L,"0,38",0.029999999,Fluorescencia atómica,DISCRETA,25,6/4/2022,5,S2B_MSIL2A_20220604T104619_N0400_R051_T30TYK_20220604T141154,0.0498,0.0839,0.0716,0.0275,0.0223,0.0171,0.02,0.0775,0.0198,0.0171,0.0254,0.0192,0,6,21,24.257265
JU06150028,-0.2307,40.0116,6/9/2022,Estación punto de presa E. de Sitjar,DETERMINACION FÍSICO-QUÍMICA IN SITU,CLOROFILA A,0.28,µg/L,"0,28",0.029999999,Fluorescencia atómica,DISCRETA,2,6/4/2022,5,S2B_MSIL2A_20220604T104619_N0400_R051_T30TYK_20220604T141154,0.0498,0.0839,0.0716,0.0275,0.0223,0.0171,0.02,0.0775,0.0198,0.0171,0.0254,0.0192,0,6,21,24.257265
JU06150028,-0.2307,40.0116,6/9/2022,Estación punto de presa E. de Sitjar,DETERMINACION FÍSICO-QUÍMICA IN SITU,CLOROFILA A,0.94,µg/L,"0,94",0.029999999,Fluorescencia atómica,DISCRETA,17,6/4/2022,5,S2B_MSIL2A_20220604T104619_N0400_R051_T30TYK_20220604T141154,0.0498,0.0839,0.0716,0.0275,0.0223,0.0171,0.02,0.0775,0.0198,0.0171,0.0254,0.0192,0,6,21,24.257265
JU06150028,-0.2307,40.0116,6/9/2022,Estación punto de presa E. de Sitjar,DETERMINACION FÍSICO-QUÍMICA IN SITU,CLOROFILA A,0.55,µg/L,"0,55",0.029999999,Fluorescencia atómica,DISCRETA,28,6/4/2022,5,S2B_MSIL2A_20220604T104619_N0400_R051_T30TYK_20220604T141154,0.0498,0.0839,0.0716,0.0275,0.0223,0.0171,0.02,0.0775,0.0198,0.0171,0.0254,0.0192,0,6,21,24.257265
JU06150028,-0.2307,40.0116,6/9/2022,Estación punto de presa E. de Sitjar,TOMA DE MUESTRAS PARA LABORATORIO,FOSFORO TOTAL,0.046,mg P/l,"0,046",0.02,Espectofotometría de absorción molecular,INTEGRADA,-1,6/4/2022,5,S2B_MSIL2A_20220604T104619_N0400_R051_T30TYK_20220604T141154,0.0498,0.0839,0.0716,0.0275,0.0223,0.0171,0.02,0.0775,0.0198,0.0171,0.0254,0.0192,0,6,21,24.257265
JU06150028,-0.2307,40.0116,6/9/2022,Estación punto de presa E. de Sitjar,DETERMINACION FÍSICO-QUÍMICA IN SITU,Profundidad del disco de secchi,2.900000095,m,,,,INTEGRADA,-1,6/4/2022,5,S2B_MSIL2A_20220604T104619_N0400_R051_T30TYK_20220604T141154,0.0498,0.0839,0.0716,0.0275,0.0223,0.0171,0.02,0.0775,0.0198,0.0171,0.0254,0.0192,0,6,21,24.257265
JU06150028,-0.2307,40.0116,6/9/2022,Estación punto de presa E. de Sitjar,Fitoplancton,Profundidad del disco de secchi,2.900000095,m,,,,INTEGRADA,-1,6/4/2022,5,S2B_MSIL2A_20220604T104619_N0400_R051_T30TYK_20220604T141154,0.0498,0.0839,0.0716,0.0275,0.0223,0.0171,0.02,0.0775,0.0198,0.0171,0.0254,0.0192,0,6,21,24.257265
JU06160014,-0.164,40.0293,6/7/2022,Estación punto de presa E. de María Cristina,DETERMINACION FÍSICO-QUÍMICA IN SITU,CLOROFILA A,2.12,µg/L,"2,12",0.029999999,Fluorescencia atómica,DISCRETA,8,6/4/2022,3,S2B_MSIL2A_20220604T104619_N0400_R051_T30TYK_20220604T141154,0.0643,0.0889,0.0981,0.0732,0.0679,0.0556,0.0574,0.0619,0.0555,0.034,0.0692,0.0588,0,6,7,24.257265
JU06160014,-0.164,40.0293,6/7/2022,Estación punto de presa E. de María Cristina,DETERMINACION FÍSICO-QUÍMICA IN SITU,CLOROFILA A,1.36,µg/L,"1,36",0.029999999,Fluorescencia atómica,DISCRETA,12,6/4/2022,3,S2B_MSIL2A_20220604T104619_N0400_R051_T30TYK_20220604T141154,0.0643,0.0889,0.0981,0.0732,0.0679,0.0556,0.0574,0.0619,0.0555,0.034,0.0692,0.0588,0,6,7,24.257265
JU06160014,-0.164,40.0293,6/7/2022,Estación punto de presa E. de María Cristina,DETERMINACION FÍSICO-QUÍMICA IN SITU,CLOROFILA A,1.35,µg/L,"1,35",0.029999999,Fluorescencia atómica,DISCRETA,11,6/4/2022,3,S2B_MSIL2A_20220604T104619_N0400_R051_T30TYK_20220604T141154,0.0643,0.0889,0.0981,0.0732,0.0679,0.0556,0.0574,0.0619,0.0555,0.034,0.0692,0.0588,0,6,7,24.257265
JU06160014,-0.164,40.0293,6/7/2022,Estación punto de presa E. de María Cristina,Fitoplancton,CLOROFILA A,5.073,µg/L,"5,073",1,Espectofotometría de absorción molecular,INTEGRADA,-1,6/4/2022,3,S2B_MSIL2A_20220604T104619_N0400_R051_T30TYK_20220604T141154,0.0643,0.0889,0.0981,0.0732,0.0679,0.0556,0.0574,0.0619,0.0555,0.034,0.0692,0.0588,0,6,7,24.257265
JU06160014,-0.164,40.0293,6/7/2022,Estación punto de presa E. de María Cristina,DETERMINACION FÍSICO-QUÍMICA IN SITU,CLOROFILA A,0.98,µg/L,"0,98",0.029999999,Fluorescencia atómica,DISCRETA,1,6/4/2022,3,S2B_MSIL2A_20220604T104619_N0400_R051_T30TYK_20220604T141154,0.0643,0.0889,0.0981,0.0732,0.0679,0.0556,0.0574,0.0619,0.0555,0.034,0.0692,0.0588,0,6,7,24.257265
JU06160014,-0.164,40.0293,6/7/2022,Estación punto de presa E. de María Cristina,DETERMINACION FÍSICO-QUÍMICA IN SITU,CLOROFILA A,2.66,µg/L,"2,66",0.029999999,Fluorescencia atómica,DISCRETA,7,6/4/2022,3,S2B_MSIL2A_20220604T104619_N0400_R051_T30TYK_20220604T141154,0.0643,0.0889,0.0981,0.0732,0.0679,0.0556,0.0574,0.0619,0.0555,0.034,0.0692,0.0588,0,6,7,24.257265
JU06160014,-0.164,40.0293,6/7/2022,Estación punto de presa E. de María Cristina,DETERMINACION FÍSICO-QUÍMICA IN SITU,CLOROFILA A,1.25,µg/L,"1,25",0.029999999,Fluorescencia atómica,DISCRETA,2,6/4/2022,3,S2B_MSIL2A_20220604T104619_N0400_R051_T30TYK_20220604T141154,0.0643,0.0889,0.0981,0.0732,0.0679,0.0556,0.0574,0.0619,0.0555,0.034,0.0692,0.0588,0,6,7,24.257265
JU06160014,-0.164,40.0293,6/7/2022,Estación punto de presa E. de María Cristina,DETERMINACION FÍSICO-QUÍMICA IN SITU,CLOROFILA A,1.43,µg/L,"1,43",0.029999999,Fluorescencia atómica,DISCRETA,10,6/4/2022,3,S2B_MSIL2A_20220604T104619_N0400_R051_T30TYK_20220604T141154,0.0643,0.0889,0.0981,0.0732,0.0679,0.0556,0.0574,0.0619,0.0555,0.034,0.0692,0.0588,0,6,7,24.257265
JU06160014,-0.164,40.0293,6/7/2022,Estación punto de presa E. de María Cristina,DETERMINACION FÍSICO-QUÍMICA IN SITU,CLOROFILA A,1.61,µg/L,"1,61",0.029999999,Fluorescencia atómica,DISCRETA,4,6/4/2022,3,S2B_MSIL2A_20220604T104619_N0400_R051_T30TYK_20220604T141154,0.0643,0.0889,0.0981,0.0732,0.0679,0.0556,0.0574,0.0619,0.0555,0.034,0.0692,0.0588,0,6,7,24.257265
JU06160014,-0.164,40.0293,6/7/2022,Estación punto de presa E. de María Cristina,DETERMINACION FÍSICO-QUÍMICA IN SITU,CLOROFILA A,1.57,µg/L,"1,57",0.029999999,Fluorescencia atómica,DISCRETA,9,6/4/2022,3,S2B_MSIL2A_20220604T104619_N0400_R051_T30TYK_20220604T141154,0.0643,0.0889,0.0981,0.0732,0.0679,0.0556,0.0574,0.0619,0.0555,0.034,0.0692,0.0588,0,6,7,24.257265
JU06160014,-0.164,40.0293,6/7/2022,Estación punto de presa E. de María Cristina,TOMA DE MUESTRAS PARA LABORATORIO,SOLIDOS EN SUSPENSION,2.4,mg/L,"2,4",2,Gravimetría,INTEGRADA,-1,6/4/2022,3,S2B_MSIL2A_20220604T104619_N0400_R051_T30TYK_20220604T141154,0.0643,0.0889,0.0981,0.0732,0.0679,0.0556,0.0574,0.0619,0.0555,0.034,0.0692,0.0588,0,6,7,24.257265
JU06160014,-0.164,40.0293,6/7/2022,Estación punto de presa E. de María Cristina,DETERMINACION FÍSICO-QUÍMICA IN SITU,CLOROFILA A,0,µg/L,"<0,03",0.029999999,Fluorescencia atómica,DISCRETA,0,6/4/2022,3,S2B_MSIL2A_20220604T104619_N0400_R051_T30TYK_20220604T141154,0.0643,0.0889,0.0981,0.0732,0.0679,0.0556,0.0574,0.0619,0.0555,0.034,0.0692,0.0588,0,6,7,24.257265
JU06160014,-0.164,40.0293,6/7/2022,Estación punto de presa E. de María Cristina,DETERMINACION FÍSICO-QUÍMICA IN SITU,CLOROFILA A,4.45,µg/L,"4,45",0.029999999,Fluorescencia atómica,DISCRETA,5,6/4/2022,3,S2B_MSIL2A_20220604T104619_N0400_R051_T30TYK_20220604T141154,0.0643,0.0889,0.0981,0.0732,0.0679,0.0556,0.0574,0.0619,0.0555,0.034,0.0692,0.0588,0,6,7,24.257265
JU06160014,-0.164,40.0293,6/7/2022,Estación punto de presa E. de María Cristina,DETERMINACION FÍSICO-QUÍMICA IN SITU,CLOROFILA A,1.51,µg/L,"1,51",0.029999999,Fluorescencia atómica,DISCRETA,3,6/4/2022,3,S2B_MSIL2A_20220604T104619_N0400_R051_T30TYK_20220604T141154,0.0643,0.0889,0.0981,0.0732,0.0679,0.0556,0.0574,0.0619,0.0555,0.034,0.0692,0.0588,0,6,7,24.257265
JU06160014,-0.164,40.0293,6/7/2022,Estación punto de presa E. de María Cristina,DETERMINACION FÍSICO-QUÍMICA IN SITU,CLOROFILA A,4.05,µg/L,"4,05",0.029999999,Fluorescencia atómica,DISCRETA,6,6/4/2022,3,S2B_MSIL2A_20220604T104619_N0400_R051_T30TYK_20220604T141154,0.0643,0.0889,0.0981,0.0732,0.0679,0.0556,0.0574,0.0619,0.0555,0.034,0.0692,0.0588,0,6,7,24.257265
JU06160014,-0.164,40.0293,6/7/2022,Estación punto de presa E. de María Cristina,TOMA DE MUESTRAS PARA LABORATORIO,FOSFORO TOTAL,0,mg P/l,"<0,02",0.02,Espectofotometría de absorción molecular,INTEGRADA,-1,6/4/2022,3,S2B_MSIL2A_20220604T104619_N0400_R051_T30TYK_20220604T141154,0.0643,0.0889,0.0981,0.0732,0.0679,0.0556,0.0574,0.0619,0.0555,0.034,0.0692,0.0588,0,6,7,24.257265
JU06160014,-0.164,40.0293,6/7/2022,Estación punto de presa E. de María Cristina,DETERMINACION FÍSICO-QUÍMICA IN SITU,Profundidad del disco de secchi,2.599999905,m,,,,INTEGRADA,-1,6/4/2022,3,S2B_MSIL2A_20220604T104619_N0400_R051_T30TYK_20220604T141154,0.0643,0.0889,0.0981,0.0732,0.0679,0.0556,0.0574,0.0619,0.0555,0.034,0.0692,0.0588,0,6,7,24.257265
JU06160014,-0.164,40.0293,6/7/2022,Estación punto de presa E. de María Cristina,Fitoplancton,Profundidad del disco de secchi,2.599999905,m,,,,INTEGRADA,-1,6/4/2022,3,S2B_MSIL2A_20220604T104619_N0400_R051_T30TYK_20220604T141154,0.0643,0.0889,0.0981,0.0732,0.0679,0.0556,0.0574,0.0619,0.0555,0.034,0.0692,0.0588,0,6,7,24.257265
JU06660017,-1.0992,39.7301,6/6/2022,Estación punto de presa E. de Benagéber,DETERMINACION FÍSICO-QUÍMICA IN SITU,CLOROFILA A,0.81,µg/L,"0,81",0.029999999,Fluorescencia atómica,DISCRETA,11,6/9/2022,3,S2A_MSIL2A_20220609T104631_N0400_R051_T30SXJ_20220609T185310,0.0225,0.0225,0.0205,0,0,0,0,0,0,0,0.0018,0.0038,0,6,0,6.612144
JU06660017,-1.0992,39.7301,6/6/2022,Estación punto de presa E. de Benagéber,DETERMINACION FÍSICO-QUÍMICA IN SITU,CLOROFILA A,0.53,µg/L,"0,53",0.029999999,Fluorescencia atómica,DISCRETA,35,6/9/2022,3,S2A_MSIL2A_20220609T104631_N0400_R051_T30SXJ_20220609T185310,0.0225,0.0225,0.0205,0,0,0,0,0,0,0,0.0018,0.0038,0,6,0,6.612144
JU06660017,-1.0992,39.7301,6/6/2022,Estación punto de presa E. de Benagéber,DETERMINACION FÍSICO-QUÍMICA IN SITU,CLOROFILA A,0.43,µg/L,"0,43",0.029999999,Fluorescencia atómica,DISCRETA,39,6/9/2022,3,S2A_MSIL2A_20220609T104631_N0400_R051_T30SXJ_20220609T185310,0.0225,0.0225,0.0205,0,0,0,0,0,0,0,0.0018,0.0038,0,6,0,6.612144
JU06660017,-1.0992,39.7301,6/6/2022,Estación punto de presa E. de Benagéber,DETERMINACION FÍSICO-QUÍMICA IN SITU,CLOROFILA A,0.93,µg/L,"0,93",0.029999999,Fluorescencia atómica,DISCRETA,12,6/9/2022,3,S2A_MSIL2A_20220609T104631_N0400_R051_T30SXJ_20220609T185310,0.0225,0.0225,0.0205,0,0,0,0,0,0,0,0.0018,0.0038,0,6,0,6.612144
JU06660017,-1.0992,39.7301,6/6/2022,Estación punto de presa E. de Benagéber,DETERMINACION FÍSICO-QUÍMICA IN SITU,CLOROFILA A,1.12,µg/L,"1,12",0.029999999,Fluorescencia atómica,DISCRETA,14,6/9/2022,3,S2A_MSIL2A_20220609T104631_N0400_R051_T30SXJ_20220609T185310,0.0225,0.0225,0.0205,0,0,0,0,0,0,0,0.0018,0.0038,0,6,0,6.612144
JU06660017,-1.0992,39.7301,6/6/2022,Estación punto de presa E. de Benagéber,DETERMINACION FÍSICO-QUÍMICA IN SITU,CLOROFILA A,1.02,µg/L,"1,02",0.029999999,Fluorescencia atómica,DISCRETA,15,6/9/2022,3,S2A_MSIL2A_20220609T104631_N0400_R051_T30SXJ_20220609T185310,0.0225,0.0225,0.0205,0,0,0,0,0,0,0,0.0018,0.0038,0,6,0,6.612144
JU06660017,-1.0992,39.7301,6/6/2022,Estación punto de presa E. de Benagéber,DETERMINACION FÍSICO-QUÍMICA IN SITU,CLOROFILA A,0.98,µg/L,"0,98",0.029999999,Fluorescencia atómica,DISCRETA,20,6/9/2022,3,S2A_MSIL2A_20220609T104631_N0400_R051_T30SXJ_20220609T185310,0.0225,0.0225,0.0205,0,0,0,0,0,0,0,0.0018,0.0038,0,6,0,6.612144
JU06660017,-1.0992,39.7301,6/6/2022,Estación punto de presa E. de Benagéber,DETERMINACION FÍSICO-QUÍMICA IN SITU,CLOROFILA A,1.31,µg/L,"1,31",0.029999999,Fluorescencia atómica,DISCRETA,22,6/9/2022,3,S2A_MSIL2A_20220609T104631_N0400_R051_T30SXJ_20220609T185310,0.0225,0.0225,0.0205,0,0,0,0,0,0,0,0.0018,0.0038,0,6,0,6.612144
JU06660017,-1.0992,39.7301,6/6/2022,Estación punto de presa E. de Benagéber,DETERMINACION FÍSICO-QUÍMICA IN SITU,CLOROFILA A,0.52,µg/L,"0,52",0.029999999,Fluorescencia atómica,DISCRETA,28,6/9/2022,3,S2A_MSIL2A_20220609T104631_N0400_R051_T30SXJ_20220609T185310,0.0225,0.0225,0.0205,0,0,0,0,0,0,0,0.0018,0.0038,0,6,0,6.612144
JU06660017,-1.0992,39.7301,6/6/2022,Estación punto de presa E. de Benagéber,DETERMINACION FÍSICO-QUÍMICA IN SITU,CLOROFILA A,0.51,µg/L,"0,51",0.029999999,Fluorescencia atómica,DISCRETA,3,6/9/2022,3,S2A_MSIL2A_20220609T104631_N0400_R051_T30SXJ_20220609T185310,0.0225,0.0225,0.0205,0,0,0,0,0,0,0,0.0018,0.0038,0,6,0,6.612144
JU06660017,-1.0992,39.7301,6/6/2022,Estación punto de presa E. de Benagéber,DETERMINACION FÍSICO-QUÍMICA IN SITU,CLOROFILA A,0.44,µg/L,"0,44",0.029999999,Fluorescencia atómica,DISCRETA,43,6/9/2022,3,S2A_MSIL2A_20220609T104631_N0400_R051_T30SXJ_20220609T185310,0.0225,0.0225,0.0205,0,0,0,0,0,0,0,0.0018,0.0038,0,6,0,6.612144
JU06660017,-1.0992,39.7301,6/6/2022,Estación punto de presa E. de Benagéber,DETERMINACION FÍSICO-QUÍMICA IN SITU,CLOROFILA A,0.39,µg/L,"0,39",0.029999999,Fluorescencia atómica,DISCRETA,47,6/9/2022,3,S2A_MSIL2A_20220609T104631_N0400_R051_T30SXJ_20220609T185310,0.0225,0.0225,0.0205,0,0,0,0,0,0,0,0.0018,0.0038,0,6,0,6.612144
JU06660017,-1.0992,39.7301,6/6/2022,Estación punto de presa E. de Benagéber,DETERMINACION FÍSICO-QUÍMICA IN SITU,CLOROFILA A,0.41,µg/L,"0,41",0.029999999,Fluorescencia atómica,DISCRETA,48,6/9/2022,3,S2A_MSIL2A_20220609T104631_N0400_R051_T30SXJ_20220609T185310,0.0225,0.0225,0.0205,0,0,0,0,0,0,0,0.0018,0.0038,0,6,0,6.612144
JU06660017,-1.0992,39.7301,6/6/2022,Estación punto de presa E. de Benagéber,DETERMINACION FÍSICO-QUÍMICA IN SITU,CLOROFILA A,0.54,µg/L,"0,54",0.029999999,Fluorescencia atómica,DISCRETA,4,6/9/2022,3,S2A_MSIL2A_20220609T104631_N0400_R051_T30SXJ_20220609T185310,0.0225,0.0225,0.0205,0,0,0,0,0,0,0,0.0018,0.0038,0,6,0,6.612144
JU06660017,-1.0992,39.7301,6/6/2022,Estación punto de presa E. de Benagéber,DETERMINACION FÍSICO-QUÍMICA IN SITU,CLOROFILA A,0.38,µg/L,"0,38",0.029999999,Fluorescencia atómica,DISCRETA,50,6/9/2022,3,S2A_MSIL2A_20220609T104631_N0400_R051_T30SXJ_20220609T185310,0.0225,0.0225,0.0205,0,0,0,0,0,0,0,0.0018,0.0038,0,6,0,6.612144
JU06660017,-1.0992,39.7301,6/6/2022,Estación punto de presa E. de Benagéber,DETERMINACION FÍSICO-QUÍMICA IN SITU,CLOROFILA A,0.31,µg/L,"0,31",0.029999999,Fluorescencia atómica,DISCRETA,57,6/9/2022,3,S2A_MSIL2A_20220609T104631_N0400_R051_T30SXJ_20220609T185310,0.0225,0.0225,0.0205,0,0,0,0,0,0,0,0.0018,0.0038,0,6,0,6.612144
JU06660017,-1.0992,39.7301,6/6/2022,Estación punto de presa E. de Benagéber,DETERMINACION FÍSICO-QUÍMICA IN SITU,CLOROFILA A,0.34,µg/L,"0,34",0.029999999,Fluorescencia atómica,DISCRETA,62,6/9/2022,3,S2A_MSIL2A_20220609T104631_N0400_R051_T30SXJ_20220609T185310,0.0225,0.0225,0.0205,0,0,0,0,0,0,0,0.0018,0.0038,0,6,0,6.612144
JU06660017,-1.0992,39.7301,6/6/2022,Estación punto de presa E. de Benagéber,TOMA DE MUESTRAS PARA LABORATORIO,SOLIDOS EN SUSPENSION,2.2,mg/L,"2,2",2,Gravimetría,INTEGRADA,-1,6/9/2022,3,S2A_MSIL2A_20220609T104631_N0400_R051_T30SXJ_20220609T185310,0.0225,0.0225,0.0205,0,0,0,0,0,0,0,0.0018,0.0038,0,6,0,6.612144
JU06660017,-1.0992,39.7301,6/6/2022,Estación punto de presa E. de Benagéber,DETERMINACION FÍSICO-QUÍMICA IN SITU,CLOROFILA A,1.02,µg/L,"1,02",0.029999999,Fluorescencia atómica,DISCRETA,24,6/9/2022,3,S2A_MSIL2A_20220609T104631_N0400_R051_T30SXJ_20220609T185310,0.0225,0.0225,0.0205,0,0,0,0,0,0,0,0.0018,0.0038,0,6,0,6.612144
JU06660017,-1.0992,39.7301,6/6/2022,Estación punto de presa E. de Benagéber,DETERMINACION FÍSICO-QUÍMICA IN SITU,CLOROFILA A,0.69,µg/L,"0,69",0.029999999,Fluorescencia atómica,DISCRETA,25,6/9/2022,3,S2A_MSIL2A_20220609T104631_N0400_R051_T30SXJ_20220609T185310,0.0225,0.0225,0.0205,0,0,0,0,0,0,0,0.0018,0.0038,0,6,0,6.612144
JU06660017,-1.0992,39.7301,6/6/2022,Estación punto de presa E. de Benagéber,DETERMINACION FÍSICO-QUÍMICA IN SITU,CLOROFILA A,0.5,µg/L,"0,5",0.029999999,Fluorescencia atómica,DISCRETA,33,6/9/2022,3,S2A_MSIL2A_20220609T104631_N0400_R051_T30SXJ_20220609T185310,0.0225,0.0225,0.0205,0,0,0,0,0,0,0,0.0018,0.0038,0,6,0,6.612144
JU06660017,-1.0992,39.7301,6/6/2022,Estación punto de presa E. de Benagéber,DETERMINACION FÍSICO-QUÍMICA IN SITU,CLOROFILA A,0.5,µg/L,"0,5",0.029999999,Fluorescencia atómica,DISCRETA,41,6/9/2022,3,S2A_MSIL2A_20220609T104631_N0400_R051_T30SXJ_20220609T185310,0.0225,0.0225,0.0205,0,0,0,0,0,0,0,0.0018,0.0038,0,6,0,6.612144
JU06660017,-1.0992,39.7301,6/6/2022,Estación punto de presa E. de Benagéber,DETERMINACION FÍSICO-QUÍMICA IN SITU,CLOROFILA A,0.41,µg/L,"0,41",0.029999999,Fluorescencia atómica,DISCRETA,49,6/9/2022,3,S2A_MSIL2A_20220609T104631_N0400_R051_T30SXJ_20220609T185310,0.0225,0.0225,0.0205,0,0,0,0,0,0,0,0.0018,0.0038,0,6,0,6.612144
JU06660017,-1.0992,39.7301,6/6/2022,Estación punto de presa E. de Benagéber,DETERMINACION FÍSICO-QUÍMICA IN SITU,CLOROFILA A,0.33,µg/L,"0,33",0.029999999,Fluorescencia atómica,DISCRETA,55,6/9/2022,3,S2A_MSIL2A_20220609T104631_N0400_R051_T30SXJ_20220609T185310,0.0225,0.0225,0.0205,0,0,0,0,0,0,0,0.0018,0.0038,0,6,0,6.612144
JU06660017,-1.0992,39.7301,6/6/2022,Estación punto de presa E. de Benagéber,DETERMINACION FÍSICO-QUÍMICA IN SITU,CLOROFILA A,0.69,µg/L,"0,69",0.029999999,Fluorescencia atómica,DISCRETA,9,6/9/2022,3,S2A_MSIL2A_20220609T104631_N0400_R051_T30SXJ_20220609T185310,0.0225,0.0225,0.0205,0,0,0,0,0,0,0,0.0018,0.0038,0,6,0,6.612144
JU06660017,-1.0992,39.7301,6/6/2022,Estación punto de presa E. de Benagéber,DETERMINACION FÍSICO-QUÍMICA IN SITU,CLOROFILA A,0.88,µg/L,"0,88",0.029999999,Fluorescencia atómica,DISCRETA,19,6/9/2022,3,S2A_MSIL2A_20220609T104631_N0400_R051_T30SXJ_20220609T185310,0.0225,0.0225,0.0205,0,0,0,0,0,0,0,0.0018,0.0038,0,6,0,6.612144
JU06660017,-1.0992,39.7301,6/6/2022,Estación punto de presa E. de Benagéber,DETERMINACION FÍSICO-QUÍMICA IN SITU,CLOROFILA A,0.52,µg/L,"0,52",0.029999999,Fluorescencia atómica,DISCRETA,27,6/9/2022,3,S2A_MSIL2A_20220609T104631_N0400_R051_T30SXJ_20220609T185310,0.0225,0.0225,0.0205,0,0,0,0,0,0,0,0.0018,0.0038,0,6,0,6.612144
JU06660017,-1.0992,39.7301,6/6/2022,Estación punto de presa E. de Benagéber,DETERMINACION FÍSICO-QUÍMICA IN SITU,CLOROFILA A,0.49,µg/L,"0,49",0.029999999,Fluorescencia atómica,DISCRETA,2,6/9/2022,3,S2A_MSIL2A_20220609T104631_N0400_R051_T30SXJ_20220609T185310,0.0225,0.0225,0.0205,0,0,0,0,0,0,0,0.0018,0.0038,0,6,0,6.612144
JU06660017,-1.0992,39.7301,6/6/2022,Estación punto de presa E. de Benagéber,DETERMINACION FÍSICO-QUÍMICA IN SITU,CLOROFILA A,0.45,µg/L,"0,45",0.029999999,Fluorescencia atómica,DISCRETA,38,6/9/2022,3,S2A_MSIL2A_20220609T104631_N0400_R051_T30SXJ_20220609T185310,0.0225,0.0225,0.0205,0,0,0,0,0,0,0,0.0018,0.0038,0,6,0,6.612144
JU06660017,-1.0992,39.7301,6/6/2022,Estación punto de presa E. de Benagéber,DETERMINACION FÍSICO-QUÍMICA IN SITU,CLOROFILA A,0.42,µg/L,"0,42",0.029999999,Fluorescencia atómica,DISCRETA,44,6/9/2022,3,S2A_MSIL2A_20220609T104631_N0400_R051_T30SXJ_20220609T185310,0.0225,0.0225,0.0205,0,0,0,0,0,0,0,0.0018,0.0038,0,6,0,6.612144
JU06660017,-1.0992,39.7301,6/6/2022,Estación punto de presa E. de Benagéber,DETERMINACION FÍSICO-QUÍMICA IN SITU,CLOROFILA A,0.35,µg/L,"0,35",0.029999999,Fluorescencia atómica,DISCRETA,52,6/9/2022,3,S2A_MSIL2A_20220609T104631_N0400_R051_T30SXJ_20220609T185310,0.0225,0.0225,0.0205,0,0,0,0,0,0,0,0.0018,0.0038,0,6,0,6.612144
JU06660017,-1.0992,39.7301,6/6/2022,Estación punto de presa E. de Benagéber,DETERMINACION FÍSICO-QUÍMICA IN SITU,CLOROFILA A,0.31,µg/L,"0,31",0.029999999,Fluorescencia atómica,DISCRETA,58,6/9/2022,3,S2A_MSIL2A_20220609T104631_N0400_R051_T30SXJ_20220609T185310,0.0225,0.0225,0.0205,0,0,0,0,0,0,0,0.0018,0.0038,0,6,0,6.612144
JU06660017,-1.0992,39.7301,6/6/2022,Estación punto de presa E. de Benagéber,DETERMINACION FÍSICO-QUÍMICA IN SITU,CLOROFILA A,0.31,µg/L,"0,31",0.029999999,Fluorescencia atómica,DISCRETA,61,6/9/2022,3,S2A_MSIL2A_20220609T104631_N0400_R051_T30SXJ_20220609T185310,0.0225,0.0225,0.0205,0,0,0,0,0,0,0,0.0018,0.0038,0,6,0,6.612144
JU06660017,-1.0992,39.7301,6/6/2022,Estación punto de presa E. de Benagéber,DETERMINACION FÍSICO-QUÍMICA IN SITU,CLOROFILA A,0.97,µg/L,"0,97",0.029999999,Fluorescencia atómica,DISCRETA,16,6/9/2022,3,S2A_MSIL2A_20220609T104631_N0400_R051_T30SXJ_20220609T185310,0.0225,0.0225,0.0205,0,0,0,0,0,0,0,0.0018,0.0038,0,6,0,6.612144
JU06660017,-1.0992,39.7301,6/6/2022,Estación punto de presa E. de Benagéber,DETERMINACION FÍSICO-QUÍMICA IN SITU,CLOROFILA A,0.49,µg/L,"0,49",0.029999999,Fluorescencia atómica,DISCRETA,1,6/9/2022,3,S2A_MSIL2A_20220609T104631_N0400_R051_T30SXJ_20220609T185310,0.0225,0.0225,0.0205,0,0,0,0,0,0,0,0.0018,0.0038,0,6,0,6.612144
JU06660017,-1.0992,39.7301,6/6/2022,Estación punto de presa E. de Benagéber,DETERMINACION FÍSICO-QUÍMICA IN SITU,CLOROFILA A,1.12,µg/L,"1,12",0.029999999,Fluorescencia atómica,DISCRETA,23,6/9/2022,3,S2A_MSIL2A_20220609T104631_N0400_R051_T30SXJ_20220609T185310,0.0225,0.0225,0.0205,0,0,0,0,0,0,0,0.0018,0.0038,0,6,0,6.612144
JU06660017,-1.0992,39.7301,6/6/2022,Estación punto de presa E. de Benagéber,DETERMINACION FÍSICO-QUÍMICA IN SITU,CLOROFILA A,0.79,µg/L,"0,79",0.029999999,Fluorescencia atómica,DISCRETA,26,6/9/2022,3,S2A_MSIL2A_20220609T104631_N0400_R051_T30SXJ_20220609T185310,0.0225,0.0225,0.0205,0,0,0,0,0,0,0,0.0018,0.0038,0,6,0,6.612144
JU06660017,-1.0992,39.7301,6/6/2022,Estación punto de presa E. de Benagéber,DETERMINACION FÍSICO-QUÍMICA IN SITU,CLOROFILA A,0.49,µg/L,"0,49",0.029999999,Fluorescencia atómica,DISCRETA,29,6/9/2022,3,S2A_MSIL2A_20220609T104631_N0400_R051_T30SXJ_20220609T185310,0.0225,0.0225,0.0205,0,0,0,0,0,0,0,0.0018,0.0038,0,6,0,6.612144
JU06660017,-1.0992,39.7301,6/6/2022,Estación punto de presa E. de Benagéber,DETERMINACION FÍSICO-QUÍMICA IN SITU,CLOROFILA A,0.51,µg/L,"0,51",0.029999999,Fluorescencia atómica,DISCRETA,37,6/9/2022,3,S2A_MSIL2A_20220609T104631_N0400_R051_T30SXJ_20220609T185310,0.0225,0.0225,0.0205,0,0,0,0,0,0,0,0.0018,0.0038,0,6,0,6.612144
JU06660017,-1.0992,39.7301,6/6/2022,Estación punto de presa E. de Benagéber,DETERMINACION FÍSICO-QUÍMICA IN SITU,CLOROFILA A,0.43,µg/L,"0,43",0.029999999,Fluorescencia atómica,DISCRETA,42,6/9/2022,3,S2A_MSIL2A_20220609T104631_N0400_R051_T30SXJ_20220609T185310,0.0225,0.0225,0.0205,0,0,0,0,0,0,0,0.0018,0.0038,0,6,0,6.612144
JU06660017,-1.0992,39.7301,6/6/2022,Estación punto de presa E. de Benagéber,DETERMINACION FÍSICO-QUÍMICA IN SITU,CLOROFILA A,0.78,µg/L,"0,78",0.029999999,Fluorescencia atómica,DISCRETA,5,6/9/2022,3,S2A_MSIL2A_20220609T104631_N0400_R051_T30SXJ_20220609T185310,0.0225,0.0225,0.0205,0,0,0,0,0,0,0,0.0018,0.0038,0,6,0,6.612144
JU06660017,-1.0992,39.7301,6/6/2022,Estación punto de presa E. de Benagéber,DETERMINACION FÍSICO-QUÍMICA IN SITU,CLOROFILA A,0.32,µg/L,"0,32",0.029999999,Fluorescencia atómica,DISCRETA,60,6/9/2022,3,S2A_MSIL2A_20220609T104631_N0400_R051_T30SXJ_20220609T185310,0.0225,0.0225,0.0205,0,0,0,0,0,0,0,0.0018,0.0038,0,6,0,6.612144
JU06660017,-1.0992,39.7301,6/6/2022,Estación punto de presa E. de Benagéber,DETERMINACION FÍSICO-QUÍMICA IN SITU,CLOROFILA A,0.31,µg/L,"0,31",0.029999999,Fluorescencia atómica,DISCRETA,63,6/9/2022,3,S2A_MSIL2A_20220609T104631_N0400_R051_T30SXJ_20220609T185310,0.0225,0.0225,0.0205,0,0,0,0,0,0,0,0.0018,0.0038,0,6,0,6.612144
JU06660017,-1.0992,39.7301,6/6/2022,Estación punto de presa E. de Benagéber,DETERMINACION FÍSICO-QUÍMICA IN SITU,CLOROFILA A,0.36,µg/L,"0,36",0.029999999,Fluorescencia atómica,DISCRETA,64,6/9/2022,3,S2A_MSIL2A_20220609T104631_N0400_R051_T30SXJ_20220609T185310,0.0225,0.0225,0.0205,0,0,0,0,0,0,0,0.0018,0.0038,0,6,0,6.612144
JU06660017,-1.0992,39.7301,6/6/2022,Estación punto de presa E. de Benagéber,DETERMINACION FÍSICO-QUÍMICA IN SITU,CLOROFILA A,0.97,µg/L,"0,97",0.029999999,Fluorescencia atómica,DISCRETA,6,6/9/2022,3,S2A_MSIL2A_20220609T104631_N0400_R051_T30SXJ_20220609T185310,0.0225,0.0225,0.0205,0,0,0,0,0,0,0,0.0018,0.0038,0,6,0,6.612144
JU06660017,-1.0992,39.7301,6/6/2022,Estación punto de presa E. de Benagéber,DETERMINACION FÍSICO-QUÍMICA IN SITU,CLOROFILA A,0.8,µg/L,"0,8",0.029999999,Fluorescencia atómica,DISCRETA,10,6/9/2022,3,S2A_MSIL2A_20220609T104631_N0400_R051_T30SXJ_20220609T185310,0.0225,0.0225,0.0205,0,0,0,0,0,0,0,0.0018,0.0038,0,6,0,6.612144
JU06660017,-1.0992,39.7301,6/6/2022,Estación punto de presa E. de Benagéber,DETERMINACION FÍSICO-QUÍMICA IN SITU,CLOROFILA A,0.91,µg/L,"0,91",0.029999999,Fluorescencia atómica,DISCRETA,13,6/9/2022,3,S2A_MSIL2A_20220609T104631_N0400_R051_T30SXJ_20220609T185310,0.0225,0.0225,0.0205,0,0,0,0,0,0,0,0.0018,0.0038,0,6,0,6.612144
JU06660017,-1.0992,39.7301,6/6/2022,Estación punto de presa E. de Benagéber,DETERMINACION FÍSICO-QUÍMICA IN SITU,CLOROFILA A,0.98,µg/L,"0,98",0.029999999,Fluorescencia atómica,DISCRETA,17,6/9/2022,3,S2A_MSIL2A_20220609T104631_N0400_R051_T30SXJ_20220609T185310,0.0225,0.0225,0.0205,0,0,0,0,0,0,0,0.0018,0.0038,0,6,0,6.612144
JU06660017,-1.0992,39.7301,6/6/2022,Estación punto de presa E. de Benagéber,DETERMINACION FÍSICO-QUÍMICA IN SITU,CLOROFILA A,0.53,µg/L,"0,53",0.029999999,Fluorescencia atómica,DISCRETA,30,6/9/2022,3,S2A_MSIL2A_20220609T104631_N0400_R051_T30SXJ_20220609T185310,0.0225,0.0225,0.0205,0,0,0,0,0,0,0,0.0018,0.0038,0,6,0,6.612144
JU06660017,-1.0992,39.7301,6/6/2022,Estación punto de presa E. de Benagéber,DETERMINACION FÍSICO-QUÍMICA IN SITU,CLOROFILA A,0.57,µg/L,"0,57",0.029999999,Fluorescencia atómica,DISCRETA,31,6/9/2022,3,S2A_MSIL2A_20220609T104631_N0400_R051_T30SXJ_20220609T185310,0.0225,0.0225,0.0205,0,0,0,0,0,0,0,0.0018,0.0038,0,6,0,6.612144
JU06660017,-1.0992,39.7301,6/6/2022,Estación punto de presa E. de Benagéber,DETERMINACION FÍSICO-QUÍMICA IN SITU,CLOROFILA A,0.47,µg/L,"0,47",0.029999999,Fluorescencia atómica,DISCRETA,34,6/9/2022,3,S2A_MSIL2A_20220609T104631_N0400_R051_T30SXJ_20220609T185310,0.0225,0.0225,0.0205,0,0,0,0,0,0,0,0.0018,0.0038,0,6,0,6.612144
JU06660017,-1.0992,39.7301,6/6/2022,Estación punto de presa E. de Benagéber,DETERMINACION FÍSICO-QUÍMICA IN SITU,CLOROFILA A,0.44,µg/L,"0,44",0.029999999,Fluorescencia atómica,DISCRETA,36,6/9/2022,3,S2A_MSIL2A_20220609T104631_N0400_R051_T30SXJ_20220609T185310,0.0225,0.0225,0.0205,0,0,0,0,0,0,0,0.0018,0.0038,0,6,0,6.612144
JU06660017,-1.0992,39.7301,6/6/2022,Estación punto de presa E. de Benagéber,DETERMINACION FÍSICO-QUÍMICA IN SITU,CLOROFILA A,0.51,µg/L,"0,51",0.029999999,Fluorescencia atómica,DISCRETA,40,6/9/2022,3,S2A_MSIL2A_20220609T104631_N0400_R051_T30SXJ_20220609T185310,0.0225,0.0225,0.0205,0,0,0,0,0,0,0,0.0018,0.0038,0,6,0,6.612144
JU06660017,-1.0992,39.7301,6/6/2022,Estación punto de presa E. de Benagéber,DETERMINACION FÍSICO-QUÍMICA IN SITU,CLOROFILA A,0.41,µg/L,"0,41",0.029999999,Fluorescencia atómica,DISCRETA,45,6/9/2022,3,S2A_MSIL2A_20220609T104631_N0400_R051_T30SXJ_20220609T185310,0.0225,0.0225,0.0205,0,0,0,0,0,0,0,0.0018,0.0038,0,6,0,6.612144
JU06660017,-1.0992,39.7301,6/6/2022,Estación punto de presa E. de Benagéber,DETERMINACION FÍSICO-QUÍMICA IN SITU,CLOROFILA A,0.39,µg/L,"0,39",0.029999999,Fluorescencia atómica,DISCRETA,51,6/9/2022,3,S2A_MSIL2A_20220609T104631_N0400_R051_T30SXJ_20220609T185310,0.0225,0.0225,0.0205,0,0,0,0,0,0,0,0.0018,0.0038,0,6,0,6.612144
JU06660017,-1.0992,39.7301,6/6/2022,Estación punto de presa E. de Benagéber,DETERMINACION FÍSICO-QUÍMICA IN SITU,CLOROFILA A,0.34,µg/L,"0,34",0.029999999,Fluorescencia atómica,DISCRETA,54,6/9/2022,3,S2A_MSIL2A_20220609T104631_N0400_R051_T30SXJ_20220609T185310,0.0225,0.0225,0.0205,0,0,0,0,0,0,0,0.0018,0.0038,0,6,0,6.612144
JU06660017,-1.0992,39.7301,6/6/2022,Estación punto de presa E. de Benagéber,DETERMINACION FÍSICO-QUÍMICA IN SITU,CLOROFILA A,0.38,µg/L,"0,38",0.029999999,Fluorescencia atómica,DISCRETA,59,6/9/2022,3,S2A_MSIL2A_20220609T104631_N0400_R051_T30SXJ_20220609T185310,0.0225,0.0225,0.0205,0,0,0,0,0,0,0,0.0018,0.0038,0,6,0,6.612144
JU06660017,-1.0992,39.7301,6/6/2022,Estación punto de presa E. de Benagéber,DETERMINACION FÍSICO-QUÍMICA IN SITU,CLOROFILA A,0.44,µg/L,"0,44",0.029999999,Fluorescencia atómica,DISCRETA,0,6/9/2022,3,S2A_MSIL2A_20220609T104631_N0400_R051_T30SXJ_20220609T185310,0.0225,0.0225,0.0205,0,0,0,0,0,0,0,0.0018,0.0038,0,6,0,6.612144
JU06660017,-1.0992,39.7301,6/6/2022,Estación punto de presa E. de Benagéber,DETERMINACION FÍSICO-QUÍMICA IN SITU,CLOROFILA A,0.96,µg/L,"0,96",0.029999999,Fluorescencia atómica,DISCRETA,21,6/9/2022,3,S2A_MSIL2A_20220609T104631_N0400_R051_T30SXJ_20220609T185310,0.0225,0.0225,0.0205,0,0,0,0,0,0,0,0.0018,0.0038,0,6,0,6.612144
JU06660017,-1.0992,39.7301,6/6/2022,Estación punto de presa E. de Benagéber,DETERMINACION FÍSICO-QUÍMICA IN SITU,CLOROFILA A,0.34,µg/L,"0,34",0.029999999,Fluorescencia atómica,DISCRETA,53,6/9/2022,3,S2A_MSIL2A_20220609T104631_N0400_R051_T30SXJ_20220609T185310,0.0225,0.0225,0.0205,0,0,0,0,0,0,0,0.0018,0.0038,0,6,0,6.612144
JU06660017,-1.0992,39.7301,6/6/2022,Estación punto de presa E. de Benagéber,DETERMINACION FÍSICO-QUÍMICA IN SITU,CLOROFILA A,0.37,µg/L,"0,37",0.029999999,Fluorescencia atómica,DISCRETA,65,6/9/2022,3,S2A_MSIL2A_20220609T104631_N0400_R051_T30SXJ_20220609T185310,0.0225,0.0225,0.0205,0,0,0,0,0,0,0,0.0018,0.0038,0,6,0,6.612144
JU06660017,-1.0992,39.7301,6/6/2022,Estación punto de presa E. de Benagéber,Fitoplancton,CLOROFILA A,1.068,µg/L,"1,068",1,Espectofotometría de absorción molecular,INTEGRADA,-1,6/9/2022,3,S2A_MSIL2A_20220609T104631_N0400_R051_T30SXJ_20220609T185310,0.0225,0.0225,0.0205,0,0,0,0,0,0,0,0.0018,0.0038,0,6,0,6.612144
JU06660017,-1.0992,39.7301,6/6/2022,Estación punto de presa E. de Benagéber,DETERMINACION FÍSICO-QUÍMICA IN SITU,CLOROFILA A,0.96,µg/L,"0,96",0.029999999,Fluorescencia atómica,DISCRETA,18,6/9/2022,3,S2A_MSIL2A_20220609T104631_N0400_R051_T30SXJ_20220609T185310,0.0225,0.0225,0.0205,0,0,0,0,0,0,0,0.0018,0.0038,0,6,0,6.612144
JU06660017,-1.0992,39.7301,6/6/2022,Estación punto de presa E. de Benagéber,DETERMINACION FÍSICO-QUÍMICA IN SITU,CLOROFILA A,0.49,µg/L,"0,49",0.029999999,Fluorescencia atómica,DISCRETA,32,6/9/2022,3,S2A_MSIL2A_20220609T104631_N0400_R051_T30SXJ_20220609T185310,0.0225,0.0225,0.0205,0,0,0,0,0,0,0,0.0018,0.0038,0,6,0,6.612144
JU06660017,-1.0992,39.7301,6/6/2022,Estación punto de presa E. de Benagéber,DETERMINACION FÍSICO-QUÍMICA IN SITU,CLOROFILA A,0.41,µg/L,"0,41",0.029999999,Fluorescencia atómica,DISCRETA,46,6/9/2022,3,S2A_MSIL2A_20220609T104631_N0400_R051_T30SXJ_20220609T185310,0.0225,0.0225,0.0205,0,0,0,0,0,0,0,0.0018,0.0038,0,6,0,6.612144
JU06660017,-1.0992,39.7301,6/6/2022,Estación punto de presa E. de Benagéber,DETERMINACION FÍSICO-QUÍMICA IN SITU,CLOROFILA A,0.33,µg/L,"0,33",0.029999999,Fluorescencia atómica,DISCRETA,56,6/9/2022,3,S2A_MSIL2A_20220609T104631_N0400_R051_T30SXJ_20220609T185310,0.0225,0.0225,0.0205,0,0,0,0,0,0,0,0.0018,0.0038,0,6,0,6.612144
JU06660017,-1.0992,39.7301,6/6/2022,Estación punto de presa E. de Benagéber,DETERMINACION FÍSICO-QUÍMICA IN SITU,CLOROFILA A,0.73,µg/L,"0,73",0.029999999,Fluorescencia atómica,DISCRETA,7,6/9/2022,3,S2A_MSIL2A_20220609T104631_N0400_R051_T30SXJ_20220609T185310,0.0225,0.0225,0.0205,0,0,0,0,0,0,0,0.0018,0.0038,0,6,0,6.612144
JU06660017,-1.0992,39.7301,6/6/2022,Estación punto de presa E. de Benagéber,DETERMINACION FÍSICO-QUÍMICA IN SITU,CLOROFILA A,0.7,µg/L,"0,7",0.029999999,Fluorescencia atómica,DISCRETA,8,6/9/2022,3,S2A_MSIL2A_20220609T104631_N0400_R051_T30SXJ_20220609T185310,0.0225,0.0225,0.0205,0,0,0,0,0,0,0,0.0018,0.0038,0,6,0,6.612144
JU06660017,-1.0992,39.7301,6/6/2022,Estación punto de presa E. de Benagéber,TOMA DE MUESTRAS PARA LABORATORIO,FOSFORO TOTAL,0.148,mg P/l,"0,148",0.02,Espectofotometría de absorción molecular,INTEGRADA,-1,6/9/2022,3,S2A_MSIL2A_20220609T104631_N0400_R051_T30SXJ_20220609T185310,0.0225,0.0225,0.0205,0,0,0,0,0,0,0,0.0018,0.0038,0,6,0,6.612144
JU06660017,-1.0992,39.7301,6/6/2022,Estación punto de presa E. de Benagéber,DETERMINACION FÍSICO-QUÍMICA IN SITU,Profundidad del disco de secchi,5.800000191,m,,,,INTEGRADA,-1,6/9/2022,3,S2A_MSIL2A_20220609T104631_N0400_R051_T30SXJ_20220609T185310,0.0225,0.0225,0.0205,0,0,0,0,0,0,0,0.0018,0.0038,0,6,0,6.612144
JU06660017,-1.0992,39.7301,6/6/2022,Estación punto de presa E. de Benagéber,Fitoplancton,Profundidad del disco de secchi,5.800000191,m,,,,INTEGRADA,-1,6/9/2022,3,S2A_MSIL2A_20220609T104631_N0400_R051_T30SXJ_20220609T185310,0.0225,0.0225,0.0205,0,0,0,0,0,0,0,0.0018,0.0038,0,6,0,6.612144
,-0.2307,40.0116,3/15/2022,,,,,,,,,,,,,,,,,,,,,,,,,,,,,
,-0.2307,40.0116,3/15/2022,,,,,,,,,,,,,,,,,,,,,,,,,,,,,
,-0.2307,40.0116,3/15/2022,,,,,,,,,,,,,,,,,,,,,,,,,,,,,
,-0.2307,40.0116,3/15/2022,,,,,,,,,,,,,,,,,,,,,,,,,,,,,
,-0.2307,40.0116,3/15/2022,,,,,,,,,,,,,,,,,,,,,,,,,,,,,
,-0.2307,40.0116,3/15/2022,,,,,,,,,,,,,,,,,,,,,,,,,,,,,
,-0.2307,40.0116,3/15/2022,,,,,,,,,,,,,,,,,,,,,,,,,,,,,
,-0.2307,40.0116,3/15/2022,,,,,,,,,,,,,,,,,,,,,,,,,,,,,
,-0.2307,40.0116,3/15/2022,,,,,,,,,,,,,,,,,,,,,,,,,,,,,
,-0.2307,40.0116,3/15/2022,,,,,,,,,,,,,,,,,,,,,,,,,,,,,
,-0.2307,40.0116,3/15/2022,,,,,,,,,,,,,,,,,,,,,,,,,,,,,
,-0.2307,40.0116,3/15/2022,,,,,,,,,,,,,,,,,,,,,,,,,,,,,
,-0.2307,40.0116,3/15/2022,,,,,,,,,,,,,,,,,,,,,,,,,,,,,
,-0.2307,40.0116,3/15/2022,,,,,,,,,,,,,,,,,,,,,,,,,,,,,
,-0.2307,40.0116,3/15/2022,,,,,,,,,,,,,,,,,,,,,,,,,,,,,
,-0.2307,40.0116,3/15/2022,,,,,,,,,,,,,,,,,,,,,,,,,,,,,
,-0.2307,40.0116,3/15/2022,,,,,,,,,,,,,,,,,,,,,,,,,,,,,
,-0.2307,40.0116,3/15/2022,,,,,,,,,,,,,,,,,,,,,,,,,,,,,
,-0.2307,40.0116,3/15/2022,,,,,,,,,,,,,,,,,,,,,,,,,,,,,
,-0.2307,40.0116,3/15/2022,,,,,,,,,,,,,,,,,,,,,,,,,,,,,
,-0.2307,40.0116,3/15/2022,,,,,,,,,,,,,,,,,,,,,,,,,,,,,
,-0.2307,40.0116,3/15/2022,,,,,,,,,,,,,,,,,,,,,,,,,,,,,
,-0.2307,40.0116,3/15/2022,,,,,,,,,,,,,,,,,,,,,,,,,,,,,
,-0.2307,40.0116,3/15/2022,,,,,,,,,,,,,,,,,,,,,,,,,,,,,
,-0.2307,40.0116,3/15/2022,,,,,,,,,,,,,,,,,,,,,,,,,,,,,
,-0.2307,40.0116,3/15/2022,,,,,,,,,,,,,,,,,,,,,,,,,,,,,
,-0.164,40.0293,3/11/2022,,,,,,,,,,,,,,,,,,,,,,,,,,,,,
,-0.164,40.0293,3/11/2022,,,,,,,,,,,,,,,,,,,,,,,,,,,,,
,-0.164,40.0293,3/11/2022,,,,,,,,,,,,,,,,,,,,,,,,,,,,,
,-0.164,40.0293,3/11/2022,,,,,,,,,,,,,,,,,,,,,,,,,,,,,
,-0.164,40.0293,3/11/2022,,,,,,,,,,,,,,,,,,,,,,,,,,,,,
,-0.164,40.0293,3/11/2022,,,,,,,,,,,,,,,,,,,,,,,,,,,,,
,-0.164,40.0293,3/11/2022,,,,,,,,,,,,,,,,,,,,,,,,,,,,,
,-0.164,40.0293,3/11/2022,,,,,,,,,,,,,,,,,,,,,,,,,,,,,
,-0.164,40.0293,3/11/2022,,,,,,,,,,,,,,,,,,,,,,,,,,,,,
,-0.164,40.0293,3/11/2022,,,,,,,,,,,,,,,,,,,,,,,,,,,,,
,-0.164,40.0293,3/11/2022,,,,,,,,,,,,,,,,,,,,,,,,,,,,,
,-0.164,40.0293,3/11/2022,,,,,,,,,,,,,,,,,,,,,,,,,,,,,
,-1.0992,39.7301,3/10/2022,,,,,,,,,,,,,,,,,,,,,,,,,,,,,
,-1.0992,39.7301,3/10/2022,,,,,,,,,,,,,,,,,,,,,,,,,,,,,
,-1.0992,39.7301,3/10/2022,,,,,,,,,,,,,,,,,,,,,,,,,,,,,
,-1.0992,39.7301,3/10/2022,,,,,,,,,,,,,,,,,,,,,,,,,,,,,
,-1.0992,39.7301,3/10/2022,,,,,,,,,,,,,,,,,,,,,,,,,,,,,
,-1.0992,39.7301,3/10/2022,,,,,,,,,,,,,,,,,,,,,,,,,,,,,
,-1.0992,39.7301,3/10/2022,,,,,,,,,,,,,,,,,,,,,,,,,,,,,
,-1.0992,39.7301,3/10/2022,,,,,,,,,,,,,,,,,,,,,,,,,,,,,
,-1.0992,39.7301,3/10/2022,,,,,,,,,,,,,,,,,,,,,,,,,,,,,
,-1.0992,39.7301,3/10/2022,,,,,,,,,,,,,,,,,,,,,,,,,,,,,
,-1.0992,39.7301,3/10/2022,,,,,,,,,,,,,,,,,,,,,,,,,,,,,
,-1.0992,39.7301,3/10/2022,,,,,,,,,,,,,,,,,,,,,,,,,,,,,
,-1.0992,39.7301,3/10/2022,,,,,,,,,,,,,,,,,,,,,,,,,,,,,
,-1.0992,39.7301,3/10/2022,,,,,,,,,,,,,,,,,,,,,,,,,,,,,
,-1.0992,39.7301,3/10/2022,,,,,,,,,,,,,,,,,,,,,,,,,,,,,
,-1.0992,39.7301,3/10/2022,,,,,,,,,,,,,,,,,,,,,,,,,,,,,
,-1.0992,39.7301,3/10/2022,,,,,,,,,,,,,,,,,,,,,,,,,,,,,
,-1.0992,39.7301,3/10/2022,,,,,,,,,,,,,,,,,,,,,,,,,,,,,
,-1.0992,39.7301,3/10/2022,,,,,,,,,,,,,,,,,,,,,,,,,,,,,
,-1.0992,39.7301,3/10/2022,,,,,,,,,,,,,,,,,,,,,,,,,,,,,
,-1.0992,39.7301,3/10/2022,,,,,,,,,,,,,,,,,,,,,,,,,,,,,
,-1.0992,39.7301,3/10/2022,,,,,,,,,,,,,,,,,,,,,,,,,,,,,
,-1.0992,39.7301,3/10/2022,,,,,,,,,,,,,,,,,,,,,,,,,,,,,
,-1.0992,39.7301,3/10/2022,,,,,,,,,,,,,,,,,,,,,,,,,,,,,
,-1.0992,39.7301,3/10/2022,,,,,,,,,,,,,,,,,,,,,,,,,,,,,
,-1.0992,39.7301,3/10/2022,,,,,,,,,,,,,,,,,,,,,,,,,,,,,
,-1.0992,39.7301,3/10/2022,,,,,,,,,,,,,,,,,,,,,,,,,,,,,
,-1.0992,39.7301,3/10/2022,,,,,,,,,,,,,,,,,,,,,,,,,,,,,
,-1.0992,39.7301,3/10/2022,,,,,,,,,,,,,,,,,,,,,,,,,,,,,
,-1.0992,39.7301,3/10/2022,,,,,,,,,,,,,,,,,,,,,,,,,,,,,
,-1.0992,39.7301,3/10/2022,,,,,,,,,,,,,,,,,,,,,,,,,,,,,
,-1.0992,39.7301,3/10/2022,,,,,,,,,,,,,,,,,,,,,,,,,,,,,
,-1.0992,39.7301,3/10/2022,,,,,,,,,,,,,,,,,,,,,,,,,,,,,
,-1.0992,39.7301,3/10/2022,,,,,,,,,,,,,,,,,,,,,,,,,,,,,
,-1.0992,39.7301,3/10/2022,,,,,,,,,,,,,,,,,,,,,,,,,,,,,
,-1.0992,39.7301,3/10/2022,,,,,,,,,,,,,,,,,,,,,,,,,,,,,
,-1.0992,39.7301,3/10/2022,,,,,,,,,,,,,,,,,,,,,,,,,,,,,
,-1.0992,39.7301,3/10/2022,,,,,,,,,,,,,,,,,,,,,,,,,,,,,
,-1.0992,39.7301,3/10/2022,,,,,,,,,,,,,,,,,,,,,,,,,,,,,
,-1.0992,39.7301,3/10/2022,,,,,,,,,,,,,,,,,,,,,,,,,,,,,
,-1.0992,39.7301,3/10/2022,,,,,,,,,,,,,,,,,,,,,,,,,,,,,
,-1.0992,39.7301,3/10/2022,,,,,,,,,,,,,,,,,,,,,,,,,,,,,
,-1.0992,39.7301,3/10/2022,,,,,,,,,,,,,,,,,,,,,,,,,,,,,
,-1.0992,39.7301,3/10/2022,,,,,,,,,,,,,,,,,,,,,,,,,,,,,
,-1.0992,39.7301,3/10/2022,,,,,,,,,,,,,,,,,,,,,,,,,,,,,
,-1.0992,39.7301,3/10/2022,,,,,,,,,,,,,,,,,,,,,,,,,,,,,
,-1.0992,39.7301,3/10/2022,,,,,,,,,,,,,,,,,,,,,,,,,,,,,
,-1.0992,39.7301,3/10/2022,,,,,,,,,,,,,,,,,,,,,,,,,,,,,
,-1.0992,39.7301,3/10/2022,,,,,,,,,,,,,,,,,,,,,,,,,,,,,
,-1.0992,39.7301,3/10/2022,,,,,,,,,,,,,,,,,,,,,,,,,,,,,
,-1.0992,39.7301,3/10/2022,,,,,,,,,,,,,,,,,,,,,,,,,,,,,
,-1.0992,39.7301,3/10/2022,,,,,,,,,,,,,,,,,,,,,,,,,,,,,
,-1.0992,39.7301,3/10/2022,,,,,,,,,,,,,,,,,,,,,,,,,,,,,
,-1.0992,39.7301,3/10/2022,,,,,,,,,,,,,,,,,,,,,,,,,,,,,
,-1.0992,39.7301,3/10/2022,,,,,,,,,,,,,,,,,,,,,,,,,,,,,
,-1.0992,39.7301,3/10/2022,,,,,,,,,,,,,,,,,,,,,,,,,,,,,
,-1.0992,39.7301,3/10/2022,,,,,,,,,,,,,,,,,,,,,,,,,,,,,
,-1.0992,39.7301,3/10/2022,,,,,,,,,,,,,,,,,,,,,,,,,,,,,
,-1.0992,39.7301,3/10/2022,,,,,,,,,,,,,,,,,,,,,,,,,,,,,
,-1.0992,39.7301,3/10/2022,,,,,,,,,,,,,,,,,,,,,,,,,,,,,
,-1.0992,39.7301,3/10/2022,,,,,,,,,,,,,,,,,,,,,,,,,,,,,
,-1.0992,39.7301,3/10/2022,,,,,,,,,,,,,,,,,,,,,,,,,,,,,
JU06150028,-0.2307,40.0116,12/9/2021,Estación punto de presa E. de Sitjar,DETERMINACION FÍSICO-QUÍMICA IN SITU,CLOROFILA A,0.09,µg/L,"0,09",0.029999999,Fluorescencia atómica,DISCRETA,24,12/6/2021,3,S2B_MSIL2A_20211206T105329_N0301_R051_T30TYK_20211206T134956,0.0844,0.1085,0.1107,0.0559,0.0548,0.0558,0.0612,0.0634,0.0604,0.1092,0.0556,0.0476,2048,10,99,47.912864
JU06150028,-0.2307,40.0116,12/9/2021,Estación punto de presa E. de Sitjar,DETERMINACION FÍSICO-QUÍMICA IN SITU,CLOROFILA A,0.39,µg/L,"0,39",0.029999999,Fluorescencia atómica,DISCRETA,25,12/6/2021,3,S2B_MSIL2A_20211206T105329_N0301_R051_T30TYK_20211206T134956,0.0844,0.1085,0.1107,0.0559,0.0548,0.0558,0.0612,0.0634,0.0604,0.1092,0.0556,0.0476,2048,10,99,47.912864
JU06150028,-0.2307,40.0116,12/9/2021,Estación punto de presa E. de Sitjar,DETERMINACION FÍSICO-QUÍMICA IN SITU,CLOROFILA A,0.3,µg/L,"0,30",0.029999999,Fluorescencia atómica,DISCRETA,9,12/6/2021,3,S2B_MSIL2A_20211206T105329_N0301_R051_T30TYK_20211206T134956,0.0844,0.1085,0.1107,0.0559,0.0548,0.0558,0.0612,0.0634,0.0604,0.1092,0.0556,0.0476,2048,10,99,47.912864
JU06150028,-0.2307,40.0116,12/9/2021,Estación punto de presa E. de Sitjar,DETERMINACION FÍSICO-QUÍMICA IN SITU,CLOROFILA A,0.11,µg/L,"0,11",0.029999999,Fluorescencia atómica,DISCRETA,23,12/6/2021,3,S2B_MSIL2A_20211206T105329_N0301_R051_T30TYK_20211206T134956,0.0844,0.1085,0.1107,0.0559,0.0548,0.0558,0.0612,0.0634,0.0604,0.1092,0.0556,0.0476,2048,10,99,47.912864
JU06150028,-0.2307,40.0116,12/9/2021,Estación punto de presa E. de Sitjar,DETERMINACION FÍSICO-QUÍMICA IN SITU,CLOROFILA A,0.99,µg/L,"0,99",0.029999999,Fluorescencia atómica,DISCRETA,26,12/6/2021,3,S2B_MSIL2A_20211206T105329_N0301_R051_T30TYK_20211206T134956,0.0844,0.1085,0.1107,0.0559,0.0548,0.0558,0.0612,0.0634,0.0604,0.1092,0.0556,0.0476,2048,10,99,47.912864
JU06150028,-0.2307,40.0116,12/9/2021,Estación punto de presa E. de Sitjar,DETERMINACION FÍSICO-QUÍMICA IN SITU,CLOROFILA A,0.3,µg/L,"0,30",0.029999999,Fluorescencia atómica,DISCRETA,3,12/6/2021,3,S2B_MSIL2A_20211206T105329_N0301_R051_T30TYK_20211206T134956,0.0844,0.1085,0.1107,0.0559,0.0548,0.0558,0.0612,0.0634,0.0604,0.1092,0.0556,0.0476,2048,10,99,47.912864
JU06150028,-0.2307,40.0116,12/9/2021,Estación punto de presa E. de Sitjar,DETERMINACION FÍSICO-QUÍMICA IN SITU,CLOROFILA A,0.11,µg/L,"0,11",0.029999999,Fluorescencia atómica,DISCRETA,6,12/6/2021,3,S2B_MSIL2A_20211206T105329_N0301_R051_T30TYK_20211206T134956,0.0844,0.1085,0.1107,0.0559,0.0548,0.0558,0.0612,0.0634,0.0604,0.1092,0.0556,0.0476,2048,10,99,47.912864
JU06150028,-0.2307,40.0116,12/9/2021,Estación punto de presa E. de Sitjar,DETERMINACION FÍSICO-QUÍMICA IN SITU,CLOROFILA A,0.19,µg/L,"0,19",0.029999999,Fluorescencia atómica,DISCRETA,2,12/6/2021,3,S2B_MSIL2A_20211206T105329_N0301_R051_T30TYK_20211206T134956,0.0844,0.1085,0.1107,0.0559,0.0548,0.0558,0.0612,0.0634,0.0604,0.1092,0.0556,0.0476,2048,10,99,47.912864
JU06150028,-0.2307,40.0116,12/9/2021,Estación punto de presa E. de Sitjar,DETERMINACION FÍSICO-QUÍMICA IN SITU,CLOROFILA A,0.19,µg/L,"0,19",0.029999999,Fluorescencia atómica,DISCRETA,7,12/6/2021,3,S2B_MSIL2A_20211206T105329_N0301_R051_T30TYK_20211206T134956,0.0844,0.1085,0.1107,0.0559,0.0548,0.0558,0.0612,0.0634,0.0604,0.1092,0.0556,0.0476,2048,10,99,47.912864
JU06150028,-0.2307,40.0116,12/9/2021,Estación punto de presa E. de Sitjar,DETERMINACION FÍSICO-QUÍMICA IN SITU,CLOROFILA A,0.1,µg/L,"0,10",0.029999999,Fluorescencia atómica,DISCRETA,4,12/6/2021,3,S2B_MSIL2A_20211206T105329_N0301_R051_T30TYK_20211206T134956,0.0844,0.1085,0.1107,0.0559,0.0548,0.0558,0.0612,0.0634,0.0604,0.1092,0.0556,0.0476,2048,10,99,47.912864
JU06150028,-0.2307,40.0116,12/9/2021,Estación punto de presa E. de Sitjar,DETERMINACION FÍSICO-QUÍMICA IN SITU,CLOROFILA A,0.09,µg/L,"0,09",0.029999999,Fluorescencia atómica,DISCRETA,5,12/6/2021,3,S2B_MSIL2A_20211206T105329_N0301_R051_T30TYK_20211206T134956,0.0844,0.1085,0.1107,0.0559,0.0548,0.0558,0.0612,0.0634,0.0604,0.1092,0.0556,0.0476,2048,10,99,47.912864
JU06150028,-0.2307,40.0116,12/9/2021,Estación punto de presa E. de Sitjar,DETERMINACION FÍSICO-QUÍMICA IN SITU,CLOROFILA A,0.29,µg/L,"0,29",0.029999999,Fluorescencia atómica,DISCRETA,8,12/6/2021,3,S2B_MSIL2A_20211206T105329_N0301_R051_T30TYK_20211206T134956,0.0844,0.1085,0.1107,0.0559,0.0548,0.0558,0.0612,0.0634,0.0604,0.1092,0.0556,0.0476,2048,10,99,47.912864
JU06150028,-0.2307,40.0116,12/9/2021,Estación punto de presa E. de Sitjar,TOMA DE MUESTRAS PARA LABORATORIO,SOLIDOS EN SUSPENSION,5.6,mg/L,"5,6",2,Gravimetría,INTEGRADA,-1,12/6/2021,3,S2B_MSIL2A_20211206T105329_N0301_R051_T30TYK_20211206T134956,0.0844,0.1085,0.1107,0.0559,0.0548,0.0558,0.0612,0.0634,0.0604,0.1092,0.0556,0.0476,2048,10,99,47.912864
JU06150028,-0.2307,40.0116,12/9/2021,Estación punto de presa E. de Sitjar,DETERMINACION FÍSICO-QUÍMICA IN SITU,CLOROFILA A,0.19,µg/L,"0,19",0.029999999,Fluorescencia atómica,DISCRETA,1,12/6/2021,3,S2B_MSIL2A_20211206T105329_N0301_R051_T30TYK_20211206T134956,0.0844,0.1085,0.1107,0.0559,0.0548,0.0558,0.0612,0.0634,0.0604,0.1092,0.0556,0.0476,2048,10,99,47.912864
JU06150028,-0.2307,40.0116,12/9/2021,Estación punto de presa E. de Sitjar,DETERMINACION FÍSICO-QUÍMICA IN SITU,CLOROFILA A,0.34,µg/L,"0,34",0.029999999,Fluorescencia atómica,DISCRETA,10,12/6/2021,3,S2B_MSIL2A_20211206T105329_N0301_R051_T30TYK_20211206T134956,0.0844,0.1085,0.1107,0.0559,0.0548,0.0558,0.0612,0.0634,0.0604,0.1092,0.0556,0.0476,2048,10,99,47.912864
JU06150028,-0.2307,40.0116,12/9/2021,Estación punto de presa E. de Sitjar,DETERMINACION FÍSICO-QUÍMICA IN SITU,CLOROFILA A,0.18,µg/L,"0,18",0.029999999,Fluorescencia atómica,DISCRETA,16,12/6/2021,3,S2B_MSIL2A_20211206T105329_N0301_R051_T30TYK_20211206T134956,0.0844,0.1085,0.1107,0.0559,0.0548,0.0558,0.0612,0.0634,0.0604,0.1092,0.0556,0.0476,2048,10,99,47.912864
JU06150028,-0.2307,40.0116,12/9/2021,Estación punto de presa E. de Sitjar,DETERMINACION FÍSICO-QUÍMICA IN SITU,CLOROFILA A,0.09,µg/L,"0,09",0.029999999,Fluorescencia atómica,DISCRETA,21,12/6/2021,3,S2B_MSIL2A_20211206T105329_N0301_R051_T30TYK_20211206T134956,0.0844,0.1085,0.1107,0.0559,0.0548,0.0558,0.0612,0.0634,0.0604,0.1092,0.0556,0.0476,2048,10,99,47.912864
JU06150028,-0.2307,40.0116,12/9/2021,Estación punto de presa E. de Sitjar,DETERMINACION FÍSICO-QUÍMICA IN SITU,CLOROFILA A,0.09,µg/L,"0,09",0.029999999,Fluorescencia atómica,DISCRETA,0,12/6/2021,3,S2B_MSIL2A_20211206T105329_N0301_R051_T30TYK_20211206T134956,0.0844,0.1085,0.1107,0.0559,0.0548,0.0558,0.0612,0.0634,0.0604,0.1092,0.0556,0.0476,2048,10,99,47.912864
JU06150028,-0.2307,40.0116,12/9/2021,Estación punto de presa E. de Sitjar,DETERMINACION FÍSICO-QUÍMICA IN SITU,CLOROFILA A,0.17,µg/L,"0,17",0.029999999,Fluorescencia atómica,DISCRETA,14,12/6/2021,3,S2B_MSIL2A_20211206T105329_N0301_R051_T30TYK_20211206T134956,0.0844,0.1085,0.1107,0.0559,0.0548,0.0558,0.0612,0.0634,0.0604,0.1092,0.0556,0.0476,2048,10,99,47.912864
JU06150028,-0.2307,40.0116,12/9/2021,Estación punto de presa E. de Sitjar,DETERMINACION FÍSICO-QUÍMICA IN SITU,CLOROFILA A,0.08,µg/L,"0,08",0.029999999,Fluorescencia atómica,DISCRETA,22,12/6/2021,3,S2B_MSIL2A_20211206T105329_N0301_R051_T30TYK_20211206T134956,0.0844,0.1085,0.1107,0.0559,0.0548,0.0558,0.0612,0.0634,0.0604,0.1092,0.0556,0.0476,2048,10,99,47.912864
JU06150028,-0.2307,40.0116,12/9/2021,Estación punto de presa E. de Sitjar,DETERMINACION FÍSICO-QUÍMICA IN SITU,CLOROFILA A,0.29,µg/L,"0,29",0.029999999,Fluorescencia atómica,DISCRETA,12,12/6/2021,3,S2B_MSIL2A_20211206T105329_N0301_R051_T30TYK_20211206T134956,0.0844,0.1085,0.1107,0.0559,0.0548,0.0558,0.0612,0.0634,0.0604,0.1092,0.0556,0.0476,2048,10,99,47.912864
JU06150028,-0.2307,40.0116,12/9/2021,Estación punto de presa E. de Sitjar,DETERMINACION FÍSICO-QUÍMICA IN SITU,CLOROFILA A,0.39,µg/L,"0,39",0.029999999,Fluorescencia atómica,DISCRETA,13,12/6/2021,3,S2B_MSIL2A_20211206T105329_N0301_R051_T30TYK_20211206T134956,0.0844,0.1085,0.1107,0.0559,0.0548,0.0558,0.0612,0.0634,0.0604,0.1092,0.0556,0.0476,2048,10,99,47.912864
JU06150028,-0.2307,40.0116,12/9/2021,Estación punto de presa E. de Sitjar,DETERMINACION FÍSICO-QUÍMICA IN SITU,CLOROFILA A,0.19,µg/L,"0,19",0.029999999,Fluorescencia atómica,DISCRETA,11,12/6/2021,3,S2B_MSIL2A_20211206T105329_N0301_R051_T30TYK_20211206T134956,0.0844,0.1085,0.1107,0.0559,0.0548,0.0558,0.0612,0.0634,0.0604,0.1092,0.0556,0.0476,2048,10,99,47.912864
JU06150028,-0.2307,40.0116,12/9/2021,Estación punto de presa E. de Sitjar,DETERMINACION FÍSICO-QUÍMICA IN SITU,CLOROFILA A,0.09,µg/L,"0,09",0.029999999,Fluorescencia atómica,DISCRETA,18,12/6/2021,3,S2B_MSIL2A_20211206T105329_N0301_R051_T30TYK_20211206T134956,0.0844,0.1085,0.1107,0.0559,0.0548,0.0558,0.0612,0.0634,0.0604,0.1092,0.0556,0.0476,2048,10,99,47.912864
JU06150028,-0.2307,40.0116,12/9/2021,Estación punto de presa E. de Sitjar,DETERMINACION FÍSICO-QUÍMICA IN SITU,CLOROFILA A,0.11,µg/L,"0,11",0.029999999,Fluorescencia atómica,DISCRETA,15,12/6/2021,3,S2B_MSIL2A_20211206T105329_N0301_R051_T30TYK_20211206T134956,0.0844,0.1085,0.1107,0.0559,0.0548,0.0558,0.0612,0.0634,0.0604,0.1092,0.0556,0.0476,2048,10,99,47.912864
JU06150028,-0.2307,40.0116,12/9/2021,Estación punto de presa E. de Sitjar,DETERMINACION FÍSICO-QUÍMICA IN SITU,CLOROFILA A,0.1,µg/L,"0,10",0.029999999,Fluorescencia atómica,DISCRETA,19,12/6/2021,3,S2B_MSIL2A_20211206T105329_N0301_R051_T30TYK_20211206T134956,0.0844,0.1085,0.1107,0.0559,0.0548,0.0558,0.0612,0.0634,0.0604,0.1092,0.0556,0.0476,2048,10,99,47.912864
JU06150028,-0.2307,40.0116,12/9/2021,Estación punto de presa E. de Sitjar,DETERMINACION FÍSICO-QUÍMICA IN SITU,CLOROFILA A,0.15,µg/L,"0,15",0.029999999,Fluorescencia atómica,DISCRETA,20,12/6/2021,3,S2B_MSIL2A_20211206T105329_N0301_R051_T30TYK_20211206T134956,0.0844,0.1085,0.1107,0.0559,0.0548,0.0558,0.0612,0.0634,0.0604,0.1092,0.0556,0.0476,2048,10,99,47.912864
JU06150028,-0.2307,40.0116,12/9/2021,Estación punto de presa E. de Sitjar,DETERMINACION FÍSICO-QUÍMICA IN SITU,CLOROFILA A,0.09,µg/L,"0,09",0.029999999,Fluorescencia atómica,DISCRETA,17,12/6/2021,3,S2B_MSIL2A_20211206T105329_N0301_R051_T30TYK_20211206T134956,0.0844,0.1085,0.1107,0.0559,0.0548,0.0558,0.0612,0.0634,0.0604,0.1092,0.0556,0.0476,2048,10,99,47.912864
JU06150028,-0.2307,40.0116,12/9/2021,Estación punto de presa E. de Sitjar,TOMA DE MUESTRAS PARA LABORATORIO,FOSFORO TOTAL,0,mg P/l,"<0,02",0.02,Espectofotometría de absorción molecular,INTEGRADA,-1,12/6/2021,3,S2B_MSIL2A_20211206T105329_N0301_R051_T30TYK_20211206T134956,0.0844,0.1085,0.1107,0.0559,0.0548,0.0558,0.0612,0.0634,0.0604,0.1092,0.0556,0.0476,2048,10,99,47.912864
JU06150028,-0.2307,40.0116,12/9/2021,Estación punto de presa E. de Sitjar,DETERMINACION FÍSICO-QUÍMICA IN SITU,Profundidad del disco de secchi,2.799999952,m,,,,INTEGRADA,-1,12/6/2021,3,S2B_MSIL2A_20211206T105329_N0301_R051_T30TYK_20211206T134956,0.0844,0.1085,0.1107,0.0559,0.0548,0.0558,0.0612,0.0634,0.0604,0.1092,0.0556,0.0476,2048,10,99,47.912864
JU06160014,-0.164,40.0293,12/1/2021,Estación punto de presa E. de María Cristina,DETERMINACION FÍSICO-QUÍMICA IN SITU,CLOROFILA A,11.57,µg/L,"11,57",0.029999999,Fluorescencia atómica,DISCRETA,2.5,11/26/2021,5,S2B_MSIL2A_20211126T105309_N0301_R051_T30TYK_20211126T125946,0.0335,0.0634,0.1062,0.0644,0.0444,0.0079,0.0069,0.0062,0.0025,0.0001,0.0041,0.0027,0,6,0,9.990269
JU06160014,-0.164,40.0293,12/1/2021,Estación punto de presa E. de María Cristina,DETERMINACION FÍSICO-QUÍMICA IN SITU,CLOROFILA A,14.18,µg/L,"14,18",0.029999999,Fluorescencia atómica,DISCRETA,1,11/26/2021,5,S2B_MSIL2A_20211126T105309_N0301_R051_T30TYK_20211126T125946,0.0335,0.0634,0.1062,0.0644,0.0444,0.0079,0.0069,0.0062,0.0025,0.0001,0.0041,0.0027,0,6,0,9.990269
JU06160014,-0.164,40.0293,12/1/2021,Estación punto de presa E. de María Cristina,DETERMINACION FÍSICO-QUÍMICA IN SITU,CLOROFILA A,12.48,µg/L,"12,48",0.029999999,Fluorescencia atómica,DISCRETA,4,11/26/2021,5,S2B_MSIL2A_20211126T105309_N0301_R051_T30TYK_20211126T125946,0.0335,0.0634,0.1062,0.0644,0.0444,0.0079,0.0069,0.0062,0.0025,0.0001,0.0041,0.0027,0,6,0,9.990269
JU06160014,-0.164,40.0293,12/1/2021,Estación punto de presa E. de María Cristina,DETERMINACION FÍSICO-QUÍMICA IN SITU,CLOROFILA A,11.63,µg/L,"11,63",0.029999999,Fluorescencia atómica,DISCRETA,0.5,11/26/2021,5,S2B_MSIL2A_20211126T105309_N0301_R051_T30TYK_20211126T125946,0.0335,0.0634,0.1062,0.0644,0.0444,0.0079,0.0069,0.0062,0.0025,0.0001,0.0041,0.0027,0,6,0,9.990269
JU06160014,-0.164,40.0293,12/1/2021,Estación punto de presa E. de María Cristina,DETERMINACION FÍSICO-QUÍMICA IN SITU,CLOROFILA A,15.74,µg/L,"15,74",0.029999999,Fluorescencia atómica,DISCRETA,2,11/26/2021,5,S2B_MSIL2A_20211126T105309_N0301_R051_T30TYK_20211126T125946,0.0335,0.0634,0.1062,0.0644,0.0444,0.0079,0.0069,0.0062,0.0025,0.0001,0.0041,0.0027,0,6,0,9.990269
JU06160014,-0.164,40.0293,12/1/2021,Estación punto de presa E. de María Cristina,TOMA DE MUESTRAS PARA LABORATORIO,SOLIDOS EN SUSPENSION,10.2,mg/L,"10,2",2,Gravimetría,INTEGRADA,-1,11/26/2021,5,S2B_MSIL2A_20211126T105309_N0301_R051_T30TYK_20211126T125946,0.0335,0.0634,0.1062,0.0644,0.0444,0.0079,0.0069,0.0062,0.0025,0.0001,0.0041,0.0027,0,6,0,9.990269
JU06160014,-0.164,40.0293,12/1/2021,Estación punto de presa E. de María Cristina,DETERMINACION FÍSICO-QUÍMICA IN SITU,CLOROFILA A,8.57,µg/L,"8,57",0.029999999,Fluorescencia atómica,DISCRETA,0,11/26/2021,5,S2B_MSIL2A_20211126T105309_N0301_R051_T30TYK_20211126T125946,0.0335,0.0634,0.1062,0.0644,0.0444,0.0079,0.0069,0.0062,0.0025,0.0001,0.0041,0.0027,0,6,0,9.990269
JU06160014,-0.164,40.0293,12/1/2021,Estación punto de presa E. de María Cristina,DETERMINACION FÍSICO-QUÍMICA IN SITU,CLOROFILA A,13.81,µg/L,"13,81",0.029999999,Fluorescencia atómica,DISCRETA,1.5,11/26/2021,5,S2B_MSIL2A_20211126T105309_N0301_R051_T30TYK_20211126T125946,0.0335,0.0634,0.1062,0.0644,0.0444,0.0079,0.0069,0.0062,0.0025,0.0001,0.0041,0.0027,0,6,0,9.990269
JU06160014,-0.164,40.0293,12/1/2021,Estación punto de presa E. de María Cristina,DETERMINACION FÍSICO-QUÍMICA IN SITU,CLOROFILA A,19.47,µg/L,"19,47",0.029999999,Fluorescencia atómica,DISCRETA,3,11/26/2021,5,S2B_MSIL2A_20211126T105309_N0301_R051_T30TYK_20211126T125946,0.0335,0.0634,0.1062,0.0644,0.0444,0.0079,0.0069,0.0062,0.0025,0.0001,0.0041,0.0027,0,6,0,9.990269
JU06160014,-0.164,40.0293,12/1/2021,Estación punto de presa E. de María Cristina,DETERMINACION FÍSICO-QUÍMICA IN SITU,CLOROFILA A,10.37,µg/L,"10,37",0.029999999,Fluorescencia atómica,DISCRETA,3.5,11/26/2021,5,S2B_MSIL2A_20211126T105309_N0301_R051_T30TYK_20211126T125946,0.0335,0.0634,0.1062,0.0644,0.0444,0.0079,0.0069,0.0062,0.0025,0.0001,0.0041,0.0027,0,6,0,9.990269
JU06160014,-0.164,40.0293,12/1/2021,Estación punto de presa E. de María Cristina,DETERMINACION FÍSICO-QUÍMICA IN SITU,CLOROFILA A,11.24,µg/L,"11,24",0.029999999,Fluorescencia atómica,DISCRETA,4.5,11/26/2021,5,S2B_MSIL2A_20211126T105309_N0301_R051_T30TYK_20211126T125946,0.0335,0.0634,0.1062,0.0644,0.0444,0.0079,0.0069,0.0062,0.0025,0.0001,0.0041,0.0027,0,6,0,9.990269
JU06160014,-0.164,40.0293,12/1/2021,Estación punto de presa E. de María Cristina,TOMA DE MUESTRAS PARA LABORATORIO,FOSFORO TOTAL,0.035,mg P/l,"0,035",0.02,Espectofotometría de absorción molecular,INTEGRADA,-1,11/26/2021,5,S2B_MSIL2A_20211126T105309_N0301_R051_T30TYK_20211126T125946,0.0335,0.0634,0.1062,0.0644,0.0444,0.0079,0.0069,0.0062,0.0025,0.0001,0.0041,0.0027,0,6,0,9.990269
JU06160014,-0.164,40.0293,12/1/2021,Estación punto de presa E. de María Cristina,DETERMINACION FÍSICO-QUÍMICA IN SITU,Profundidad del disco de secchi,0.550000012,m,,,,INTEGRADA,-1,11/26/2021,5,S2B_MSIL2A_20211126T105309_N0301_R051_T30TYK_20211126T125946,0.0335,0.0634,0.1062,0.0644,0.0444,0.0079,0.0069,0.0062,0.0025,0.0001,0.0041,0.0027,0,6,0,9.990269
JU06660017,-1.0992,39.7301,11/30/2021,Estación punto de presa E. de Benagéber,DETERMINACION FÍSICO-QUÍMICA IN SITU,CLOROFILA A,0.26,µg/L,"0,26",0.029999999,Fluorescencia atómica,DISCRETA,12,12/1/2021,1,S2A_MSIL2A_20211201T105421_N0301_R051_T30SXJ_20211201T153252,0.0034,0.0116,0.0144,0.0005,0.0001,0.0001,0.0001,0.0001,0.0001,0.0002,0.0004,0.0012,0,6,0,0.791219
JU06660017,-1.0992,39.7301,11/30/2021,Estación punto de presa E. de Benagéber,DETERMINACION FÍSICO-QUÍMICA IN SITU,CLOROFILA A,0.59,µg/L,"0,59",0.029999999,Fluorescencia atómica,DISCRETA,14,12/1/2021,1,S2A_MSIL2A_20211201T105421_N0301_R051_T30SXJ_20211201T153252,0.0034,0.0116,0.0144,0.0005,0.0001,0.0001,0.0001,0.0001,0.0001,0.0002,0.0004,0.0012,0,6,0,0.791219
JU06660017,-1.0992,39.7301,11/30/2021,Estación punto de presa E. de Benagéber,DETERMINACION FÍSICO-QUÍMICA IN SITU,CLOROFILA A,0.79,µg/L,"0,79",0.029999999,Fluorescencia atómica,DISCRETA,19,12/1/2021,1,S2A_MSIL2A_20211201T105421_N0301_R051_T30SXJ_20211201T153252,0.0034,0.0116,0.0144,0.0005,0.0001,0.0001,0.0001,0.0001,0.0001,0.0002,0.0004,0.0012,0,6,0,0.791219
JU06660017,-1.0992,39.7301,11/30/2021,Estación punto de presa E. de Benagéber,DETERMINACION FÍSICO-QUÍMICA IN SITU,CLOROFILA A,0.97,µg/L,"0,97",0.029999999,Fluorescencia atómica,DISCRETA,30,12/1/2021,1,S2A_MSIL2A_20211201T105421_N0301_R051_T30SXJ_20211201T153252,0.0034,0.0116,0.0144,0.0005,0.0001,0.0001,0.0001,0.0001,0.0001,0.0002,0.0004,0.0012,0,6,0,0.791219
JU06660017,-1.0992,39.7301,11/30/2021,Estación punto de presa E. de Benagéber,DETERMINACION FÍSICO-QUÍMICA IN SITU,CLOROFILA A,0.44,µg/L,"0,44",0.029999999,Fluorescencia atómica,DISCRETA,40,12/1/2021,1,S2A_MSIL2A_20211201T105421_N0301_R051_T30SXJ_20211201T153252,0.0034,0.0116,0.0144,0.0005,0.0001,0.0001,0.0001,0.0001,0.0001,0.0002,0.0004,0.0012,0,6,0,0.791219
JU06660017,-1.0992,39.7301,11/30/2021,Estación punto de presa E. de Benagéber,DETERMINACION FÍSICO-QUÍMICA IN SITU,CLOROFILA A,0.06,µg/L,"0,06",0.029999999,Fluorescencia atómica,DISCRETA,47,12/1/2021,1,S2A_MSIL2A_20211201T105421_N0301_R051_T30SXJ_20211201T153252,0.0034,0.0116,0.0144,0.0005,0.0001,0.0001,0.0001,0.0001,0.0001,0.0002,0.0004,0.0012,0,6,0,0.791219
JU06660017,-1.0992,39.7301,11/30/2021,Estación punto de presa E. de Benagéber,DETERMINACION FÍSICO-QUÍMICA IN SITU,CLOROFILA A,0.15,µg/L,"0,15",0.029999999,Fluorescencia atómica,DISCRETA,61,12/1/2021,1,S2A_MSIL2A_20211201T105421_N0301_R051_T30SXJ_20211201T153252,0.0034,0.0116,0.0144,0.0005,0.0001,0.0001,0.0001,0.0001,0.0001,0.0002,0.0004,0.0012,0,6,0,0.791219
JU06660017,-1.0992,39.7301,11/30/2021,Estación punto de presa E. de Benagéber,DETERMINACION FÍSICO-QUÍMICA IN SITU,CLOROFILA A,0.84,µg/L,"0,84",0.029999999,Fluorescencia atómica,DISCRETA,10,12/1/2021,1,S2A_MSIL2A_20211201T105421_N0301_R051_T30SXJ_20211201T153252,0.0034,0.0116,0.0144,0.0005,0.0001,0.0001,0.0001,0.0001,0.0001,0.0002,0.0004,0.0012,0,6,0,0.791219
JU06660017,-1.0992,39.7301,11/30/2021,Estación punto de presa E. de Benagéber,DETERMINACION FÍSICO-QUÍMICA IN SITU,CLOROFILA A,0.75,µg/L,"0,75",0.029999999,Fluorescencia atómica,DISCRETA,13,12/1/2021,1,S2A_MSIL2A_20211201T105421_N0301_R051_T30SXJ_20211201T153252,0.0034,0.0116,0.0144,0.0005,0.0001,0.0001,0.0001,0.0001,0.0001,0.0002,0.0004,0.0012,0,6,0,0.791219
JU06660017,-1.0992,39.7301,11/30/2021,Estación punto de presa E. de Benagéber,DETERMINACION FÍSICO-QUÍMICA IN SITU,CLOROFILA A,0.33,µg/L,"0,33",0.029999999,Fluorescencia atómica,DISCRETA,25,12/1/2021,1,S2A_MSIL2A_20211201T105421_N0301_R051_T30SXJ_20211201T153252,0.0034,0.0116,0.0144,0.0005,0.0001,0.0001,0.0001,0.0001,0.0001,0.0002,0.0004,0.0012,0,6,0,0.791219
JU06660017,-1.0992,39.7301,11/30/2021,Estación punto de presa E. de Benagéber,DETERMINACION FÍSICO-QUÍMICA IN SITU,CLOROFILA A,0.43,µg/L,"0,43",0.029999999,Fluorescencia atómica,DISCRETA,34,12/1/2021,1,S2A_MSIL2A_20211201T105421_N0301_R051_T30SXJ_20211201T153252,0.0034,0.0116,0.0144,0.0005,0.0001,0.0001,0.0001,0.0001,0.0001,0.0002,0.0004,0.0012,0,6,0,0.791219
JU06660017,-1.0992,39.7301,11/30/2021,Estación punto de presa E. de Benagéber,DETERMINACION FÍSICO-QUÍMICA IN SITU,CLOROFILA A,0.29,µg/L,"0,29",0.029999999,Fluorescencia atómica,DISCRETA,36,12/1/2021,1,S2A_MSIL2A_20211201T105421_N0301_R051_T30SXJ_20211201T153252,0.0034,0.0116,0.0144,0.0005,0.0001,0.0001,0.0001,0.0001,0.0001,0.0002,0.0004,0.0012,0,6,0,0.791219
JU06660017,-1.0992,39.7301,11/30/2021,Estación punto de presa E. de Benagéber,DETERMINACION FÍSICO-QUÍMICA IN SITU,CLOROFILA A,0.43,µg/L,"0,43",0.029999999,Fluorescencia atómica,DISCRETA,3,12/1/2021,1,S2A_MSIL2A_20211201T105421_N0301_R051_T30SXJ_20211201T153252,0.0034,0.0116,0.0144,0.0005,0.0001,0.0001,0.0001,0.0001,0.0001,0.0002,0.0004,0.0012,0,6,0,0.791219
JU06660017,-1.0992,39.7301,11/30/2021,Estación punto de presa E. de Benagéber,DETERMINACION FÍSICO-QUÍMICA IN SITU,CLOROFILA A,0.38,µg/L,"0,38",0.029999999,Fluorescencia atómica,DISCRETA,53,12/1/2021,1,S2A_MSIL2A_20211201T105421_N0301_R051_T30SXJ_20211201T153252,0.0034,0.0116,0.0144,0.0005,0.0001,0.0001,0.0001,0.0001,0.0001,0.0002,0.0004,0.0012,0,6,0,0.791219
JU06660017,-1.0992,39.7301,11/30/2021,Estación punto de presa E. de Benagéber,DETERMINACION FÍSICO-QUÍMICA IN SITU,CLOROFILA A,0.35,µg/L,"0,35",0.029999999,Fluorescencia atómica,DISCRETA,55,12/1/2021,1,S2A_MSIL2A_20211201T105421_N0301_R051_T30SXJ_20211201T153252,0.0034,0.0116,0.0144,0.0005,0.0001,0.0001,0.0001,0.0001,0.0001,0.0002,0.0004,0.0012,0,6,0,0.791219
JU06660017,-1.0992,39.7301,11/30/2021,Estación punto de presa E. de Benagéber,DETERMINACION FÍSICO-QUÍMICA IN SITU,CLOROFILA A,0.12,µg/L,"0,12",0.029999999,Fluorescencia atómica,DISCRETA,57,12/1/2021,1,S2A_MSIL2A_20211201T105421_N0301_R051_T30SXJ_20211201T153252,0.0034,0.0116,0.0144,0.0005,0.0001,0.0001,0.0001,0.0001,0.0001,0.0002,0.0004,0.0012,0,6,0,0.791219
JU06660017,-1.0992,39.7301,11/30/2021,Estación punto de presa E. de Benagéber,DETERMINACION FÍSICO-QUÍMICA IN SITU,CLOROFILA A,0.1,µg/L,"0,10",0.029999999,Fluorescencia atómica,DISCRETA,60,12/1/2021,1,S2A_MSIL2A_20211201T105421_N0301_R051_T30SXJ_20211201T153252,0.0034,0.0116,0.0144,0.0005,0.0001,0.0001,0.0001,0.0001,0.0001,0.0002,0.0004,0.0012,0,6,0,0.791219
JU06660017,-1.0992,39.7301,11/30/2021,Estación punto de presa E. de Benagéber,DETERMINACION FÍSICO-QUÍMICA IN SITU,CLOROFILA A,0.48,µg/L,"0,48",0.029999999,Fluorescencia atómica,DISCRETA,8,12/1/2021,1,S2A_MSIL2A_20211201T105421_N0301_R051_T30SXJ_20211201T153252,0.0034,0.0116,0.0144,0.0005,0.0001,0.0001,0.0001,0.0001,0.0001,0.0002,0.0004,0.0012,0,6,0,0.791219
JU06660017,-1.0992,39.7301,11/30/2021,Estación punto de presa E. de Benagéber,TOMA DE MUESTRAS PARA LABORATORIO,SOLIDOS EN SUSPENSION,0,mg/L,<2,2,Gravimetría,INTEGRADA,-1,12/1/2021,1,S2A_MSIL2A_20211201T105421_N0301_R051_T30SXJ_20211201T153252,0.0034,0.0116,0.0144,0.0005,0.0001,0.0001,0.0001,0.0001,0.0001,0.0002,0.0004,0.0012,0,6,0,0.791219
JU06660017,-1.0992,39.7301,11/30/2021,Estación punto de presa E. de Benagéber,DETERMINACION FÍSICO-QUÍMICA IN SITU,CLOROFILA A,0.42,µg/L,"0,42",0.029999999,Fluorescencia atómica,DISCRETA,27,12/1/2021,1,S2A_MSIL2A_20211201T105421_N0301_R051_T30SXJ_20211201T153252,0.0034,0.0116,0.0144,0.0005,0.0001,0.0001,0.0001,0.0001,0.0001,0.0002,0.0004,0.0012,0,6,0,0.791219
JU06660017,-1.0992,39.7301,11/30/2021,Estación punto de presa E. de Benagéber,DETERMINACION FÍSICO-QUÍMICA IN SITU,CLOROFILA A,0.36,µg/L,"0,36",0.029999999,Fluorescencia atómica,DISCRETA,54,12/1/2021,1,S2A_MSIL2A_20211201T105421_N0301_R051_T30SXJ_20211201T153252,0.0034,0.0116,0.0144,0.0005,0.0001,0.0001,0.0001,0.0001,0.0001,0.0002,0.0004,0.0012,0,6,0,0.791219
JU06660017,-1.0992,39.7301,11/30/2021,Estación punto de presa E. de Benagéber,DETERMINACION FÍSICO-QUÍMICA IN SITU,CLOROFILA A,0.05,µg/L,"0,05",0.029999999,Fluorescencia atómica,DISCRETA,59,12/1/2021,1,S2A_MSIL2A_20211201T105421_N0301_R051_T30SXJ_20211201T153252,0.0034,0.0116,0.0144,0.0005,0.0001,0.0001,0.0001,0.0001,0.0001,0.0002,0.0004,0.0012,0,6,0,0.791219
JU06660017,-1.0992,39.7301,11/30/2021,Estación punto de presa E. de Benagéber,DETERMINACION FÍSICO-QUÍMICA IN SITU,CLOROFILA A,0.1,µg/L,"0,10",0.029999999,Fluorescencia atómica,DISCRETA,9,12/1/2021,1,S2A_MSIL2A_20211201T105421_N0301_R051_T30SXJ_20211201T153252,0.0034,0.0116,0.0144,0.0005,0.0001,0.0001,0.0001,0.0001,0.0001,0.0002,0.0004,0.0012,0,6,0,0.791219
JU06660017,-1.0992,39.7301,11/30/2021,Estación punto de presa E. de Benagéber,DETERMINACION FÍSICO-QUÍMICA IN SITU,CLOROFILA A,0.37,µg/L,"0,37",0.029999999,Fluorescencia atómica,DISCRETA,0,12/1/2021,1,S2A_MSIL2A_20211201T105421_N0301_R051_T30SXJ_20211201T153252,0.0034,0.0116,0.0144,0.0005,0.0001,0.0001,0.0001,0.0001,0.0001,0.0002,0.0004,0.0012,0,6,0,0.791219
JU06660017,-1.0992,39.7301,11/30/2021,Estación punto de presa E. de Benagéber,DETERMINACION FÍSICO-QUÍMICA IN SITU,CLOROFILA A,0.79,µg/L,"0,79",0.029999999,Fluorescencia atómica,DISCRETA,22,12/1/2021,1,S2A_MSIL2A_20211201T105421_N0301_R051_T30SXJ_20211201T153252,0.0034,0.0116,0.0144,0.0005,0.0001,0.0001,0.0001,0.0001,0.0001,0.0002,0.0004,0.0012,0,6,0,0.791219
JU06660017,-1.0992,39.7301,11/30/2021,Estación punto de presa E. de Benagéber,DETERMINACION FÍSICO-QUÍMICA IN SITU,CLOROFILA A,0.83,µg/L,"0,83",0.029999999,Fluorescencia atómica,DISCRETA,28,12/1/2021,1,S2A_MSIL2A_20211201T105421_N0301_R051_T30SXJ_20211201T153252,0.0034,0.0116,0.0144,0.0005,0.0001,0.0001,0.0001,0.0001,0.0001,0.0002,0.0004,0.0012,0,6,0,0.791219
JU06660017,-1.0992,39.7301,11/30/2021,Estación punto de presa E. de Benagéber,DETERMINACION FÍSICO-QUÍMICA IN SITU,CLOROFILA A,0.54,µg/L,"0,54",0.029999999,Fluorescencia atómica,DISCRETA,37,12/1/2021,1,S2A_MSIL2A_20211201T105421_N0301_R051_T30SXJ_20211201T153252,0.0034,0.0116,0.0144,0.0005,0.0001,0.0001,0.0001,0.0001,0.0001,0.0002,0.0004,0.0012,0,6,0,0.791219
JU06660017,-1.0992,39.7301,11/30/2021,Estación punto de presa E. de Benagéber,DETERMINACION FÍSICO-QUÍMICA IN SITU,CLOROFILA A,0.65,µg/L,"0,65",0.029999999,Fluorescencia atómica,DISCRETA,38,12/1/2021,1,S2A_MSIL2A_20211201T105421_N0301_R051_T30SXJ_20211201T153252,0.0034,0.0116,0.0144,0.0005,0.0001,0.0001,0.0001,0.0001,0.0001,0.0002,0.0004,0.0012,0,6,0,0.791219
JU06660017,-1.0992,39.7301,11/30/2021,Estación punto de presa E. de Benagéber,DETERMINACION FÍSICO-QUÍMICA IN SITU,CLOROFILA A,0.5,µg/L,"0,50",0.029999999,Fluorescencia atómica,DISCRETA,39,12/1/2021,1,S2A_MSIL2A_20211201T105421_N0301_R051_T30SXJ_20211201T153252,0.0034,0.0116,0.0144,0.0005,0.0001,0.0001,0.0001,0.0001,0.0001,0.0002,0.0004,0.0012,0,6,0,0.791219
JU06660017,-1.0992,39.7301,11/30/2021,Estación punto de presa E. de Benagéber,DETERMINACION FÍSICO-QUÍMICA IN SITU,CLOROFILA A,0.3,µg/L,"0,30",0.029999999,Fluorescencia atómica,DISCRETA,44,12/1/2021,1,S2A_MSIL2A_20211201T105421_N0301_R051_T30SXJ_20211201T153252,0.0034,0.0116,0.0144,0.0005,0.0001,0.0001,0.0001,0.0001,0.0001,0.0002,0.0004,0.0012,0,6,0,0.791219
JU06660017,-1.0992,39.7301,11/30/2021,Estación punto de presa E. de Benagéber,DETERMINACION FÍSICO-QUÍMICA IN SITU,CLOROFILA A,0.19,µg/L,"0,19",0.029999999,Fluorescencia atómica,DISCRETA,45,12/1/2021,1,S2A_MSIL2A_20211201T105421_N0301_R051_T30SXJ_20211201T153252,0.0034,0.0116,0.0144,0.0005,0.0001,0.0001,0.0001,0.0001,0.0001,0.0002,0.0004,0.0012,0,6,0,0.791219
JU06660017,-1.0992,39.7301,11/30/2021,Estación punto de presa E. de Benagéber,DETERMINACION FÍSICO-QUÍMICA IN SITU,CLOROFILA A,0.14,µg/L,"0,14",0.029999999,Fluorescencia atómica,DISCRETA,48,12/1/2021,1,S2A_MSIL2A_20211201T105421_N0301_R051_T30SXJ_20211201T153252,0.0034,0.0116,0.0144,0.0005,0.0001,0.0001,0.0001,0.0001,0.0001,0.0002,0.0004,0.0012,0,6,0,0.791219
JU06660017,-1.0992,39.7301,11/30/2021,Estación punto de presa E. de Benagéber,DETERMINACION FÍSICO-QUÍMICA IN SITU,CLOROFILA A,0.17,µg/L,"0,17",0.029999999,Fluorescencia atómica,DISCRETA,49,12/1/2021,1,S2A_MSIL2A_20211201T105421_N0301_R051_T30SXJ_20211201T153252,0.0034,0.0116,0.0144,0.0005,0.0001,0.0001,0.0001,0.0001,0.0001,0.0002,0.0004,0.0012,0,6,0,0.791219
JU06660017,-1.0992,39.7301,11/30/2021,Estación punto de presa E. de Benagéber,DETERMINACION FÍSICO-QUÍMICA IN SITU,CLOROFILA A,0.27,µg/L,"0,27",0.029999999,Fluorescencia atómica,DISCRETA,51,12/1/2021,1,S2A_MSIL2A_20211201T105421_N0301_R051_T30SXJ_20211201T153252,0.0034,0.0116,0.0144,0.0005,0.0001,0.0001,0.0001,0.0001,0.0001,0.0002,0.0004,0.0012,0,6,0,0.791219
JU06660017,-1.0992,39.7301,11/30/2021,Estación punto de presa E. de Benagéber,DETERMINACION FÍSICO-QUÍMICA IN SITU,CLOROFILA A,0.13,µg/L,"0,13",0.029999999,Fluorescencia atómica,DISCRETA,6,12/1/2021,1,S2A_MSIL2A_20211201T105421_N0301_R051_T30SXJ_20211201T153252,0.0034,0.0116,0.0144,0.0005,0.0001,0.0001,0.0001,0.0001,0.0001,0.0002,0.0004,0.0012,0,6,0,0.791219
JU06660017,-1.0992,39.7301,11/30/2021,Estación punto de presa E. de Benagéber,DETERMINACION FÍSICO-QUÍMICA IN SITU,CLOROFILA A,0.58,µg/L,"0,58",0.029999999,Fluorescencia atómica,DISCRETA,15,12/1/2021,1,S2A_MSIL2A_20211201T105421_N0301_R051_T30SXJ_20211201T153252,0.0034,0.0116,0.0144,0.0005,0.0001,0.0001,0.0001,0.0001,0.0001,0.0002,0.0004,0.0012,0,6,0,0.791219
JU06660017,-1.0992,39.7301,11/30/2021,Estación punto de presa E. de Benagéber,DETERMINACION FÍSICO-QUÍMICA IN SITU,CLOROFILA A,0.65,µg/L,"0,65",0.029999999,Fluorescencia atómica,DISCRETA,16,12/1/2021,1,S2A_MSIL2A_20211201T105421_N0301_R051_T30SXJ_20211201T153252,0.0034,0.0116,0.0144,0.0005,0.0001,0.0001,0.0001,0.0001,0.0001,0.0002,0.0004,0.0012,0,6,0,0.791219
JU06660017,-1.0992,39.7301,11/30/2021,Estación punto de presa E. de Benagéber,DETERMINACION FÍSICO-QUÍMICA IN SITU,CLOROFILA A,0.81,µg/L,"0,81",0.029999999,Fluorescencia atómica,DISCRETA,26,12/1/2021,1,S2A_MSIL2A_20211201T105421_N0301_R051_T30SXJ_20211201T153252,0.0034,0.0116,0.0144,0.0005,0.0001,0.0001,0.0001,0.0001,0.0001,0.0002,0.0004,0.0012,0,6,0,0.791219
JU06660017,-1.0992,39.7301,11/30/2021,Estación punto de presa E. de Benagéber,DETERMINACION FÍSICO-QUÍMICA IN SITU,CLOROFILA A,0.54,µg/L,"0,54",0.029999999,Fluorescencia atómica,DISCRETA,29,12/1/2021,1,S2A_MSIL2A_20211201T105421_N0301_R051_T30SXJ_20211201T153252,0.0034,0.0116,0.0144,0.0005,0.0001,0.0001,0.0001,0.0001,0.0001,0.0002,0.0004,0.0012,0,6,0,0.791219
JU06660017,-1.0992,39.7301,11/30/2021,Estación punto de presa E. de Benagéber,DETERMINACION FÍSICO-QUÍMICA IN SITU,CLOROFILA A,0.3,µg/L,"0,30",0.029999999,Fluorescencia atómica,DISCRETA,43,12/1/2021,1,S2A_MSIL2A_20211201T105421_N0301_R051_T30SXJ_20211201T153252,0.0034,0.0116,0.0144,0.0005,0.0001,0.0001,0.0001,0.0001,0.0001,0.0002,0.0004,0.0012,0,6,0,0.791219
JU06660017,-1.0992,39.7301,11/30/2021,Estación punto de presa E. de Benagéber,DETERMINACION FÍSICO-QUÍMICA IN SITU,CLOROFILA A,0.5,µg/L,"0,50",0.029999999,Fluorescencia atómica,DISCRETA,4,12/1/2021,1,S2A_MSIL2A_20211201T105421_N0301_R051_T30SXJ_20211201T153252,0.0034,0.0116,0.0144,0.0005,0.0001,0.0001,0.0001,0.0001,0.0001,0.0002,0.0004,0.0012,0,6,0,0.791219
JU06660017,-1.0992,39.7301,11/30/2021,Estación punto de presa E. de Benagéber,DETERMINACION FÍSICO-QUÍMICA IN SITU,CLOROFILA A,0.77,µg/L,"0,77",0.029999999,Fluorescencia atómica,DISCRETA,5,12/1/2021,1,S2A_MSIL2A_20211201T105421_N0301_R051_T30SXJ_20211201T153252,0.0034,0.0116,0.0144,0.0005,0.0001,0.0001,0.0001,0.0001,0.0001,0.0002,0.0004,0.0012,0,6,0,0.791219
JU06660017,-1.0992,39.7301,11/30/2021,Estación punto de presa E. de Benagéber,DETERMINACION FÍSICO-QUÍMICA IN SITU,CLOROFILA A,0.75,µg/L,"0,75",0.029999999,Fluorescencia atómica,DISCRETA,21,12/1/2021,1,S2A_MSIL2A_20211201T105421_N0301_R051_T30SXJ_20211201T153252,0.0034,0.0116,0.0144,0.0005,0.0001,0.0001,0.0001,0.0001,0.0001,0.0002,0.0004,0.0012,0,6,0,0.791219
JU06660017,-1.0992,39.7301,11/30/2021,Estación punto de presa E. de Benagéber,DETERMINACION FÍSICO-QUÍMICA IN SITU,CLOROFILA A,0.29,µg/L,"0,29",0.029999999,Fluorescencia atómica,DISCRETA,32,12/1/2021,1,S2A_MSIL2A_20211201T105421_N0301_R051_T30SXJ_20211201T153252,0.0034,0.0116,0.0144,0.0005,0.0001,0.0001,0.0001,0.0001,0.0001,0.0002,0.0004,0.0012,0,6,0,0.791219
JU06660017,-1.0992,39.7301,11/30/2021,Estación punto de presa E. de Benagéber,DETERMINACION FÍSICO-QUÍMICA IN SITU,CLOROFILA A,0.67,µg/L,"0,67",0.029999999,Fluorescencia atómica,DISCRETA,33,12/1/2021,1,S2A_MSIL2A_20211201T105421_N0301_R051_T30SXJ_20211201T153252,0.0034,0.0116,0.0144,0.0005,0.0001,0.0001,0.0001,0.0001,0.0001,0.0002,0.0004,0.0012,0,6,0,0.791219
JU06660017,-1.0992,39.7301,11/30/2021,Estación punto de presa E. de Benagéber,DETERMINACION FÍSICO-QUÍMICA IN SITU,CLOROFILA A,0.56,µg/L,"0,56",0.029999999,Fluorescencia atómica,DISCRETA,41,12/1/2021,1,S2A_MSIL2A_20211201T105421_N0301_R051_T30SXJ_20211201T153252,0.0034,0.0116,0.0144,0.0005,0.0001,0.0001,0.0001,0.0001,0.0001,0.0002,0.0004,0.0012,0,6,0,0.791219
JU06660017,-1.0992,39.7301,11/30/2021,Estación punto de presa E. de Benagéber,DETERMINACION FÍSICO-QUÍMICA IN SITU,CLOROFILA A,0.41,µg/L,"0,41",0.029999999,Fluorescencia atómica,DISCRETA,56,12/1/2021,1,S2A_MSIL2A_20211201T105421_N0301_R051_T30SXJ_20211201T153252,0.0034,0.0116,0.0144,0.0005,0.0001,0.0001,0.0001,0.0001,0.0001,0.0002,0.0004,0.0012,0,6,0,0.791219
JU06660017,-1.0992,39.7301,11/30/2021,Estación punto de presa E. de Benagéber,DETERMINACION FÍSICO-QUÍMICA IN SITU,CLOROFILA A,0.11,µg/L,"0,11",0.029999999,Fluorescencia atómica,DISCRETA,58,12/1/2021,1,S2A_MSIL2A_20211201T105421_N0301_R051_T30SXJ_20211201T153252,0.0034,0.0116,0.0144,0.0005,0.0001,0.0001,0.0001,0.0001,0.0001,0.0002,0.0004,0.0012,0,6,0,0.791219
JU06660017,-1.0992,39.7301,11/30/2021,Estación punto de presa E. de Benagéber,DETERMINACION FÍSICO-QUÍMICA IN SITU,CLOROFILA A,0.68,µg/L,"0,68",0.029999999,Fluorescencia atómica,DISCRETA,11,12/1/2021,1,S2A_MSIL2A_20211201T105421_N0301_R051_T30SXJ_20211201T153252,0.0034,0.0116,0.0144,0.0005,0.0001,0.0001,0.0001,0.0001,0.0001,0.0002,0.0004,0.0012,0,6,0,0.791219
JU06660017,-1.0992,39.7301,11/30/2021,Estación punto de presa E. de Benagéber,DETERMINACION FÍSICO-QUÍMICA IN SITU,CLOROFILA A,0.73,µg/L,"0,73",0.029999999,Fluorescencia atómica,DISCRETA,17,12/1/2021,1,S2A_MSIL2A_20211201T105421_N0301_R051_T30SXJ_20211201T153252,0.0034,0.0116,0.0144,0.0005,0.0001,0.0001,0.0001,0.0001,0.0001,0.0002,0.0004,0.0012,0,6,0,0.791219
JU06660017,-1.0992,39.7301,11/30/2021,Estación punto de presa E. de Benagéber,DETERMINACION FÍSICO-QUÍMICA IN SITU,CLOROFILA A,0.46,µg/L,"0,46",0.029999999,Fluorescencia atómica,DISCRETA,31,12/1/2021,1,S2A_MSIL2A_20211201T105421_N0301_R051_T30SXJ_20211201T153252,0.0034,0.0116,0.0144,0.0005,0.0001,0.0001,0.0001,0.0001,0.0001,0.0002,0.0004,0.0012,0,6,0,0.791219
JU06660017,-1.0992,39.7301,11/30/2021,Estación punto de presa E. de Benagéber,DETERMINACION FÍSICO-QUÍMICA IN SITU,CLOROFILA A,0.11,µg/L,"0,11",0.029999999,Fluorescencia atómica,DISCRETA,46,12/1/2021,1,S2A_MSIL2A_20211201T105421_N0301_R051_T30SXJ_20211201T153252,0.0034,0.0116,0.0144,0.0005,0.0001,0.0001,0.0001,0.0001,0.0001,0.0002,0.0004,0.0012,0,6,0,0.791219
JU06660017,-1.0992,39.7301,11/30/2021,Estación punto de presa E. de Benagéber,DETERMINACION FÍSICO-QUÍMICA IN SITU,CLOROFILA A,0.46,µg/L,"0,46",0.029999999,Fluorescencia atómica,DISCRETA,50,12/1/2021,1,S2A_MSIL2A_20211201T105421_N0301_R051_T30SXJ_20211201T153252,0.0034,0.0116,0.0144,0.0005,0.0001,0.0001,0.0001,0.0001,0.0001,0.0002,0.0004,0.0012,0,6,0,0.791219
JU06660017,-1.0992,39.7301,11/30/2021,Estación punto de presa E. de Benagéber,DETERMINACION FÍSICO-QUÍMICA IN SITU,CLOROFILA A,0.46,µg/L,"0,46",0.029999999,Fluorescencia atómica,DISCRETA,52,12/1/2021,1,S2A_MSIL2A_20211201T105421_N0301_R051_T30SXJ_20211201T153252,0.0034,0.0116,0.0144,0.0005,0.0001,0.0001,0.0001,0.0001,0.0001,0.0002,0.0004,0.0012,0,6,0,0.791219
JU06660017,-1.0992,39.7301,11/30/2021,Estación punto de presa E. de Benagéber,DETERMINACION FÍSICO-QUÍMICA IN SITU,CLOROFILA A,0.96,µg/L,"0,96",0.029999999,Fluorescencia atómica,DISCRETA,18,12/1/2021,1,S2A_MSIL2A_20211201T105421_N0301_R051_T30SXJ_20211201T153252,0.0034,0.0116,0.0144,0.0005,0.0001,0.0001,0.0001,0.0001,0.0001,0.0002,0.0004,0.0012,0,6,0,0.791219
JU06660017,-1.0992,39.7301,11/30/2021,Estación punto de presa E. de Benagéber,DETERMINACION FÍSICO-QUÍMICA IN SITU,CLOROFILA A,0.33,µg/L,"0,33",0.029999999,Fluorescencia atómica,DISCRETA,1,12/1/2021,1,S2A_MSIL2A_20211201T105421_N0301_R051_T30SXJ_20211201T153252,0.0034,0.0116,0.0144,0.0005,0.0001,0.0001,0.0001,0.0001,0.0001,0.0002,0.0004,0.0012,0,6,0,0.791219
JU06660017,-1.0992,39.7301,11/30/2021,Estación punto de presa E. de Benagéber,DETERMINACION FÍSICO-QUÍMICA IN SITU,CLOROFILA A,0.59,µg/L,"0,59",0.029999999,Fluorescencia atómica,DISCRETA,20,12/1/2021,1,S2A_MSIL2A_20211201T105421_N0301_R051_T30SXJ_20211201T153252,0.0034,0.0116,0.0144,0.0005,0.0001,0.0001,0.0001,0.0001,0.0001,0.0002,0.0004,0.0012,0,6,0,0.791219
JU06660017,-1.0992,39.7301,11/30/2021,Estación punto de presa E. de Benagéber,DETERMINACION FÍSICO-QUÍMICA IN SITU,CLOROFILA A,0.62,µg/L,"0,62",0.029999999,Fluorescencia atómica,DISCRETA,23,12/1/2021,1,S2A_MSIL2A_20211201T105421_N0301_R051_T30SXJ_20211201T153252,0.0034,0.0116,0.0144,0.0005,0.0001,0.0001,0.0001,0.0001,0.0001,0.0002,0.0004,0.0012,0,6,0,0.791219
JU06660017,-1.0992,39.7301,11/30/2021,Estación punto de presa E. de Benagéber,DETERMINACION FÍSICO-QUÍMICA IN SITU,CLOROFILA A,0.28,µg/L,"0,28",0.029999999,Fluorescencia atómica,DISCRETA,24,12/1/2021,1,S2A_MSIL2A_20211201T105421_N0301_R051_T30SXJ_20211201T153252,0.0034,0.0116,0.0144,0.0005,0.0001,0.0001,0.0001,0.0001,0.0001,0.0002,0.0004,0.0012,0,6,0,0.791219
JU06660017,-1.0992,39.7301,11/30/2021,Estación punto de presa E. de Benagéber,DETERMINACION FÍSICO-QUÍMICA IN SITU,CLOROFILA A,0.69,µg/L,"0,69",0.029999999,Fluorescencia atómica,DISCRETA,2,12/1/2021,1,S2A_MSIL2A_20211201T105421_N0301_R051_T30SXJ_20211201T153252,0.0034,0.0116,0.0144,0.0005,0.0001,0.0001,0.0001,0.0001,0.0001,0.0002,0.0004,0.0012,0,6,0,0.791219
JU06660017,-1.0992,39.7301,11/30/2021,Estación punto de presa E. de Benagéber,DETERMINACION FÍSICO-QUÍMICA IN SITU,CLOROFILA A,0.34,µg/L,"0,34",0.029999999,Fluorescencia atómica,DISCRETA,35,12/1/2021,1,S2A_MSIL2A_20211201T105421_N0301_R051_T30SXJ_20211201T153252,0.0034,0.0116,0.0144,0.0005,0.0001,0.0001,0.0001,0.0001,0.0001,0.0002,0.0004,0.0012,0,6,0,0.791219
JU06660017,-1.0992,39.7301,11/30/2021,Estación punto de presa E. de Benagéber,DETERMINACION FÍSICO-QUÍMICA IN SITU,CLOROFILA A,0.32,µg/L,"0,32",0.029999999,Fluorescencia atómica,DISCRETA,42,12/1/2021,1,S2A_MSIL2A_20211201T105421_N0301_R051_T30SXJ_20211201T153252,0.0034,0.0116,0.0144,0.0005,0.0001,0.0001,0.0001,0.0001,0.0001,0.0002,0.0004,0.0012,0,6,0,0.791219
JU06660017,-1.0992,39.7301,11/30/2021,Estación punto de presa E. de Benagéber,DETERMINACION FÍSICO-QUÍMICA IN SITU,CLOROFILA A,0.54,µg/L,"0,54",0.029999999,Fluorescencia atómica,DISCRETA,7,12/1/2021,1,S2A_MSIL2A_20211201T105421_N0301_R051_T30SXJ_20211201T153252,0.0034,0.0116,0.0144,0.0005,0.0001,0.0001,0.0001,0.0001,0.0001,0.0002,0.0004,0.0012,0,6,0,0.791219
JU06660017,-1.0992,39.7301,11/30/2021,Estación punto de presa E. de Benagéber,TOMA DE MUESTRAS PARA LABORATORIO,FOSFORO TOTAL,0.036,mg P/l,"0,036",0.02,Espectofotometría de absorción molecular,INTEGRADA,-1,12/1/2021,1,S2A_MSIL2A_20211201T105421_N0301_R051_T30SXJ_20211201T153252,0.0034,0.0116,0.0144,0.0005,0.0001,0.0001,0.0001,0.0001,0.0001,0.0002,0.0004,0.0012,0,6,0,0.791219
JU06660017,-1.0992,39.7301,11/30/2021,Estación punto de presa E. de Benagéber,DETERMINACION FÍSICO-QUÍMICA IN SITU,Profundidad del disco de secchi,5.5,m,,,,INTEGRADA,-1,12/1/2021,1,S2A_MSIL2A_20211201T105421_N0301_R051_T30SXJ_20211201T153252,0.0034,0.0116,0.0144,0.0005,0.0001,0.0001,0.0001,0.0001,0.0001,0.0002,0.0004,0.0012,0,6,0,0.791219
JU06150028,-0.2307,40.0116,9/23/2021,Estación punto de presa E. de Sitjar,DETERMINACION FÍSICO-QUÍMICA IN SITU,CLOROFILA A,12.94,µg/L,"12,94",0.029999999,Fluorescencia atómica,DISCRETA,12,9/17/2021,6,S2B_MSIL2A_20210917T104639_N0301_R051_T30TYK_20210917T140303,0.0259,0.0385,0.0337,0.001,0.0001,0.0001,0.0001,0.0001,0.0001,0.0001,0.002,0.0007,0,6,0,5.967604
JU06150028,-0.2307,40.0116,9/23/2021,Estación punto de presa E. de Sitjar,DETERMINACION FÍSICO-QUÍMICA IN SITU,CLOROFILA A,8.87,µg/L,"8,87",0.029999999,Fluorescencia atómica,DISCRETA,1,9/17/2021,6,S2B_MSIL2A_20210917T104639_N0301_R051_T30TYK_20210917T140303,0.0259,0.0385,0.0337,0.001,0.0001,0.0001,0.0001,0.0001,0.0001,0.0001,0.002,0.0007,0,6,0,5.967604
JU06150028,-0.2307,40.0116,9/23/2021,Estación punto de presa E. de Sitjar,DETERMINACION FÍSICO-QUÍMICA IN SITU,CLOROFILA A,5.05,µg/L,"5,05",0.029999999,Fluorescencia atómica,DISCRETA,21,9/17/2021,6,S2B_MSIL2A_20210917T104639_N0301_R051_T30TYK_20210917T140303,0.0259,0.0385,0.0337,0.001,0.0001,0.0001,0.0001,0.0001,0.0001,0.0001,0.002,0.0007,0,6,0,5.967604
JU06150028,-0.2307,40.0116,9/23/2021,Estación punto de presa E. de Sitjar,DETERMINACION FÍSICO-QUÍMICA IN SITU,CLOROFILA A,7.66,µg/L,"7,66",0.029999999,Fluorescencia atómica,DISCRETA,0,9/17/2021,6,S2B_MSIL2A_20210917T104639_N0301_R051_T30TYK_20210917T140303,0.0259,0.0385,0.0337,0.001,0.0001,0.0001,0.0001,0.0001,0.0001,0.0001,0.002,0.0007,0,6,0,5.967604
JU06150028,-0.2307,40.0116,9/23/2021,Estación punto de presa E. de Sitjar,DETERMINACION FÍSICO-QUÍMICA IN SITU,CLOROFILA A,13.45,µg/L,"13,45",0.029999999,Fluorescencia atómica,DISCRETA,7,9/17/2021,6,S2B_MSIL2A_20210917T104639_N0301_R051_T30TYK_20210917T140303,0.0259,0.0385,0.0337,0.001,0.0001,0.0001,0.0001,0.0001,0.0001,0.0001,0.002,0.0007,0,6,0,5.967604
JU06150028,-0.2307,40.0116,9/23/2021,Estación punto de presa E. de Sitjar,DETERMINACION FÍSICO-QUÍMICA IN SITU,CLOROFILA A,4.81,µg/L,"4,81",0.029999999,Fluorescencia atómica,DISCRETA,18,9/17/2021,6,S2B_MSIL2A_20210917T104639_N0301_R051_T30TYK_20210917T140303,0.0259,0.0385,0.0337,0.001,0.0001,0.0001,0.0001,0.0001,0.0001,0.0001,0.002,0.0007,0,6,0,5.967604
JU06150028,-0.2307,40.0116,9/23/2021,Estación punto de presa E. de Sitjar,DETERMINACION FÍSICO-QUÍMICA IN SITU,CLOROFILA A,5.22,µg/L,"5,22",0.029999999,Fluorescencia atómica,DISCRETA,19,9/17/2021,6,S2B_MSIL2A_20210917T104639_N0301_R051_T30TYK_20210917T140303,0.0259,0.0385,0.0337,0.001,0.0001,0.0001,0.0001,0.0001,0.0001,0.0001,0.002,0.0007,0,6,0,5.967604
JU06150028,-0.2307,40.0116,9/23/2021,Estación punto de presa E. de Sitjar,DETERMINACION FÍSICO-QUÍMICA IN SITU,CLOROFILA A,6.33,µg/L,"6,33",0.029999999,Fluorescencia atómica,DISCRETA,22,9/17/2021,6,S2B_MSIL2A_20210917T104639_N0301_R051_T30TYK_20210917T140303,0.0259,0.0385,0.0337,0.001,0.0001,0.0001,0.0001,0.0001,0.0001,0.0001,0.002,0.0007,0,6,0,5.967604
JU06150028,-0.2307,40.0116,9/23/2021,Estación punto de presa E. de Sitjar,DETERMINACION FÍSICO-QUÍMICA IN SITU,CLOROFILA A,11,µg/L,11,0.029999999,Fluorescencia atómica,DISCRETA,3,9/17/2021,6,S2B_MSIL2A_20210917T104639_N0301_R051_T30TYK_20210917T140303,0.0259,0.0385,0.0337,0.001,0.0001,0.0001,0.0001,0.0001,0.0001,0.0001,0.002,0.0007,0,6,0,5.967604
JU06150028,-0.2307,40.0116,9/23/2021,Estación punto de presa E. de Sitjar,DETERMINACION FÍSICO-QUÍMICA IN SITU,CLOROFILA A,13.37,µg/L,"13,37",0.029999999,Fluorescencia atómica,DISCRETA,8,9/17/2021,6,S2B_MSIL2A_20210917T104639_N0301_R051_T30TYK_20210917T140303,0.0259,0.0385,0.0337,0.001,0.0001,0.0001,0.0001,0.0001,0.0001,0.0001,0.002,0.0007,0,6,0,5.967604
JU06150028,-0.2307,40.0116,9/23/2021,Estación punto de presa E. de Sitjar,DETERMINACION FÍSICO-QUÍMICA IN SITU,CLOROFILA A,10.06,µg/L,"10,06",0.029999999,Fluorescencia atómica,DISCRETA,9,9/17/2021,6,S2B_MSIL2A_20210917T104639_N0301_R051_T30TYK_20210917T140303,0.0259,0.0385,0.0337,0.001,0.0001,0.0001,0.0001,0.0001,0.0001,0.0001,0.002,0.0007,0,6,0,5.967604
JU06150028,-0.2307,40.0116,9/23/2021,Estación punto de presa E. de Sitjar,TOMA DE MUESTRAS PARA LABORATORIO,SOLIDOS EN SUSPENSION,2,mg/L,2,2,Gravimetría,INTEGRADA,-1,9/17/2021,6,S2B_MSIL2A_20210917T104639_N0301_R051_T30TYK_20210917T140303,0.0259,0.0385,0.0337,0.001,0.0001,0.0001,0.0001,0.0001,0.0001,0.0001,0.002,0.0007,0,6,0,5.967604
JU06150028,-0.2307,40.0116,9/23/2021,Estación punto de presa E. de Sitjar,DETERMINACION FÍSICO-QUÍMICA IN SITU,CLOROFILA A,9.8,µg/L,"9,8",0.029999999,Fluorescencia atómica,DISCRETA,13,9/17/2021,6,S2B_MSIL2A_20210917T104639_N0301_R051_T30TYK_20210917T140303,0.0259,0.0385,0.0337,0.001,0.0001,0.0001,0.0001,0.0001,0.0001,0.0001,0.002,0.0007,0,6,0,5.967604
JU06150028,-0.2307,40.0116,9/23/2021,Estación punto de presa E. de Sitjar,DETERMINACION FÍSICO-QUÍMICA IN SITU,CLOROFILA A,6.1,µg/L,"6,1",0.029999999,Fluorescencia atómica,DISCRETA,23,9/17/2021,6,S2B_MSIL2A_20210917T104639_N0301_R051_T30TYK_20210917T140303,0.0259,0.0385,0.0337,0.001,0.0001,0.0001,0.0001,0.0001,0.0001,0.0001,0.002,0.0007,0,6,0,5.967604
JU06150028,-0.2307,40.0116,9/23/2021,Estación punto de presa E. de Sitjar,DETERMINACION FÍSICO-QUÍMICA IN SITU,CLOROFILA A,12.99,µg/L,"12,99",0.029999999,Fluorescencia atómica,DISCRETA,5,9/17/2021,6,S2B_MSIL2A_20210917T104639_N0301_R051_T30TYK_20210917T140303,0.0259,0.0385,0.0337,0.001,0.0001,0.0001,0.0001,0.0001,0.0001,0.0001,0.002,0.0007,0,6,0,5.967604
JU06150028,-0.2307,40.0116,9/23/2021,Estación punto de presa E. de Sitjar,Fitoplancton,CLOROFILA A,0,µg/L,"<1,0",1,Espectofotometría de absorción molecular,INTEGRADA,-1,9/17/2021,6,S2B_MSIL2A_20210917T104639_N0301_R051_T30TYK_20210917T140303,0.0259,0.0385,0.0337,0.001,0.0001,0.0001,0.0001,0.0001,0.0001,0.0001,0.002,0.0007,0,6,0,5.967604
JU06150028,-0.2307,40.0116,9/23/2021,Estación punto de presa E. de Sitjar,DETERMINACION FÍSICO-QUÍMICA IN SITU,CLOROFILA A,8.67,µg/L,"8,67",0.029999999,Fluorescencia atómica,DISCRETA,14,9/17/2021,6,S2B_MSIL2A_20210917T104639_N0301_R051_T30TYK_20210917T140303,0.0259,0.0385,0.0337,0.001,0.0001,0.0001,0.0001,0.0001,0.0001,0.0001,0.002,0.0007,0,6,0,5.967604
JU06150028,-0.2307,40.0116,9/23/2021,Estación punto de presa E. de Sitjar,DETERMINACION FÍSICO-QUÍMICA IN SITU,CLOROFILA A,10.47,µg/L,"10,47",0.029999999,Fluorescencia atómica,DISCRETA,10,9/17/2021,6,S2B_MSIL2A_20210917T104639_N0301_R051_T30TYK_20210917T140303,0.0259,0.0385,0.0337,0.001,0.0001,0.0001,0.0001,0.0001,0.0001,0.0001,0.002,0.0007,0,6,0,5.967604
JU06150028,-0.2307,40.0116,9/23/2021,Estación punto de presa E. de Sitjar,DETERMINACION FÍSICO-QUÍMICA IN SITU,CLOROFILA A,5.79,µg/L,"5,79",0.029999999,Fluorescencia atómica,DISCRETA,16,9/17/2021,6,S2B_MSIL2A_20210917T104639_N0301_R051_T30TYK_20210917T140303,0.0259,0.0385,0.0337,0.001,0.0001,0.0001,0.0001,0.0001,0.0001,0.0001,0.002,0.0007,0,6,0,5.967604
JU06150028,-0.2307,40.0116,9/23/2021,Estación punto de presa E. de Sitjar,DETERMINACION FÍSICO-QUÍMICA IN SITU,CLOROFILA A,11.32,µg/L,"11,32",0.029999999,Fluorescencia atómica,DISCRETA,11,9/17/2021,6,S2B_MSIL2A_20210917T104639_N0301_R051_T30TYK_20210917T140303,0.0259,0.0385,0.0337,0.001,0.0001,0.0001,0.0001,0.0001,0.0001,0.0001,0.002,0.0007,0,6,0,5.967604
JU06150028,-0.2307,40.0116,9/23/2021,Estación punto de presa E. de Sitjar,DETERMINACION FÍSICO-QUÍMICA IN SITU,CLOROFILA A,7.28,µg/L,"7,28",0.029999999,Fluorescencia atómica,DISCRETA,15,9/17/2021,6,S2B_MSIL2A_20210917T104639_N0301_R051_T30TYK_20210917T140303,0.0259,0.0385,0.0337,0.001,0.0001,0.0001,0.0001,0.0001,0.0001,0.0001,0.002,0.0007,0,6,0,5.967604
JU06150028,-0.2307,40.0116,9/23/2021,Estación punto de presa E. de Sitjar,DETERMINACION FÍSICO-QUÍMICA IN SITU,CLOROFILA A,5.17,µg/L,"5,17",0.029999999,Fluorescencia atómica,DISCRETA,17,9/17/2021,6,S2B_MSIL2A_20210917T104639_N0301_R051_T30TYK_20210917T140303,0.0259,0.0385,0.0337,0.001,0.0001,0.0001,0.0001,0.0001,0.0001,0.0001,0.002,0.0007,0,6,0,5.967604
JU06150028,-0.2307,40.0116,9/23/2021,Estación punto de presa E. de Sitjar,DETERMINACION FÍSICO-QUÍMICA IN SITU,CLOROFILA A,5.18,µg/L,"5,18",0.029999999,Fluorescencia atómica,DISCRETA,20,9/17/2021,6,S2B_MSIL2A_20210917T104639_N0301_R051_T30TYK_20210917T140303,0.0259,0.0385,0.0337,0.001,0.0001,0.0001,0.0001,0.0001,0.0001,0.0001,0.002,0.0007,0,6,0,5.967604
JU06150028,-0.2307,40.0116,9/23/2021,Estación punto de presa E. de Sitjar,DETERMINACION FÍSICO-QUÍMICA IN SITU,CLOROFILA A,10.36,µg/L,"10,36",0.029999999,Fluorescencia atómica,DISCRETA,2,9/17/2021,6,S2B_MSIL2A_20210917T104639_N0301_R051_T30TYK_20210917T140303,0.0259,0.0385,0.0337,0.001,0.0001,0.0001,0.0001,0.0001,0.0001,0.0001,0.002,0.0007,0,6,0,5.967604
JU06150028,-0.2307,40.0116,9/23/2021,Estación punto de presa E. de Sitjar,DETERMINACION FÍSICO-QUÍMICA IN SITU,CLOROFILA A,11.66,µg/L,"11,66",0.029999999,Fluorescencia atómica,DISCRETA,4,9/17/2021,6,S2B_MSIL2A_20210917T104639_N0301_R051_T30TYK_20210917T140303,0.0259,0.0385,0.0337,0.001,0.0001,0.0001,0.0001,0.0001,0.0001,0.0001,0.002,0.0007,0,6,0,5.967604
JU06150028,-0.2307,40.0116,9/23/2021,Estación punto de presa E. de Sitjar,DETERMINACION FÍSICO-QUÍMICA IN SITU,CLOROFILA A,13.9,µg/L,"13,9",0.029999999,Fluorescencia atómica,DISCRETA,6,9/17/2021,6,S2B_MSIL2A_20210917T104639_N0301_R051_T30TYK_20210917T140303,0.0259,0.0385,0.0337,0.001,0.0001,0.0001,0.0001,0.0001,0.0001,0.0001,0.002,0.0007,0,6,0,5.967604
JU06150028,-0.2307,40.0116,9/23/2021,Estación punto de presa E. de Sitjar,TOMA DE MUESTRAS PARA LABORATORIO,FOSFORO TOTAL,0.083,mg P/l,"0,083",0.02,Espectofotometría de absorción molecular,INTEGRADA,-1,9/17/2021,6,S2B_MSIL2A_20210917T104639_N0301_R051_T30TYK_20210917T140303,0.0259,0.0385,0.0337,0.001,0.0001,0.0001,0.0001,0.0001,0.0001,0.0001,0.002,0.0007,0,6,0,5.967604
JU06150028,-0.2307,40.0116,9/23/2021,Estación punto de presa E. de Sitjar,DETERMINACION FÍSICO-QUÍMICA IN SITU,Profundidad del disco de secchi,3.400000095,m,,,,INTEGRADA,-1,9/17/2021,6,S2B_MSIL2A_20210917T104639_N0301_R051_T30TYK_20210917T140303,0.0259,0.0385,0.0337,0.001,0.0001,0.0001,0.0001,0.0001,0.0001,0.0001,0.002,0.0007,0,6,0,5.967604
JU06150028,-0.2307,40.0116,9/23/2021,Estación punto de presa E. de Sitjar,Fitoplancton,Profundidad del disco de secchi,3.400000095,m,,,,INTEGRADA,-1,9/17/2021,6,S2B_MSIL2A_20210917T104639_N0301_R051_T30TYK_20210917T140303,0.0259,0.0385,0.0337,0.001,0.0001,0.0001,0.0001,0.0001,0.0001,0.0001,0.002,0.0007,0,6,0,5.967604
JU06160014,-0.164,40.0293,9/21/2021,Estación punto de presa E. de María Cristina,DETERMINACION FÍSICO-QUÍMICA IN SITU,CLOROFILA A,33.48,µg/L,"33,48",0.029999999,Fluorescencia atómica,DISCRETA,0.5,9/17/2021,4,S2B_MSIL2A_20210917T104639_N0301_R051_T30TYK_20210917T140303,0.0308,0.0564,0.1032,0.0503,0.0352,0.0001,0.0001,0.0001,0.0001,0.0001,0.0031,0.0025,0,6,0,5.967604
JU06160014,-0.164,40.0293,9/21/2021,Estación punto de presa E. de María Cristina,DETERMINACION FÍSICO-QUÍMICA IN SITU,CLOROFILA A,43.95,µg/L,"43,95",0.029999999,Fluorescencia atómica,DISCRETA,4.5,9/17/2021,4,S2B_MSIL2A_20210917T104639_N0301_R051_T30TYK_20210917T140303,0.0308,0.0564,0.1032,0.0503,0.0352,0.0001,0.0001,0.0001,0.0001,0.0001,0.0031,0.0025,0,6,0,5.967604
JU06160014,-0.164,40.0293,9/21/2021,Estación punto de presa E. de María Cristina,DETERMINACION FÍSICO-QUÍMICA IN SITU,CLOROFILA A,44.94,µg/L,"44,94",0.029999999,Fluorescencia atómica,DISCRETA,3.5,9/17/2021,4,S2B_MSIL2A_20210917T104639_N0301_R051_T30TYK_20210917T140303,0.0308,0.0564,0.1032,0.0503,0.0352,0.0001,0.0001,0.0001,0.0001,0.0001,0.0031,0.0025,0,6,0,5.967604
JU06160014,-0.164,40.0293,9/21/2021,Estación punto de presa E. de María Cristina,DETERMINACION FÍSICO-QUÍMICA IN SITU,CLOROFILA A,44.86,µg/L,"44,86",0.029999999,Fluorescencia atómica,DISCRETA,5,9/17/2021,4,S2B_MSIL2A_20210917T104639_N0301_R051_T30TYK_20210917T140303,0.0308,0.0564,0.1032,0.0503,0.0352,0.0001,0.0001,0.0001,0.0001,0.0001,0.0031,0.0025,0,6,0,5.967604
JU06160014,-0.164,40.0293,9/21/2021,Estación punto de presa E. de María Cristina,TOMA DE MUESTRAS PARA LABORATORIO,SOLIDOS EN SUSPENSION,15,mg/L,15,2,Gravimetría,INTEGRADA,-1,9/17/2021,4,S2B_MSIL2A_20210917T104639_N0301_R051_T30TYK_20210917T140303,0.0308,0.0564,0.1032,0.0503,0.0352,0.0001,0.0001,0.0001,0.0001,0.0001,0.0031,0.0025,0,6,0,5.967604
JU06160014,-0.164,40.0293,9/21/2021,Estación punto de presa E. de María Cristina,DETERMINACION FÍSICO-QUÍMICA IN SITU,CLOROFILA A,37.69,µg/L,"37,69",0.029999999,Fluorescencia atómica,DISCRETA,1,9/17/2021,4,S2B_MSIL2A_20210917T104639_N0301_R051_T30TYK_20210917T140303,0.0308,0.0564,0.1032,0.0503,0.0352,0.0001,0.0001,0.0001,0.0001,0.0001,0.0031,0.0025,0,6,0,5.967604
JU06160014,-0.164,40.0293,9/21/2021,Estación punto de presa E. de María Cristina,DETERMINACION FÍSICO-QUÍMICA IN SITU,CLOROFILA A,33.19,µg/L,"33,19",0.029999999,Fluorescencia atómica,DISCRETA,0,9/17/2021,4,S2B_MSIL2A_20210917T104639_N0301_R051_T30TYK_20210917T140303,0.0308,0.0564,0.1032,0.0503,0.0352,0.0001,0.0001,0.0001,0.0001,0.0001,0.0031,0.0025,0,6,0,5.967604
JU06160014,-0.164,40.0293,9/21/2021,Estación punto de presa E. de María Cristina,DETERMINACION FÍSICO-QUÍMICA IN SITU,CLOROFILA A,40.04,µg/L,"40,04",0.029999999,Fluorescencia atómica,DISCRETA,3,9/17/2021,4,S2B_MSIL2A_20210917T104639_N0301_R051_T30TYK_20210917T140303,0.0308,0.0564,0.1032,0.0503,0.0352,0.0001,0.0001,0.0001,0.0001,0.0001,0.0031,0.0025,0,6,0,5.967604
JU06160014,-0.164,40.0293,9/21/2021,Estación punto de presa E. de María Cristina,DETERMINACION FÍSICO-QUÍMICA IN SITU,CLOROFILA A,36.09,µg/L,"36,09",0.029999999,Fluorescencia atómica,DISCRETA,1.5,9/17/2021,4,S2B_MSIL2A_20210917T104639_N0301_R051_T30TYK_20210917T140303,0.0308,0.0564,0.1032,0.0503,0.0352,0.0001,0.0001,0.0001,0.0001,0.0001,0.0031,0.0025,0,6,0,5.967604
JU06160014,-0.164,40.0293,9/21/2021,Estación punto de presa E. de María Cristina,DETERMINACION FÍSICO-QUÍMICA IN SITU,CLOROFILA A,42.56,µg/L,"42,56",0.029999999,Fluorescencia atómica,DISCRETA,2.5,9/17/2021,4,S2B_MSIL2A_20210917T104639_N0301_R051_T30TYK_20210917T140303,0.0308,0.0564,0.1032,0.0503,0.0352,0.0001,0.0001,0.0001,0.0001,0.0001,0.0031,0.0025,0,6,0,5.967604
JU06160014,-0.164,40.0293,9/21/2021,Estación punto de presa E. de María Cristina,DETERMINACION FÍSICO-QUÍMICA IN SITU,CLOROFILA A,39.57,µg/L,"39,57",0.029999999,Fluorescencia atómica,DISCRETA,2,9/17/2021,4,S2B_MSIL2A_20210917T104639_N0301_R051_T30TYK_20210917T140303,0.0308,0.0564,0.1032,0.0503,0.0352,0.0001,0.0001,0.0001,0.0001,0.0001,0.0031,0.0025,0,6,0,5.967604
JU06160014,-0.164,40.0293,9/21/2021,Estación punto de presa E. de María Cristina,DETERMINACION FÍSICO-QUÍMICA IN SITU,CLOROFILA A,41.3,µg/L,"41,3",0.029999999,Fluorescencia atómica,DISCRETA,4,9/17/2021,4,S2B_MSIL2A_20210917T104639_N0301_R051_T30TYK_20210917T140303,0.0308,0.0564,0.1032,0.0503,0.0352,0.0001,0.0001,0.0001,0.0001,0.0001,0.0031,0.0025,0,6,0,5.967604
JU06160014,-0.164,40.0293,9/21/2021,Estación punto de presa E. de María Cristina,Fitoplancton,CLOROFILA A,1.0146,µg/L,"10,146",1,Espectofotometría de absorción molecular,INTEGRADA,-1,9/17/2021,4,S2B_MSIL2A_20210917T104639_N0301_R051_T30TYK_20210917T140303,0.0308,0.0564,0.1032,0.0503,0.0352,0.0001,0.0001,0.0001,0.0001,0.0001,0.0031,0.0025,0,6,0,5.967604
JU06160014,-0.164,40.0293,9/21/2021,Estación punto de presa E. de María Cristina,TOMA DE MUESTRAS PARA LABORATORIO,FOSFORO TOTAL,0.037,mg P/l,"0,037",0.02,Espectofotometría de absorción molecular,INTEGRADA,-1,9/17/2021,4,S2B_MSIL2A_20210917T104639_N0301_R051_T30TYK_20210917T140303,0.0308,0.0564,0.1032,0.0503,0.0352,0.0001,0.0001,0.0001,0.0001,0.0001,0.0031,0.0025,0,6,0,5.967604
JU06160014,-0.164,40.0293,9/21/2021,Estación punto de presa E. de María Cristina,DETERMINACION FÍSICO-QUÍMICA IN SITU,Profundidad del disco de secchi,0.5,m,,,,INTEGRADA,-1,9/17/2021,4,S2B_MSIL2A_20210917T104639_N0301_R051_T30TYK_20210917T140303,0.0308,0.0564,0.1032,0.0503,0.0352,0.0001,0.0001,0.0001,0.0001,0.0001,0.0031,0.0025,0,6,0,5.967604
JU06160014,-0.164,40.0293,9/21/2021,Estación punto de presa E. de María Cristina,Fitoplancton,Profundidad del disco de secchi,0.5,m,,,,INTEGRADA,-1,9/17/2021,4,S2B_MSIL2A_20210917T104639_N0301_R051_T30TYK_20210917T140303,0.0308,0.0564,0.1032,0.0503,0.0352,0.0001,0.0001,0.0001,0.0001,0.0001,0.0031,0.0025,0,6,0,5.967604
JU06660017,-1.0992,39.7301,9/20/2021,Estación punto de presa E. de Benagéber,DETERMINACION FÍSICO-QUÍMICA IN SITU,CLOROFILA A,11.59,µg/L,"11,59",0.029999999,Fluorescencia atómica,DISCRETA,17,9/20/2021,0,S2B_MSIL2A_20210920T105639_N0301_R094_T30SXJ_20210920T140829,0.0244,0.0315,0.028,0.0072,0.0085,0.0069,0.0076,0.0063,0.0063,0.0165,0.0087,0.0081,0,10,0,8.499206
JU06660017,-1.0992,39.7301,9/20/2021,Estación punto de presa E. de Benagéber,DETERMINACION FÍSICO-QUÍMICA IN SITU,CLOROFILA A,9.97,µg/L,"9,97",0.029999999,Fluorescencia atómica,DISCRETA,18,9/20/2021,0,S2B_MSIL2A_20210920T105639_N0301_R094_T30SXJ_20210920T140829,0.0244,0.0315,0.028,0.0072,0.0085,0.0069,0.0076,0.0063,0.0063,0.0165,0.0087,0.0081,0,10,0,8.499206
JU06660017,-1.0992,39.7301,9/20/2021,Estación punto de presa E. de Benagéber,DETERMINACION FÍSICO-QUÍMICA IN SITU,CLOROFILA A,18.98,µg/L,"18,98",0.029999999,Fluorescencia atómica,DISCRETA,2,9/20/2021,0,S2B_MSIL2A_20210920T105639_N0301_R094_T30SXJ_20210920T140829,0.0244,0.0315,0.028,0.0072,0.0085,0.0069,0.0076,0.0063,0.0063,0.0165,0.0087,0.0081,0,10,0,8.499206
JU06660017,-1.0992,39.7301,9/20/2021,Estación punto de presa E. de Benagéber,DETERMINACION FÍSICO-QUÍMICA IN SITU,CLOROFILA A,7.29,µg/L,"7,29",0.029999999,Fluorescencia atómica,DISCRETA,30,9/20/2021,0,S2B_MSIL2A_20210920T105639_N0301_R094_T30SXJ_20210920T140829,0.0244,0.0315,0.028,0.0072,0.0085,0.0069,0.0076,0.0063,0.0063,0.0165,0.0087,0.0081,0,10,0,8.499206
JU06660017,-1.0992,39.7301,9/20/2021,Estación punto de presa E. de Benagéber,DETERMINACION FÍSICO-QUÍMICA IN SITU,CLOROFILA A,6.97,µg/L,"6,97",0.029999999,Fluorescencia atómica,DISCRETA,34,9/20/2021,0,S2B_MSIL2A_20210920T105639_N0301_R094_T30SXJ_20210920T140829,0.0244,0.0315,0.028,0.0072,0.0085,0.0069,0.0076,0.0063,0.0063,0.0165,0.0087,0.0081,0,10,0,8.499206
JU06660017,-1.0992,39.7301,9/20/2021,Estación punto de presa E. de Benagéber,DETERMINACION FÍSICO-QUÍMICA IN SITU,CLOROFILA A,6.83,µg/L,"6,83",0.029999999,Fluorescencia atómica,DISCRETA,40,9/20/2021,0,S2B_MSIL2A_20210920T105639_N0301_R094_T30SXJ_20210920T140829,0.0244,0.0315,0.028,0.0072,0.0085,0.0069,0.0076,0.0063,0.0063,0.0165,0.0087,0.0081,0,10,0,8.499206
JU06660017,-1.0992,39.7301,9/20/2021,Estación punto de presa E. de Benagéber,DETERMINACION FÍSICO-QUÍMICA IN SITU,CLOROFILA A,6.7,µg/L,"6,7",0.029999999,Fluorescencia atómica,DISCRETA,42,9/20/2021,0,S2B_MSIL2A_20210920T105639_N0301_R094_T30SXJ_20210920T140829,0.0244,0.0315,0.028,0.0072,0.0085,0.0069,0.0076,0.0063,0.0063,0.0165,0.0087,0.0081,0,10,0,8.499206
JU06660017,-1.0992,39.7301,9/20/2021,Estación punto de presa E. de Benagéber,DETERMINACION FÍSICO-QUÍMICA IN SITU,CLOROFILA A,6.72,µg/L,"6,72",0.029999999,Fluorescencia atómica,DISCRETA,44,9/20/2021,0,S2B_MSIL2A_20210920T105639_N0301_R094_T30SXJ_20210920T140829,0.0244,0.0315,0.028,0.0072,0.0085,0.0069,0.0076,0.0063,0.0063,0.0165,0.0087,0.0081,0,10,0,8.499206
JU06660017,-1.0992,39.7301,9/20/2021,Estación punto de presa E. de Benagéber,DETERMINACION FÍSICO-QUÍMICA IN SITU,CLOROFILA A,6.96,µg/L,"6,96",0.029999999,Fluorescencia atómica,DISCRETA,56,9/20/2021,0,S2B_MSIL2A_20210920T105639_N0301_R094_T30SXJ_20210920T140829,0.0244,0.0315,0.028,0.0072,0.0085,0.0069,0.0076,0.0063,0.0063,0.0165,0.0087,0.0081,0,10,0,8.499206
JU06660017,-1.0992,39.7301,9/20/2021,Estación punto de presa E. de Benagéber,DETERMINACION FÍSICO-QUÍMICA IN SITU,CLOROFILA A,6.81,µg/L,"6,81",0.029999999,Fluorescencia atómica,DISCRETA,59,9/20/2021,0,S2B_MSIL2A_20210920T105639_N0301_R094_T30SXJ_20210920T140829,0.0244,0.0315,0.028,0.0072,0.0085,0.0069,0.0076,0.0063,0.0063,0.0165,0.0087,0.0081,0,10,0,8.499206
JU06660017,-1.0992,39.7301,9/20/2021,Estación punto de presa E. de Benagéber,Fitoplancton,CLOROFILA A,0,µg/L,"<1,0",1,Espectofotometría de absorción molecular,INTEGRADA,-1,9/20/2021,0,S2B_MSIL2A_20210920T105639_N0301_R094_T30SXJ_20210920T140829,0.0244,0.0315,0.028,0.0072,0.0085,0.0069,0.0076,0.0063,0.0063,0.0165,0.0087,0.0081,0,10,0,8.499206
JU06660017,-1.0992,39.7301,9/20/2021,Estación punto de presa E. de Benagéber,DETERMINACION FÍSICO-QUÍMICA IN SITU,CLOROFILA A,14.99,µg/L,"14,99",0.029999999,Fluorescencia atómica,DISCRETA,15,9/20/2021,0,S2B_MSIL2A_20210920T105639_N0301_R094_T30SXJ_20210920T140829,0.0244,0.0315,0.028,0.0072,0.0085,0.0069,0.0076,0.0063,0.0063,0.0165,0.0087,0.0081,0,10,0,8.499206
JU06660017,-1.0992,39.7301,9/20/2021,Estación punto de presa E. de Benagéber,DETERMINACION FÍSICO-QUÍMICA IN SITU,CLOROFILA A,9.78,µg/L,"9,78",0.029999999,Fluorescencia atómica,DISCRETA,19,9/20/2021,0,S2B_MSIL2A_20210920T105639_N0301_R094_T30SXJ_20210920T140829,0.0244,0.0315,0.028,0.0072,0.0085,0.0069,0.0076,0.0063,0.0063,0.0165,0.0087,0.0081,0,10,0,8.499206
JU06660017,-1.0992,39.7301,9/20/2021,Estación punto de presa E. de Benagéber,DETERMINACION FÍSICO-QUÍMICA IN SITU,CLOROFILA A,7.41,µg/L,"7,41",0.029999999,Fluorescencia atómica,DISCRETA,27,9/20/2021,0,S2B_MSIL2A_20210920T105639_N0301_R094_T30SXJ_20210920T140829,0.0244,0.0315,0.028,0.0072,0.0085,0.0069,0.0076,0.0063,0.0063,0.0165,0.0087,0.0081,0,10,0,8.499206
JU06660017,-1.0992,39.7301,9/20/2021,Estación punto de presa E. de Benagéber,DETERMINACION FÍSICO-QUÍMICA IN SITU,CLOROFILA A,6.98,µg/L,"6,98",0.029999999,Fluorescencia atómica,DISCRETA,32,9/20/2021,0,S2B_MSIL2A_20210920T105639_N0301_R094_T30SXJ_20210920T140829,0.0244,0.0315,0.028,0.0072,0.0085,0.0069,0.0076,0.0063,0.0063,0.0165,0.0087,0.0081,0,10,0,8.499206
JU06660017,-1.0992,39.7301,9/20/2021,Estación punto de presa E. de Benagéber,DETERMINACION FÍSICO-QUÍMICA IN SITU,CLOROFILA A,6.94,µg/L,"6,94",0.029999999,Fluorescencia atómica,DISCRETA,36,9/20/2021,0,S2B_MSIL2A_20210920T105639_N0301_R094_T30SXJ_20210920T140829,0.0244,0.0315,0.028,0.0072,0.0085,0.0069,0.0076,0.0063,0.0063,0.0165,0.0087,0.0081,0,10,0,8.499206
JU06660017,-1.0992,39.7301,9/20/2021,Estación punto de presa E. de Benagéber,DETERMINACION FÍSICO-QUÍMICA IN SITU,CLOROFILA A,19.02,µg/L,"19,02",0.029999999,Fluorescencia atómica,DISCRETA,3,9/20/2021,0,S2B_MSIL2A_20210920T105639_N0301_R094_T30SXJ_20210920T140829,0.0244,0.0315,0.028,0.0072,0.0085,0.0069,0.0076,0.0063,0.0063,0.0165,0.0087,0.0081,0,10,0,8.499206
JU06660017,-1.0992,39.7301,9/20/2021,Estación punto de presa E. de Benagéber,DETERMINACION FÍSICO-QUÍMICA IN SITU,CLOROFILA A,6.51,µg/L,"6,51",0.029999999,Fluorescencia atómica,DISCRETA,45,9/20/2021,0,S2B_MSIL2A_20210920T105639_N0301_R094_T30SXJ_20210920T140829,0.0244,0.0315,0.028,0.0072,0.0085,0.0069,0.0076,0.0063,0.0063,0.0165,0.0087,0.0081,0,10,0,8.499206
JU06660017,-1.0992,39.7301,9/20/2021,Estación punto de presa E. de Benagéber,DETERMINACION FÍSICO-QUÍMICA IN SITU,CLOROFILA A,6.55,µg/L,"6,55",0.029999999,Fluorescencia atómica,DISCRETA,47,9/20/2021,0,S2B_MSIL2A_20210920T105639_N0301_R094_T30SXJ_20210920T140829,0.0244,0.0315,0.028,0.0072,0.0085,0.0069,0.0076,0.0063,0.0063,0.0165,0.0087,0.0081,0,10,0,8.499206
JU06660017,-1.0992,39.7301,9/20/2021,Estación punto de presa E. de Benagéber,DETERMINACION FÍSICO-QUÍMICA IN SITU,CLOROFILA A,6.23,µg/L,"6,23",0.029999999,Fluorescencia atómica,DISCRETA,48,9/20/2021,0,S2B_MSIL2A_20210920T105639_N0301_R094_T30SXJ_20210920T140829,0.0244,0.0315,0.028,0.0072,0.0085,0.0069,0.0076,0.0063,0.0063,0.0165,0.0087,0.0081,0,10,0,8.499206
JU06660017,-1.0992,39.7301,9/20/2021,Estación punto de presa E. de Benagéber,DETERMINACION FÍSICO-QUÍMICA IN SITU,CLOROFILA A,6.65,µg/L,"6,65",0.029999999,Fluorescencia atómica,DISCRETA,51,9/20/2021,0,S2B_MSIL2A_20210920T105639_N0301_R094_T30SXJ_20210920T140829,0.0244,0.0315,0.028,0.0072,0.0085,0.0069,0.0076,0.0063,0.0063,0.0165,0.0087,0.0081,0,10,0,8.499206
JU06660017,-1.0992,39.7301,9/20/2021,Estación punto de presa E. de Benagéber,DETERMINACION FÍSICO-QUÍMICA IN SITU,CLOROFILA A,6.73,µg/L,"6,73",0.029999999,Fluorescencia atómica,DISCRETA,55,9/20/2021,0,S2B_MSIL2A_20210920T105639_N0301_R094_T30SXJ_20210920T140829,0.0244,0.0315,0.028,0.0072,0.0085,0.0069,0.0076,0.0063,0.0063,0.0165,0.0087,0.0081,0,10,0,8.499206
JU06660017,-1.0992,39.7301,9/20/2021,Estación punto de presa E. de Benagéber,DETERMINACION FÍSICO-QUÍMICA IN SITU,CLOROFILA A,6.69,µg/L,"6,69",0.029999999,Fluorescencia atómica,DISCRETA,60,9/20/2021,0,S2B_MSIL2A_20210920T105639_N0301_R094_T30SXJ_20210920T140829,0.0244,0.0315,0.028,0.0072,0.0085,0.0069,0.0076,0.0063,0.0063,0.0165,0.0087,0.0081,0,10,0,8.499206
JU06660017,-1.0992,39.7301,9/20/2021,Estación punto de presa E. de Benagéber,TOMA DE MUESTRAS PARA LABORATORIO,SOLIDOS EN SUSPENSION,2.6,mg/L,"2,6",2,Gravimetría,INTEGRADA,-1,9/20/2021,0,S2B_MSIL2A_20210920T105639_N0301_R094_T30SXJ_20210920T140829,0.0244,0.0315,0.028,0.0072,0.0085,0.0069,0.0076,0.0063,0.0063,0.0165,0.0087,0.0081,0,10,0,8.499206
JU06660017,-1.0992,39.7301,9/20/2021,Estación punto de presa E. de Benagéber,DETERMINACION FÍSICO-QUÍMICA IN SITU,CLOROFILA A,6.69,µg/L,"6,69",0.029999999,Fluorescencia atómica,DISCRETA,37,9/20/2021,0,S2B_MSIL2A_20210920T105639_N0301_R094_T30SXJ_20210920T140829,0.0244,0.0315,0.028,0.0072,0.0085,0.0069,0.0076,0.0063,0.0063,0.0165,0.0087,0.0081,0,10,0,8.499206
JU06660017,-1.0992,39.7301,9/20/2021,Estación punto de presa E. de Benagéber,DETERMINACION FÍSICO-QUÍMICA IN SITU,CLOROFILA A,6.64,µg/L,"6,64",0.029999999,Fluorescencia atómica,DISCRETA,54,9/20/2021,0,S2B_MSIL2A_20210920T105639_N0301_R094_T30SXJ_20210920T140829,0.0244,0.0315,0.028,0.0072,0.0085,0.0069,0.0076,0.0063,0.0063,0.0165,0.0087,0.0081,0,10,0,8.499206
JU06660017,-1.0992,39.7301,9/20/2021,Estación punto de presa E. de Benagéber,DETERMINACION FÍSICO-QUÍMICA IN SITU,CLOROFILA A,22.01,µg/L,"22,01",0.029999999,Fluorescencia atómica,DISCRETA,5,9/20/2021,0,S2B_MSIL2A_20210920T105639_N0301_R094_T30SXJ_20210920T140829,0.0244,0.0315,0.028,0.0072,0.0085,0.0069,0.0076,0.0063,0.0063,0.0165,0.0087,0.0081,0,10,0,8.499206
JU06660017,-1.0992,39.7301,9/20/2021,Estación punto de presa E. de Benagéber,DETERMINACION FÍSICO-QUÍMICA IN SITU,CLOROFILA A,7.42,µg/L,"7,42",0.029999999,Fluorescencia atómica,DISCRETA,62,9/20/2021,0,S2B_MSIL2A_20210920T105639_N0301_R094_T30SXJ_20210920T140829,0.0244,0.0315,0.028,0.0072,0.0085,0.0069,0.0076,0.0063,0.0063,0.0165,0.0087,0.0081,0,10,0,8.499206
JU06660017,-1.0992,39.7301,9/20/2021,Estación punto de presa E. de Benagéber,DETERMINACION FÍSICO-QUÍMICA IN SITU,CLOROFILA A,7.44,µg/L,"7,44",0.029999999,Fluorescencia atómica,DISCRETA,63,9/20/2021,0,S2B_MSIL2A_20210920T105639_N0301_R094_T30SXJ_20210920T140829,0.0244,0.0315,0.028,0.0072,0.0085,0.0069,0.0076,0.0063,0.0063,0.0165,0.0087,0.0081,0,10,0,8.499206
JU06660017,-1.0992,39.7301,9/20/2021,Estación punto de presa E. de Benagéber,DETERMINACION FÍSICO-QUÍMICA IN SITU,CLOROFILA A,22.44,µg/L,"22,44",0.029999999,Fluorescencia atómica,DISCRETA,11,9/20/2021,0,S2B_MSIL2A_20210920T105639_N0301_R094_T30SXJ_20210920T140829,0.0244,0.0315,0.028,0.0072,0.0085,0.0069,0.0076,0.0063,0.0063,0.0165,0.0087,0.0081,0,10,0,8.499206
JU06660017,-1.0992,39.7301,9/20/2021,Estación punto de presa E. de Benagéber,DETERMINACION FÍSICO-QUÍMICA IN SITU,CLOROFILA A,8.92,µg/L,"8,92",0.029999999,Fluorescencia atómica,DISCRETA,23,9/20/2021,0,S2B_MSIL2A_20210920T105639_N0301_R094_T30SXJ_20210920T140829,0.0244,0.0315,0.028,0.0072,0.0085,0.0069,0.0076,0.0063,0.0063,0.0165,0.0087,0.0081,0,10,0,8.499206
JU06660017,-1.0992,39.7301,9/20/2021,Estación punto de presa E. de Benagéber,DETERMINACION FÍSICO-QUÍMICA IN SITU,CLOROFILA A,8.41,µg/L,"8,41",0.029999999,Fluorescencia atómica,DISCRETA,24,9/20/2021,0,S2B_MSIL2A_20210920T105639_N0301_R094_T30SXJ_20210920T140829,0.0244,0.0315,0.028,0.0072,0.0085,0.0069,0.0076,0.0063,0.0063,0.0165,0.0087,0.0081,0,10,0,8.499206
JU06660017,-1.0992,39.7301,9/20/2021,Estación punto de presa E. de Benagéber,DETERMINACION FÍSICO-QUÍMICA IN SITU,CLOROFILA A,7.81,µg/L,"7,81",0.029999999,Fluorescencia atómica,DISCRETA,28,9/20/2021,0,S2B_MSIL2A_20210920T105639_N0301_R094_T30SXJ_20210920T140829,0.0244,0.0315,0.028,0.0072,0.0085,0.0069,0.0076,0.0063,0.0063,0.0165,0.0087,0.0081,0,10,0,8.499206
JU06660017,-1.0992,39.7301,9/20/2021,Estación punto de presa E. de Benagéber,DETERMINACION FÍSICO-QUÍMICA IN SITU,CLOROFILA A,7.09,µg/L,"7,09",0.029999999,Fluorescencia atómica,DISCRETA,33,9/20/2021,0,S2B_MSIL2A_20210920T105639_N0301_R094_T30SXJ_20210920T140829,0.0244,0.0315,0.028,0.0072,0.0085,0.0069,0.0076,0.0063,0.0063,0.0165,0.0087,0.0081,0,10,0,8.499206
JU06660017,-1.0992,39.7301,9/20/2021,Estación punto de presa E. de Benagéber,DETERMINACION FÍSICO-QUÍMICA IN SITU,CLOROFILA A,6.64,µg/L,"6,64",0.029999999,Fluorescencia atómica,DISCRETA,52,9/20/2021,0,S2B_MSIL2A_20210920T105639_N0301_R094_T30SXJ_20210920T140829,0.0244,0.0315,0.028,0.0072,0.0085,0.0069,0.0076,0.0063,0.0063,0.0165,0.0087,0.0081,0,10,0,8.499206
JU06660017,-1.0992,39.7301,9/20/2021,Estación punto de presa E. de Benagéber,DETERMINACION FÍSICO-QUÍMICA IN SITU,CLOROFILA A,21.78,µg/L,"21,78",0.029999999,Fluorescencia atómica,DISCRETA,6,9/20/2021,0,S2B_MSIL2A_20210920T105639_N0301_R094_T30SXJ_20210920T140829,0.0244,0.0315,0.028,0.0072,0.0085,0.0069,0.0076,0.0063,0.0063,0.0165,0.0087,0.0081,0,10,0,8.499206
JU06660017,-1.0992,39.7301,9/20/2021,Estación punto de presa E. de Benagéber,DETERMINACION FÍSICO-QUÍMICA IN SITU,CLOROFILA A,22.46,µg/L,"22,46",0.029999999,Fluorescencia atómica,DISCRETA,10,9/20/2021,0,S2B_MSIL2A_20210920T105639_N0301_R094_T30SXJ_20210920T140829,0.0244,0.0315,0.028,0.0072,0.0085,0.0069,0.0076,0.0063,0.0063,0.0165,0.0087,0.0081,0,10,0,8.499206
JU06660017,-1.0992,39.7301,9/20/2021,Estación punto de presa E. de Benagéber,DETERMINACION FÍSICO-QUÍMICA IN SITU,CLOROFILA A,8.82,µg/L,"8,82",0.029999999,Fluorescencia atómica,DISCRETA,22,9/20/2021,0,S2B_MSIL2A_20210920T105639_N0301_R094_T30SXJ_20210920T140829,0.0244,0.0315,0.028,0.0072,0.0085,0.0069,0.0076,0.0063,0.0063,0.0165,0.0087,0.0081,0,10,0,8.499206
JU06660017,-1.0992,39.7301,9/20/2021,Estación punto de presa E. de Benagéber,DETERMINACION FÍSICO-QUÍMICA IN SITU,CLOROFILA A,8.6,µg/L,"8,6",0.029999999,Fluorescencia atómica,DISCRETA,25,9/20/2021,0,S2B_MSIL2A_20210920T105639_N0301_R094_T30SXJ_20210920T140829,0.0244,0.0315,0.028,0.0072,0.0085,0.0069,0.0076,0.0063,0.0063,0.0165,0.0087,0.0081,0,10,0,8.499206
JU06660017,-1.0992,39.7301,9/20/2021,Estación punto de presa E. de Benagéber,DETERMINACION FÍSICO-QUÍMICA IN SITU,CLOROFILA A,7.25,µg/L,"7,25",0.029999999,Fluorescencia atómica,DISCRETA,29,9/20/2021,0,S2B_MSIL2A_20210920T105639_N0301_R094_T30SXJ_20210920T140829,0.0244,0.0315,0.028,0.0072,0.0085,0.0069,0.0076,0.0063,0.0063,0.0165,0.0087,0.0081,0,10,0,8.499206
JU06660017,-1.0992,39.7301,9/20/2021,Estación punto de presa E. de Benagéber,DETERMINACION FÍSICO-QUÍMICA IN SITU,CLOROFILA A,7.22,µg/L,"7,22",0.029999999,Fluorescencia atómica,DISCRETA,31,9/20/2021,0,S2B_MSIL2A_20210920T105639_N0301_R094_T30SXJ_20210920T140829,0.0244,0.0315,0.028,0.0072,0.0085,0.0069,0.0076,0.0063,0.0063,0.0165,0.0087,0.0081,0,10,0,8.499206
JU06660017,-1.0992,39.7301,9/20/2021,Estación punto de presa E. de Benagéber,DETERMINACION FÍSICO-QUÍMICA IN SITU,CLOROFILA A,6.97,µg/L,"6,97",0.029999999,Fluorescencia atómica,DISCRETA,35,9/20/2021,0,S2B_MSIL2A_20210920T105639_N0301_R094_T30SXJ_20210920T140829,0.0244,0.0315,0.028,0.0072,0.0085,0.0069,0.0076,0.0063,0.0063,0.0165,0.0087,0.0081,0,10,0,8.499206
JU06660017,-1.0992,39.7301,9/20/2021,Estación punto de presa E. de Benagéber,DETERMINACION FÍSICO-QUÍMICA IN SITU,CLOROFILA A,7.01,µg/L,"7,01",0.029999999,Fluorescencia atómica,DISCRETA,41,9/20/2021,0,S2B_MSIL2A_20210920T105639_N0301_R094_T30SXJ_20210920T140829,0.0244,0.0315,0.028,0.0072,0.0085,0.0069,0.0076,0.0063,0.0063,0.0165,0.0087,0.0081,0,10,0,8.499206
JU06660017,-1.0992,39.7301,9/20/2021,Estación punto de presa E. de Benagéber,DETERMINACION FÍSICO-QUÍMICA IN SITU,CLOROFILA A,6.79,µg/L,"6,79",0.029999999,Fluorescencia atómica,DISCRETA,43,9/20/2021,0,S2B_MSIL2A_20210920T105639_N0301_R094_T30SXJ_20210920T140829,0.0244,0.0315,0.028,0.0072,0.0085,0.0069,0.0076,0.0063,0.0063,0.0165,0.0087,0.0081,0,10,0,8.499206
JU06660017,-1.0992,39.7301,9/20/2021,Estación punto de presa E. de Benagéber,DETERMINACION FÍSICO-QUÍMICA IN SITU,CLOROFILA A,6.37,µg/L,"6,37",0.029999999,Fluorescencia atómica,DISCRETA,46,9/20/2021,0,S2B_MSIL2A_20210920T105639_N0301_R094_T30SXJ_20210920T140829,0.0244,0.0315,0.028,0.0072,0.0085,0.0069,0.0076,0.0063,0.0063,0.0165,0.0087,0.0081,0,10,0,8.499206
JU06660017,-1.0992,39.7301,9/20/2021,Estación punto de presa E. de Benagéber,DETERMINACION FÍSICO-QUÍMICA IN SITU,CLOROFILA A,6.44,µg/L,"6,44",0.029999999,Fluorescencia atómica,DISCRETA,53,9/20/2021,0,S2B_MSIL2A_20210920T105639_N0301_R094_T30SXJ_20210920T140829,0.0244,0.0315,0.028,0.0072,0.0085,0.0069,0.0076,0.0063,0.0063,0.0165,0.0087,0.0081,0,10,0,8.499206
JU06660017,-1.0992,39.7301,9/20/2021,Estación punto de presa E. de Benagéber,DETERMINACION FÍSICO-QUÍMICA IN SITU,CLOROFILA A,16.4,µg/L,"16,4",0.029999999,Fluorescencia atómica,DISCRETA,0,9/20/2021,0,S2B_MSIL2A_20210920T105639_N0301_R094_T30SXJ_20210920T140829,0.0244,0.0315,0.028,0.0072,0.0085,0.0069,0.0076,0.0063,0.0063,0.0165,0.0087,0.0081,0,10,0,8.499206
JU06660017,-1.0992,39.7301,9/20/2021,Estación punto de presa E. de Benagéber,DETERMINACION FÍSICO-QUÍMICA IN SITU,CLOROFILA A,14.37,µg/L,"14,37",0.029999999,Fluorescencia atómica,DISCRETA,13,9/20/2021,0,S2B_MSIL2A_20210920T105639_N0301_R094_T30SXJ_20210920T140829,0.0244,0.0315,0.028,0.0072,0.0085,0.0069,0.0076,0.0063,0.0063,0.0165,0.0087,0.0081,0,10,0,8.499206
JU06660017,-1.0992,39.7301,9/20/2021,Estación punto de presa E. de Benagéber,DETERMINACION FÍSICO-QUÍMICA IN SITU,CLOROFILA A,13.57,µg/L,"13,57",0.029999999,Fluorescencia atómica,DISCRETA,14,9/20/2021,0,S2B_MSIL2A_20210920T105639_N0301_R094_T30SXJ_20210920T140829,0.0244,0.0315,0.028,0.0072,0.0085,0.0069,0.0076,0.0063,0.0063,0.0165,0.0087,0.0081,0,10,0,8.499206
JU06660017,-1.0992,39.7301,9/20/2021,Estación punto de presa E. de Benagéber,DETERMINACION FÍSICO-QUÍMICA IN SITU,CLOROFILA A,8.89,µg/L,"8,89",0.029999999,Fluorescencia atómica,DISCRETA,26,9/20/2021,0,S2B_MSIL2A_20210920T105639_N0301_R094_T30SXJ_20210920T140829,0.0244,0.0315,0.028,0.0072,0.0085,0.0069,0.0076,0.0063,0.0063,0.0165,0.0087,0.0081,0,10,0,8.499206
JU06660017,-1.0992,39.7301,9/20/2021,Estación punto de presa E. de Benagéber,DETERMINACION FÍSICO-QUÍMICA IN SITU,CLOROFILA A,6.61,µg/L,"6,61",0.029999999,Fluorescencia atómica,DISCRETA,57,9/20/2021,0,S2B_MSIL2A_20210920T105639_N0301_R094_T30SXJ_20210920T140829,0.0244,0.0315,0.028,0.0072,0.0085,0.0069,0.0076,0.0063,0.0063,0.0165,0.0087,0.0081,0,10,0,8.499206
JU06660017,-1.0992,39.7301,9/20/2021,Estación punto de presa E. de Benagéber,DETERMINACION FÍSICO-QUÍMICA IN SITU,CLOROFILA A,23.8,µg/L,"23,8",0.029999999,Fluorescencia atómica,DISCRETA,9,9/20/2021,0,S2B_MSIL2A_20210920T105639_N0301_R094_T30SXJ_20210920T140829,0.0244,0.0315,0.028,0.0072,0.0085,0.0069,0.0076,0.0063,0.0063,0.0165,0.0087,0.0081,0,10,0,8.499206
JU06660017,-1.0992,39.7301,9/20/2021,Estación punto de presa E. de Benagéber,DETERMINACION FÍSICO-QUÍMICA IN SITU,CLOROFILA A,17.91,µg/L,"17,91",0.029999999,Fluorescencia atómica,DISCRETA,1,9/20/2021,0,S2B_MSIL2A_20210920T105639_N0301_R094_T30SXJ_20210920T140829,0.0244,0.0315,0.028,0.0072,0.0085,0.0069,0.0076,0.0063,0.0063,0.0165,0.0087,0.0081,0,10,0,8.499206
JU06660017,-1.0992,39.7301,9/20/2021,Estación punto de presa E. de Benagéber,DETERMINACION FÍSICO-QUÍMICA IN SITU,CLOROFILA A,9.75,µg/L,"9,75",0.029999999,Fluorescencia atómica,DISCRETA,20,9/20/2021,0,S2B_MSIL2A_20210920T105639_N0301_R094_T30SXJ_20210920T140829,0.0244,0.0315,0.028,0.0072,0.0085,0.0069,0.0076,0.0063,0.0063,0.0165,0.0087,0.0081,0,10,0,8.499206
JU06660017,-1.0992,39.7301,9/20/2021,Estación punto de presa E. de Benagéber,DETERMINACION FÍSICO-QUÍMICA IN SITU,CLOROFILA A,9.17,µg/L,"9,17",0.029999999,Fluorescencia atómica,DISCRETA,21,9/20/2021,0,S2B_MSIL2A_20210920T105639_N0301_R094_T30SXJ_20210920T140829,0.0244,0.0315,0.028,0.0072,0.0085,0.0069,0.0076,0.0063,0.0063,0.0165,0.0087,0.0081,0,10,0,8.499206
JU06660017,-1.0992,39.7301,9/20/2021,Estación punto de presa E. de Benagéber,DETERMINACION FÍSICO-QUÍMICA IN SITU,CLOROFILA A,6.4,µg/L,"6,4",0.029999999,Fluorescencia atómica,DISCRETA,49,9/20/2021,0,S2B_MSIL2A_20210920T105639_N0301_R094_T30SXJ_20210920T140829,0.0244,0.0315,0.028,0.0072,0.0085,0.0069,0.0076,0.0063,0.0063,0.0165,0.0087,0.0081,0,10,0,8.499206
JU06660017,-1.0992,39.7301,9/20/2021,Estación punto de presa E. de Benagéber,DETERMINACION FÍSICO-QUÍMICA IN SITU,CLOROFILA A,6.4,µg/L,"6,4",0.029999999,Fluorescencia atómica,DISCRETA,50,9/20/2021,0,S2B_MSIL2A_20210920T105639_N0301_R094_T30SXJ_20210920T140829,0.0244,0.0315,0.028,0.0072,0.0085,0.0069,0.0076,0.0063,0.0063,0.0165,0.0087,0.0081,0,10,0,8.499206
JU06660017,-1.0992,39.7301,9/20/2021,Estación punto de presa E. de Benagéber,DETERMINACION FÍSICO-QUÍMICA IN SITU,CLOROFILA A,7.62,µg/L,"7,62",0.029999999,Fluorescencia atómica,DISCRETA,61,9/20/2021,0,S2B_MSIL2A_20210920T105639_N0301_R094_T30SXJ_20210920T140829,0.0244,0.0315,0.028,0.0072,0.0085,0.0069,0.0076,0.0063,0.0063,0.0165,0.0087,0.0081,0,10,0,8.499206
JU06660017,-1.0992,39.7301,9/20/2021,Estación punto de presa E. de Benagéber,DETERMINACION FÍSICO-QUÍMICA IN SITU,CLOROFILA A,15.86,µg/L,"15,86",0.029999999,Fluorescencia atómica,DISCRETA,12,9/20/2021,0,S2B_MSIL2A_20210920T105639_N0301_R094_T30SXJ_20210920T140829,0.0244,0.0315,0.028,0.0072,0.0085,0.0069,0.0076,0.0063,0.0063,0.0165,0.0087,0.0081,0,10,0,8.499206
JU06660017,-1.0992,39.7301,9/20/2021,Estación punto de presa E. de Benagéber,DETERMINACION FÍSICO-QUÍMICA IN SITU,CLOROFILA A,13.15,µg/L,"13,15",0.029999999,Fluorescencia atómica,DISCRETA,16,9/20/2021,0,S2B_MSIL2A_20210920T105639_N0301_R094_T30SXJ_20210920T140829,0.0244,0.0315,0.028,0.0072,0.0085,0.0069,0.0076,0.0063,0.0063,0.0165,0.0087,0.0081,0,10,0,8.499206
JU06660017,-1.0992,39.7301,9/20/2021,Estación punto de presa E. de Benagéber,DETERMINACION FÍSICO-QUÍMICA IN SITU,CLOROFILA A,7.04,µg/L,"7,04",0.029999999,Fluorescencia atómica,DISCRETA,38,9/20/2021,0,S2B_MSIL2A_20210920T105639_N0301_R094_T30SXJ_20210920T140829,0.0244,0.0315,0.028,0.0072,0.0085,0.0069,0.0076,0.0063,0.0063,0.0165,0.0087,0.0081,0,10,0,8.499206
JU06660017,-1.0992,39.7301,9/20/2021,Estación punto de presa E. de Benagéber,DETERMINACION FÍSICO-QUÍMICA IN SITU,CLOROFILA A,6.92,µg/L,"6,92",0.029999999,Fluorescencia atómica,DISCRETA,39,9/20/2021,0,S2B_MSIL2A_20210920T105639_N0301_R094_T30SXJ_20210920T140829,0.0244,0.0315,0.028,0.0072,0.0085,0.0069,0.0076,0.0063,0.0063,0.0165,0.0087,0.0081,0,10,0,8.499206
JU06660017,-1.0992,39.7301,9/20/2021,Estación punto de presa E. de Benagéber,DETERMINACION FÍSICO-QUÍMICA IN SITU,CLOROFILA A,20.16,µg/L,"20,16",0.029999999,Fluorescencia atómica,DISCRETA,4,9/20/2021,0,S2B_MSIL2A_20210920T105639_N0301_R094_T30SXJ_20210920T140829,0.0244,0.0315,0.028,0.0072,0.0085,0.0069,0.0076,0.0063,0.0063,0.0165,0.0087,0.0081,0,10,0,8.499206
JU06660017,-1.0992,39.7301,9/20/2021,Estación punto de presa E. de Benagéber,DETERMINACION FÍSICO-QUÍMICA IN SITU,CLOROFILA A,6.47,µg/L,"6,47",0.029999999,Fluorescencia atómica,DISCRETA,58,9/20/2021,0,S2B_MSIL2A_20210920T105639_N0301_R094_T30SXJ_20210920T140829,0.0244,0.0315,0.028,0.0072,0.0085,0.0069,0.0076,0.0063,0.0063,0.0165,0.0087,0.0081,0,10,0,8.499206
JU06660017,-1.0992,39.7301,9/20/2021,Estación punto de presa E. de Benagéber,DETERMINACION FÍSICO-QUÍMICA IN SITU,CLOROFILA A,20.74,µg/L,"20,74",0.029999999,Fluorescencia atómica,DISCRETA,7,9/20/2021,0,S2B_MSIL2A_20210920T105639_N0301_R094_T30SXJ_20210920T140829,0.0244,0.0315,0.028,0.0072,0.0085,0.0069,0.0076,0.0063,0.0063,0.0165,0.0087,0.0081,0,10,0,8.499206
JU06660017,-1.0992,39.7301,9/20/2021,Estación punto de presa E. de Benagéber,DETERMINACION FÍSICO-QUÍMICA IN SITU,CLOROFILA A,21.88,µg/L,"21,88",0.029999999,Fluorescencia atómica,DISCRETA,8,9/20/2021,0,S2B_MSIL2A_20210920T105639_N0301_R094_T30SXJ_20210920T140829,0.0244,0.0315,0.028,0.0072,0.0085,0.0069,0.0076,0.0063,0.0063,0.0165,0.0087,0.0081,0,10,0,8.499206
JU06660017,-1.0992,39.7301,9/20/2021,Estación punto de presa E. de Benagéber,TOMA DE MUESTRAS PARA LABORATORIO,FOSFORO TOTAL,0,mg P/l,"<0,02",0.02,Espectofotometría de absorción molecular,INTEGRADA,-1,9/20/2021,0,S2B_MSIL2A_20210920T105639_N0301_R094_T30SXJ_20210920T140829,0.0244,0.0315,0.028,0.0072,0.0085,0.0069,0.0076,0.0063,0.0063,0.0165,0.0087,0.0081,0,10,0,8.499206
JU06660017,-1.0992,39.7301,9/20/2021,Estación punto de presa E. de Benagéber,DETERMINACION FÍSICO-QUÍMICA IN SITU,Profundidad del disco de secchi,5.900000095,m,,,,INTEGRADA,-1,9/20/2021,0,S2B_MSIL2A_20210920T105639_N0301_R094_T30SXJ_20210920T140829,0.0244,0.0315,0.028,0.0072,0.0085,0.0069,0.0076,0.0063,0.0063,0.0165,0.0087,0.0081,0,10,0,8.499206
JU06660017,-1.0992,39.7301,9/20/2021,Estación punto de presa E. de Benagéber,Fitoplancton,Profundidad del disco de secchi,5.900000095,m,,,,INTEGRADA,-1,9/20/2021,0,S2B_MSIL2A_20210920T105639_N0301_R094_T30SXJ_20210920T140829,0.0244,0.0315,0.028,0.0072,0.0085,0.0069,0.0076,0.0063,0.0063,0.0165,0.0087,0.0081,0,10,0,8.499206
JU06150028,-0.2307,40.0116,6/14/2021,Estación punto de presa E. de Sitjar,DETERMINACION FÍSICO-QUÍMICA IN SITU,CLOROFILA A,4.94,µg/L,"4,94",0.029999999,Fluorescencia atómica,DISCRETA,11,6/9/2021,5,S2B_MSIL2A_20210609T104619_N0300_R051_T30TYK_20210609T142200,0.0929,0.1097,0.091,0.0313,0.0262,0.0184,0.0197,0.0186,0.0142,0.0079,0.0185,0.0143,0,6,3,6.369972
JU06150028,-0.2307,40.0116,6/14/2021,Estación punto de presa E. de Sitjar,DETERMINACION FÍSICO-QUÍMICA IN SITU,CLOROFILA A,0,µg/L,"<0,03",0.029999999,Fluorescencia atómica,DISCRETA,0,6/9/2021,5,S2B_MSIL2A_20210609T104619_N0300_R051_T30TYK_20210609T142200,0.0929,0.1097,0.091,0.0313,0.0262,0.0184,0.0197,0.0186,0.0142,0.0079,0.0185,0.0143,0,6,3,6.369972
JU06150028,-0.2307,40.0116,6/14/2021,Estación punto de presa E. de Sitjar,DETERMINACION FÍSICO-QUÍMICA IN SITU,CLOROFILA A,0.85,µg/L,"0,85",0.029999999,Fluorescencia atómica,DISCRETA,2,6/9/2021,5,S2B_MSIL2A_20210609T104619_N0300_R051_T30TYK_20210609T142200,0.0929,0.1097,0.091,0.0313,0.0262,0.0184,0.0197,0.0186,0.0142,0.0079,0.0185,0.0143,0,6,3,6.369972
JU06150028,-0.2307,40.0116,6/14/2021,Estación punto de presa E. de Sitjar,DETERMINACION FÍSICO-QUÍMICA IN SITU,CLOROFILA A,1.74,µg/L,"1,74",0.029999999,Fluorescencia atómica,DISCRETA,4,6/9/2021,5,S2B_MSIL2A_20210609T104619_N0300_R051_T30TYK_20210609T142200,0.0929,0.1097,0.091,0.0313,0.0262,0.0184,0.0197,0.0186,0.0142,0.0079,0.0185,0.0143,0,6,3,6.369972
JU06150028,-0.2307,40.0116,6/14/2021,Estación punto de presa E. de Sitjar,DETERMINACION FÍSICO-QUÍMICA IN SITU,CLOROFILA A,2.21,µg/L,"2,21",0.029999999,Fluorescencia atómica,DISCRETA,6,6/9/2021,5,S2B_MSIL2A_20210609T104619_N0300_R051_T30TYK_20210609T142200,0.0929,0.1097,0.091,0.0313,0.0262,0.0184,0.0197,0.0186,0.0142,0.0079,0.0185,0.0143,0,6,3,6.369972
JU06150028,-0.2307,40.0116,6/14/2021,Estación punto de presa E. de Sitjar,DETERMINACION FÍSICO-QUÍMICA IN SITU,CLOROFILA A,6.07,µg/L,"6,07",0.029999999,Fluorescencia atómica,DISCRETA,15,6/9/2021,5,S2B_MSIL2A_20210609T104619_N0300_R051_T30TYK_20210609T142200,0.0929,0.1097,0.091,0.0313,0.0262,0.0184,0.0197,0.0186,0.0142,0.0079,0.0185,0.0143,0,6,3,6.369972
JU06150028,-0.2307,40.0116,6/14/2021,Estación punto de presa E. de Sitjar,DETERMINACION FÍSICO-QUÍMICA IN SITU,CLOROFILA A,6.32,µg/L,"6,32",0.029999999,Fluorescencia atómica,DISCRETA,18,6/9/2021,5,S2B_MSIL2A_20210609T104619_N0300_R051_T30TYK_20210609T142200,0.0929,0.1097,0.091,0.0313,0.0262,0.0184,0.0197,0.0186,0.0142,0.0079,0.0185,0.0143,0,6,3,6.369972
JU06150028,-0.2307,40.0116,6/14/2021,Estación punto de presa E. de Sitjar,DETERMINACION FÍSICO-QUÍMICA IN SITU,CLOROFILA A,0.46,µg/L,"0,46",0.029999999,Fluorescencia atómica,DISCRETA,1,6/9/2021,5,S2B_MSIL2A_20210609T104619_N0300_R051_T30TYK_20210609T142200,0.0929,0.1097,0.091,0.0313,0.0262,0.0184,0.0197,0.0186,0.0142,0.0079,0.0185,0.0143,0,6,3,6.369972
JU06150028,-0.2307,40.0116,6/14/2021,Estación punto de presa E. de Sitjar,DETERMINACION FÍSICO-QUÍMICA IN SITU,CLOROFILA A,2.15,µg/L,"2,15",0.029999999,Fluorescencia atómica,DISCRETA,5,6/9/2021,5,S2B_MSIL2A_20210609T104619_N0300_R051_T30TYK_20210609T142200,0.0929,0.1097,0.091,0.0313,0.0262,0.0184,0.0197,0.0186,0.0142,0.0079,0.0185,0.0143,0,6,3,6.369972
JU06150028,-0.2307,40.0116,6/14/2021,Estación punto de presa E. de Sitjar,DETERMINACION FÍSICO-QUÍMICA IN SITU,CLOROFILA A,5.67,µg/L,"5,67",0.029999999,Fluorescencia atómica,DISCRETA,12,6/9/2021,5,S2B_MSIL2A_20210609T104619_N0300_R051_T30TYK_20210609T142200,0.0929,0.1097,0.091,0.0313,0.0262,0.0184,0.0197,0.0186,0.0142,0.0079,0.0185,0.0143,0,6,3,6.369972
JU06150028,-0.2307,40.0116,6/14/2021,Estación punto de presa E. de Sitjar,DETERMINACION FÍSICO-QUÍMICA IN SITU,CLOROFILA A,5.88,µg/L,"5,88",0.029999999,Fluorescencia atómica,DISCRETA,13,6/9/2021,5,S2B_MSIL2A_20210609T104619_N0300_R051_T30TYK_20210609T142200,0.0929,0.1097,0.091,0.0313,0.0262,0.0184,0.0197,0.0186,0.0142,0.0079,0.0185,0.0143,0,6,3,6.369972
JU06150028,-0.2307,40.0116,6/14/2021,Estación punto de presa E. de Sitjar,Fitoplancton,CLOROFILA A,0,µg/L,"<1,0",1,Espectofotometría de absorción molecular,INTEGRADA,-1,6/9/2021,5,S2B_MSIL2A_20210609T104619_N0300_R051_T30TYK_20210609T142200,0.0929,0.1097,0.091,0.0313,0.0262,0.0184,0.0197,0.0186,0.0142,0.0079,0.0185,0.0143,0,6,3,6.369972
JU06150028,-0.2307,40.0116,6/14/2021,Estación punto de presa E. de Sitjar,DETERMINACION FÍSICO-QUÍMICA IN SITU,CLOROFILA A,4.88,µg/L,"4,88",0.029999999,Fluorescencia atómica,DISCRETA,10,6/9/2021,5,S2B_MSIL2A_20210609T104619_N0300_R051_T30TYK_20210609T142200,0.0929,0.1097,0.091,0.0313,0.0262,0.0184,0.0197,0.0186,0.0142,0.0079,0.0185,0.0143,0,6,3,6.369972
JU06150028,-0.2307,40.0116,6/14/2021,Estación punto de presa E. de Sitjar,DETERMINACION FÍSICO-QUÍMICA IN SITU,CLOROFILA A,6.83,µg/L,"6,83",0.029999999,Fluorescencia atómica,DISCRETA,14,6/9/2021,5,S2B_MSIL2A_20210609T104619_N0300_R051_T30TYK_20210609T142200,0.0929,0.1097,0.091,0.0313,0.0262,0.0184,0.0197,0.0186,0.0142,0.0079,0.0185,0.0143,0,6,3,6.369972
JU06150028,-0.2307,40.0116,6/14/2021,Estación punto de presa E. de Sitjar,DETERMINACION FÍSICO-QUÍMICA IN SITU,CLOROFILA A,4.78,µg/L,"4,78",0.029999999,Fluorescencia atómica,DISCRETA,20,6/9/2021,5,S2B_MSIL2A_20210609T104619_N0300_R051_T30TYK_20210609T142200,0.0929,0.1097,0.091,0.0313,0.0262,0.0184,0.0197,0.0186,0.0142,0.0079,0.0185,0.0143,0,6,3,6.369972
JU06150028,-0.2307,40.0116,6/14/2021,Estación punto de presa E. de Sitjar,DETERMINACION FÍSICO-QUÍMICA IN SITU,CLOROFILA A,3.28,µg/L,"3,28",0.029999999,Fluorescencia atómica,DISCRETA,8,6/9/2021,5,S2B_MSIL2A_20210609T104619_N0300_R051_T30TYK_20210609T142200,0.0929,0.1097,0.091,0.0313,0.0262,0.0184,0.0197,0.0186,0.0142,0.0079,0.0185,0.0143,0,6,3,6.369972
JU06150028,-0.2307,40.0116,6/14/2021,Estación punto de presa E. de Sitjar,DETERMINACION FÍSICO-QUÍMICA IN SITU,CLOROFILA A,6.58,µg/L,"6,58",0.029999999,Fluorescencia atómica,DISCRETA,16,6/9/2021,5,S2B_MSIL2A_20210609T104619_N0300_R051_T30TYK_20210609T142200,0.0929,0.1097,0.091,0.0313,0.0262,0.0184,0.0197,0.0186,0.0142,0.0079,0.0185,0.0143,0,6,3,6.369972
JU06150028,-0.2307,40.0116,6/14/2021,Estación punto de presa E. de Sitjar,DETERMINACION FÍSICO-QUÍMICA IN SITU,CLOROFILA A,5.37,µg/L,"5,37",0.029999999,Fluorescencia atómica,DISCRETA,19,6/9/2021,5,S2B_MSIL2A_20210609T104619_N0300_R051_T30TYK_20210609T142200,0.0929,0.1097,0.091,0.0313,0.0262,0.0184,0.0197,0.0186,0.0142,0.0079,0.0185,0.0143,0,6,3,6.369972
JU06150028,-0.2307,40.0116,6/14/2021,Estación punto de presa E. de Sitjar,DETERMINACION FÍSICO-QUÍMICA IN SITU,CLOROFILA A,1.22,µg/L,"1,22",0.029999999,Fluorescencia atómica,DISCRETA,3,6/9/2021,5,S2B_MSIL2A_20210609T104619_N0300_R051_T30TYK_20210609T142200,0.0929,0.1097,0.091,0.0313,0.0262,0.0184,0.0197,0.0186,0.0142,0.0079,0.0185,0.0143,0,6,3,6.369972
JU06150028,-0.2307,40.0116,6/14/2021,Estación punto de presa E. de Sitjar,DETERMINACION FÍSICO-QUÍMICA IN SITU,CLOROFILA A,3.84,µg/L,"3,84",0.029999999,Fluorescencia atómica,DISCRETA,9,6/9/2021,5,S2B_MSIL2A_20210609T104619_N0300_R051_T30TYK_20210609T142200,0.0929,0.1097,0.091,0.0313,0.0262,0.0184,0.0197,0.0186,0.0142,0.0079,0.0185,0.0143,0,6,3,6.369972
JU06150028,-0.2307,40.0116,6/14/2021,Estación punto de presa E. de Sitjar,TOMA DE MUESTRAS PARA LABORATORIO,SOLIDOS EN SUSPENSION,2.8,mg/L,"2,8",2,Gravimetría,INTEGRADA,-1,6/9/2021,5,S2B_MSIL2A_20210609T104619_N0300_R051_T30TYK_20210609T142200,0.0929,0.1097,0.091,0.0313,0.0262,0.0184,0.0197,0.0186,0.0142,0.0079,0.0185,0.0143,0,6,3,6.369972
JU06150028,-0.2307,40.0116,6/14/2021,Estación punto de presa E. de Sitjar,DETERMINACION FÍSICO-QUÍMICA IN SITU,CLOROFILA A,6.25,µg/L,"6,25",0.029999999,Fluorescencia atómica,DISCRETA,17,6/9/2021,5,S2B_MSIL2A_20210609T104619_N0300_R051_T30TYK_20210609T142200,0.0929,0.1097,0.091,0.0313,0.0262,0.0184,0.0197,0.0186,0.0142,0.0079,0.0185,0.0143,0,6,3,6.369972
JU06150028,-0.2307,40.0116,6/14/2021,Estación punto de presa E. de Sitjar,DETERMINACION FÍSICO-QUÍMICA IN SITU,CLOROFILA A,2.44,µg/L,"2,44",0.029999999,Fluorescencia atómica,DISCRETA,7,6/9/2021,5,S2B_MSIL2A_20210609T104619_N0300_R051_T30TYK_20210609T142200,0.0929,0.1097,0.091,0.0313,0.0262,0.0184,0.0197,0.0186,0.0142,0.0079,0.0185,0.0143,0,6,3,6.369972
JU06150028,-0.2307,40.0116,6/14/2021,Estación punto de presa E. de Sitjar,TOMA DE MUESTRAS PARA LABORATORIO,FOSFORO TOTAL,0,mg P/l,"<0,02",0.02,Espectofotometría de absorción molecular,INTEGRADA,-1,6/9/2021,5,S2B_MSIL2A_20210609T104619_N0300_R051_T30TYK_20210609T142200,0.0929,0.1097,0.091,0.0313,0.0262,0.0184,0.0197,0.0186,0.0142,0.0079,0.0185,0.0143,0,6,3,6.369972
JU06150028,-0.2307,40.0116,6/14/2021,Estación punto de presa E. de Sitjar,DETERMINACION FÍSICO-QUÍMICA IN SITU,Profundidad del disco de secchi,3,m,,,,INTEGRADA,-1,6/9/2021,5,S2B_MSIL2A_20210609T104619_N0300_R051_T30TYK_20210609T142200,0.0929,0.1097,0.091,0.0313,0.0262,0.0184,0.0197,0.0186,0.0142,0.0079,0.0185,0.0143,0,6,3,6.369972
JU06150028,-0.2307,40.0116,6/14/2021,Estación punto de presa E. de Sitjar,Fitoplancton,Profundidad del disco de secchi,3,m,,,,INTEGRADA,-1,6/9/2021,5,S2B_MSIL2A_20210609T104619_N0300_R051_T30TYK_20210609T142200,0.0929,0.1097,0.091,0.0313,0.0262,0.0184,0.0197,0.0186,0.0142,0.0079,0.0185,0.0143,0,6,3,6.369972
JU06160014,-0.164,40.0293,6/8/2021,Estación punto de presa E. de María Cristina,DETERMINACION FÍSICO-QUÍMICA IN SITU,CLOROFILA A,23.39,µg/L,"23,39",0.029999999,Fluorescencia atómica,DISCRETA,0,6/9/2021,1,S2B_MSIL2A_20210609T104619_N0300_R051_T30TYK_20210609T142200,0.0805,0.1051,0.1397,0.0702,0.056,0.0346,0.0342,0.0346,0.03,0.0219,0.042,0.0377,0,6,3,6.369972
JU06160014,-0.164,40.0293,6/8/2021,Estación punto de presa E. de María Cristina,DETERMINACION FÍSICO-QUÍMICA IN SITU,CLOROFILA A,31.45,µg/L,"31,45",0.029999999,Fluorescencia atómica,DISCRETA,0.5,6/9/2021,1,S2B_MSIL2A_20210609T104619_N0300_R051_T30TYK_20210609T142200,0.0805,0.1051,0.1397,0.0702,0.056,0.0346,0.0342,0.0346,0.03,0.0219,0.042,0.0377,0,6,3,6.369972
JU06160014,-0.164,40.0293,6/8/2021,Estación punto de presa E. de María Cristina,DETERMINACION FÍSICO-QUÍMICA IN SITU,CLOROFILA A,25.95,µg/L,"25,95",0.029999999,Fluorescencia atómica,DISCRETA,5,6/9/2021,1,S2B_MSIL2A_20210609T104619_N0300_R051_T30TYK_20210609T142200,0.0805,0.1051,0.1397,0.0702,0.056,0.0346,0.0342,0.0346,0.03,0.0219,0.042,0.0377,0,6,3,6.369972
JU06160014,-0.164,40.0293,6/8/2021,Estación punto de presa E. de María Cristina,DETERMINACION FÍSICO-QUÍMICA IN SITU,CLOROFILA A,38.85,µg/L,"38,85",0.029999999,Fluorescencia atómica,DISCRETA,1,6/9/2021,1,S2B_MSIL2A_20210609T104619_N0300_R051_T30TYK_20210609T142200,0.0805,0.1051,0.1397,0.0702,0.056,0.0346,0.0342,0.0346,0.03,0.0219,0.042,0.0377,0,6,3,6.369972
JU06160014,-0.164,40.0293,6/8/2021,Estación punto de presa E. de María Cristina,DETERMINACION FÍSICO-QUÍMICA IN SITU,CLOROFILA A,42,µg/L,42,0.029999999,Fluorescencia atómica,DISCRETA,3,6/9/2021,1,S2B_MSIL2A_20210609T104619_N0300_R051_T30TYK_20210609T142200,0.0805,0.1051,0.1397,0.0702,0.056,0.0346,0.0342,0.0346,0.03,0.0219,0.042,0.0377,0,6,3,6.369972
JU06160014,-0.164,40.0293,6/8/2021,Estación punto de presa E. de María Cristina,DETERMINACION FÍSICO-QUÍMICA IN SITU,CLOROFILA A,59.05,µg/L,"59,05",0.029999999,Fluorescencia atómica,DISCRETA,4.5,6/9/2021,1,S2B_MSIL2A_20210609T104619_N0300_R051_T30TYK_20210609T142200,0.0805,0.1051,0.1397,0.0702,0.056,0.0346,0.0342,0.0346,0.03,0.0219,0.042,0.0377,0,6,3,6.369972
JU06160014,-0.164,40.0293,6/8/2021,Estación punto de presa E. de María Cristina,TOMA DE MUESTRAS PARA LABORATORIO,SOLIDOS EN SUSPENSION,9.4,mg/L,"9,4",2,Gravimetría,INTEGRADA,-1,6/9/2021,1,S2B_MSIL2A_20210609T104619_N0300_R051_T30TYK_20210609T142200,0.0805,0.1051,0.1397,0.0702,0.056,0.0346,0.0342,0.0346,0.03,0.0219,0.042,0.0377,0,6,3,6.369972
JU06160014,-0.164,40.0293,6/8/2021,Estación punto de presa E. de María Cristina,DETERMINACION FÍSICO-QUÍMICA IN SITU,CLOROFILA A,41.14,µg/L,"41,14",0.029999999,Fluorescencia atómica,DISCRETA,2,6/9/2021,1,S2B_MSIL2A_20210609T104619_N0300_R051_T30TYK_20210609T142200,0.0805,0.1051,0.1397,0.0702,0.056,0.0346,0.0342,0.0346,0.03,0.0219,0.042,0.0377,0,6,3,6.369972
JU06160014,-0.164,40.0293,6/8/2021,Estación punto de presa E. de María Cristina,DETERMINACION FÍSICO-QUÍMICA IN SITU,CLOROFILA A,50.4,µg/L,"50,4",0.029999999,Fluorescencia atómica,DISCRETA,3.5,6/9/2021,1,S2B_MSIL2A_20210609T104619_N0300_R051_T30TYK_20210609T142200,0.0805,0.1051,0.1397,0.0702,0.056,0.0346,0.0342,0.0346,0.03,0.0219,0.042,0.0377,0,6,3,6.369972
JU06160014,-0.164,40.0293,6/8/2021,Estación punto de presa E. de María Cristina,DETERMINACION FÍSICO-QUÍMICA IN SITU,CLOROFILA A,29.08,µg/L,"29,08",0.029999999,Fluorescencia atómica,DISCRETA,4,6/9/2021,1,S2B_MSIL2A_20210609T104619_N0300_R051_T30TYK_20210609T142200,0.0805,0.1051,0.1397,0.0702,0.056,0.0346,0.0342,0.0346,0.03,0.0219,0.042,0.0377,0,6,3,6.369972
JU06160014,-0.164,40.0293,6/8/2021,Estación punto de presa E. de María Cristina,DETERMINACION FÍSICO-QUÍMICA IN SITU,CLOROFILA A,21.76,µg/L,"21,76",0.029999999,Fluorescencia atómica,DISCRETA,6,6/9/2021,1,S2B_MSIL2A_20210609T104619_N0300_R051_T30TYK_20210609T142200,0.0805,0.1051,0.1397,0.0702,0.056,0.0346,0.0342,0.0346,0.03,0.0219,0.042,0.0377,0,6,3,6.369972
JU06160014,-0.164,40.0293,6/8/2021,Estación punto de presa E. de María Cristina,Fitoplancton,CLOROFILA A,0,µg/L,"<1,0",1,Espectofotometría de absorción molecular,INTEGRADA,-1,6/9/2021,1,S2B_MSIL2A_20210609T104619_N0300_R051_T30TYK_20210609T142200,0.0805,0.1051,0.1397,0.0702,0.056,0.0346,0.0342,0.0346,0.03,0.0219,0.042,0.0377,0,6,3,6.369972
JU06160014,-0.164,40.0293,6/8/2021,Estación punto de presa E. de María Cristina,DETERMINACION FÍSICO-QUÍMICA IN SITU,CLOROFILA A,38.87,µg/L,"38,87",0.029999999,Fluorescencia atómica,DISCRETA,1.5,6/9/2021,1,S2B_MSIL2A_20210609T104619_N0300_R051_T30TYK_20210609T142200,0.0805,0.1051,0.1397,0.0702,0.056,0.0346,0.0342,0.0346,0.03,0.0219,0.042,0.0377,0,6,3,6.369972
JU06160014,-0.164,40.0293,6/8/2021,Estación punto de presa E. de María Cristina,DETERMINACION FÍSICO-QUÍMICA IN SITU,CLOROFILA A,42.82,µg/L,"42,82",0.029999999,Fluorescencia atómica,DISCRETA,2.5,6/9/2021,1,S2B_MSIL2A_20210609T104619_N0300_R051_T30TYK_20210609T142200,0.0805,0.1051,0.1397,0.0702,0.056,0.0346,0.0342,0.0346,0.03,0.0219,0.042,0.0377,0,6,3,6.369972
JU06160014,-0.164,40.0293,6/8/2021,Estación punto de presa E. de María Cristina,DETERMINACION FÍSICO-QUÍMICA IN SITU,CLOROFILA A,17.91,µg/L,"17,91",0.029999999,Fluorescencia atómica,DISCRETA,5.5,6/9/2021,1,S2B_MSIL2A_20210609T104619_N0300_R051_T30TYK_20210609T142200,0.0805,0.1051,0.1397,0.0702,0.056,0.0346,0.0342,0.0346,0.03,0.0219,0.042,0.0377,0,6,3,6.369972
JU06160014,-0.164,40.0293,6/8/2021,Estación punto de presa E. de María Cristina,TOMA DE MUESTRAS PARA LABORATORIO,FOSFORO TOTAL,0.062,mg P/l,"0,062",0.02,Espectofotometría de absorción molecular,INTEGRADA,-1,6/9/2021,1,S2B_MSIL2A_20210609T104619_N0300_R051_T30TYK_20210609T142200,0.0805,0.1051,0.1397,0.0702,0.056,0.0346,0.0342,0.0346,0.03,0.0219,0.042,0.0377,0,6,3,6.369972
JU06160014,-0.164,40.0293,6/8/2021,Estación punto de presa E. de María Cristina,DETERMINACION FÍSICO-QUÍMICA IN SITU,Profundidad del disco de secchi,1.100000024,m,,,,INTEGRADA,-1,6/9/2021,1,S2B_MSIL2A_20210609T104619_N0300_R051_T30TYK_20210609T142200,0.0805,0.1051,0.1397,0.0702,0.056,0.0346,0.0342,0.0346,0.03,0.0219,0.042,0.0377,0,6,3,6.369972
JU06160014,-0.164,40.0293,6/8/2021,Estación punto de presa E. de María Cristina,Fitoplancton,Profundidad del disco de secchi,1.100000024,m,,,,INTEGRADA,-1,6/9/2021,1,S2B_MSIL2A_20210609T104619_N0300_R051_T30TYK_20210609T142200,0.0805,0.1051,0.1397,0.0702,0.056,0.0346,0.0342,0.0346,0.03,0.0219,0.042,0.0377,0,6,3,6.369972
JU06660017,-1.0992,39.7301,6/7/2021,Estación punto de presa E. de Benagéber,DETERMINACION FÍSICO-QUÍMICA IN SITU,CLOROFILA A,13.72,µg/L,"13,72",0.029999999,Fluorescencia atómica,DISCRETA,16,6/9/2021,2,S2B_MSIL2A_20210609T104619_N0300_R051_T30SXJ_20210609T142200,0.0425,0.0494,0.0483,0.0206,0.0195,0.0121,0.0136,0.0111,0.012,0.012,0.0167,0.0159,0,6,1,0.172292
JU06660017,-1.0992,39.7301,6/7/2021,Estación punto de presa E. de Benagéber,DETERMINACION FÍSICO-QUÍMICA IN SITU,CLOROFILA A,14.75,µg/L,"14,75",0.029999999,Fluorescencia atómica,DISCRETA,18,6/9/2021,2,S2B_MSIL2A_20210609T104619_N0300_R051_T30SXJ_20210609T142200,0.0425,0.0494,0.0483,0.0206,0.0195,0.0121,0.0136,0.0111,0.012,0.012,0.0167,0.0159,0,6,1,0.172292
JU06660017,-1.0992,39.7301,6/7/2021,Estación punto de presa E. de Benagéber,DETERMINACION FÍSICO-QUÍMICA IN SITU,CLOROFILA A,3.99,µg/L,"3,99",0.029999999,Fluorescencia atómica,DISCRETA,35,6/9/2021,2,S2B_MSIL2A_20210609T104619_N0300_R051_T30SXJ_20210609T142200,0.0425,0.0494,0.0483,0.0206,0.0195,0.0121,0.0136,0.0111,0.012,0.012,0.0167,0.0159,0,6,1,0.172292
JU06660017,-1.0992,39.7301,6/7/2021,Estación punto de presa E. de Benagéber,DETERMINACION FÍSICO-QUÍMICA IN SITU,CLOROFILA A,3.27,µg/L,"3,27",0.029999999,Fluorescencia atómica,DISCRETA,38,6/9/2021,2,S2B_MSIL2A_20210609T104619_N0300_R051_T30SXJ_20210609T142200,0.0425,0.0494,0.0483,0.0206,0.0195,0.0121,0.0136,0.0111,0.012,0.012,0.0167,0.0159,0,6,1,0.172292
JU06660017,-1.0992,39.7301,6/7/2021,Estación punto de presa E. de Benagéber,DETERMINACION FÍSICO-QUÍMICA IN SITU,CLOROFILA A,3.79,µg/L,"3,79",0.029999999,Fluorescencia atómica,DISCRETA,39,6/9/2021,2,S2B_MSIL2A_20210609T104619_N0300_R051_T30SXJ_20210609T142200,0.0425,0.0494,0.0483,0.0206,0.0195,0.0121,0.0136,0.0111,0.012,0.012,0.0167,0.0159,0,6,1,0.172292
JU06660017,-1.0992,39.7301,6/7/2021,Estación punto de presa E. de Benagéber,DETERMINACION FÍSICO-QUÍMICA IN SITU,CLOROFILA A,3.58,µg/L,"3,58",0.029999999,Fluorescencia atómica,DISCRETA,40,6/9/2021,2,S2B_MSIL2A_20210609T104619_N0300_R051_T30SXJ_20210609T142200,0.0425,0.0494,0.0483,0.0206,0.0195,0.0121,0.0136,0.0111,0.012,0.012,0.0167,0.0159,0,6,1,0.172292
JU06660017,-1.0992,39.7301,6/7/2021,Estación punto de presa E. de Benagéber,DETERMINACION FÍSICO-QUÍMICA IN SITU,CLOROFILA A,3.12,µg/L,"3,12",0.029999999,Fluorescencia atómica,DISCRETA,42,6/9/2021,2,S2B_MSIL2A_20210609T104619_N0300_R051_T30SXJ_20210609T142200,0.0425,0.0494,0.0483,0.0206,0.0195,0.0121,0.0136,0.0111,0.012,0.012,0.0167,0.0159,0,6,1,0.172292
JU06660017,-1.0992,39.7301,6/7/2021,Estación punto de presa E. de Benagéber,DETERMINACION FÍSICO-QUÍMICA IN SITU,CLOROFILA A,3.32,µg/L,"3,32",0.029999999,Fluorescencia atómica,DISCRETA,46,6/9/2021,2,S2B_MSIL2A_20210609T104619_N0300_R051_T30SXJ_20210609T142200,0.0425,0.0494,0.0483,0.0206,0.0195,0.0121,0.0136,0.0111,0.012,0.012,0.0167,0.0159,0,6,1,0.172292
JU06660017,-1.0992,39.7301,6/7/2021,Estación punto de presa E. de Benagéber,DETERMINACION FÍSICO-QUÍMICA IN SITU,CLOROFILA A,5.56,µg/L,"5,56",0.029999999,Fluorescencia atómica,DISCRETA,4,6/9/2021,2,S2B_MSIL2A_20210609T104619_N0300_R051_T30SXJ_20210609T142200,0.0425,0.0494,0.0483,0.0206,0.0195,0.0121,0.0136,0.0111,0.012,0.012,0.0167,0.0159,0,6,1,0.172292
JU06660017,-1.0992,39.7301,6/7/2021,Estación punto de presa E. de Benagéber,DETERMINACION FÍSICO-QUÍMICA IN SITU,CLOROFILA A,2.58,µg/L,"2,58",0.029999999,Fluorescencia atómica,DISCRETA,52,6/9/2021,2,S2B_MSIL2A_20210609T104619_N0300_R051_T30SXJ_20210609T142200,0.0425,0.0494,0.0483,0.0206,0.0195,0.0121,0.0136,0.0111,0.012,0.012,0.0167,0.0159,0,6,1,0.172292
JU06660017,-1.0992,39.7301,6/7/2021,Estación punto de presa E. de Benagéber,DETERMINACION FÍSICO-QUÍMICA IN SITU,CLOROFILA A,1.72,µg/L,"1,72",0.029999999,Fluorescencia atómica,DISCRETA,60,6/9/2021,2,S2B_MSIL2A_20210609T104619_N0300_R051_T30SXJ_20210609T142200,0.0425,0.0494,0.0483,0.0206,0.0195,0.0121,0.0136,0.0111,0.012,0.012,0.0167,0.0159,0,6,1,0.172292
JU06660017,-1.0992,39.7301,6/7/2021,Estación punto de presa E. de Benagéber,DETERMINACION FÍSICO-QUÍMICA IN SITU,CLOROFILA A,1.96,µg/L,"1,96",0.029999999,Fluorescencia atómica,DISCRETA,61,6/9/2021,2,S2B_MSIL2A_20210609T104619_N0300_R051_T30SXJ_20210609T142200,0.0425,0.0494,0.0483,0.0206,0.0195,0.0121,0.0136,0.0111,0.012,0.012,0.0167,0.0159,0,6,1,0.172292
JU06660017,-1.0992,39.7301,6/7/2021,Estación punto de presa E. de Benagéber,DETERMINACION FÍSICO-QUÍMICA IN SITU,CLOROFILA A,8.3,µg/L,"8,3",0.029999999,Fluorescencia atómica,DISCRETA,7,6/9/2021,2,S2B_MSIL2A_20210609T104619_N0300_R051_T30SXJ_20210609T142200,0.0425,0.0494,0.0483,0.0206,0.0195,0.0121,0.0136,0.0111,0.012,0.012,0.0167,0.0159,0,6,1,0.172292
JU06660017,-1.0992,39.7301,6/7/2021,Estación punto de presa E. de Benagéber,DETERMINACION FÍSICO-QUÍMICA IN SITU,CLOROFILA A,13.31,µg/L,"13,31",0.029999999,Fluorescencia atómica,DISCRETA,13,6/9/2021,2,S2B_MSIL2A_20210609T104619_N0300_R051_T30SXJ_20210609T142200,0.0425,0.0494,0.0483,0.0206,0.0195,0.0121,0.0136,0.0111,0.012,0.012,0.0167,0.0159,0,6,1,0.172292
JU06660017,-1.0992,39.7301,6/7/2021,Estación punto de presa E. de Benagéber,DETERMINACION FÍSICO-QUÍMICA IN SITU,CLOROFILA A,15.82,µg/L,"15,82",0.029999999,Fluorescencia atómica,DISCRETA,19,6/9/2021,2,S2B_MSIL2A_20210609T104619_N0300_R051_T30SXJ_20210609T142200,0.0425,0.0494,0.0483,0.0206,0.0195,0.0121,0.0136,0.0111,0.012,0.012,0.0167,0.0159,0,6,1,0.172292
JU06660017,-1.0992,39.7301,6/7/2021,Estación punto de presa E. de Benagéber,DETERMINACION FÍSICO-QUÍMICA IN SITU,CLOROFILA A,10.13,µg/L,"10,13",0.029999999,Fluorescencia atómica,DISCRETA,23,6/9/2021,2,S2B_MSIL2A_20210609T104619_N0300_R051_T30SXJ_20210609T142200,0.0425,0.0494,0.0483,0.0206,0.0195,0.0121,0.0136,0.0111,0.012,0.012,0.0167,0.0159,0,6,1,0.172292
JU06660017,-1.0992,39.7301,6/7/2021,Estación punto de presa E. de Benagéber,DETERMINACION FÍSICO-QUÍMICA IN SITU,CLOROFILA A,15.82,µg/L,"15,82",0.029999999,Fluorescencia atómica,DISCRETA,25,6/9/2021,2,S2B_MSIL2A_20210609T104619_N0300_R051_T30SXJ_20210609T142200,0.0425,0.0494,0.0483,0.0206,0.0195,0.0121,0.0136,0.0111,0.012,0.012,0.0167,0.0159,0,6,1,0.172292
JU06660017,-1.0992,39.7301,6/7/2021,Estación punto de presa E. de Benagéber,DETERMINACION FÍSICO-QUÍMICA IN SITU,CLOROFILA A,4.98,µg/L,"4,98",0.029999999,Fluorescencia atómica,DISCRETA,33,6/9/2021,2,S2B_MSIL2A_20210609T104619_N0300_R051_T30SXJ_20210609T142200,0.0425,0.0494,0.0483,0.0206,0.0195,0.0121,0.0136,0.0111,0.012,0.012,0.0167,0.0159,0,6,1,0.172292
JU06660017,-1.0992,39.7301,6/7/2021,Estación punto de presa E. de Benagéber,DETERMINACION FÍSICO-QUÍMICA IN SITU,CLOROFILA A,1.93,µg/L,"1,93",0.029999999,Fluorescencia atómica,DISCRETA,56,6/9/2021,2,S2B_MSIL2A_20210609T104619_N0300_R051_T30SXJ_20210609T142200,0.0425,0.0494,0.0483,0.0206,0.0195,0.0121,0.0136,0.0111,0.012,0.012,0.0167,0.0159,0,6,1,0.172292
JU06660017,-1.0992,39.7301,6/7/2021,Estación punto de presa E. de Benagéber,DETERMINACION FÍSICO-QUÍMICA IN SITU,CLOROFILA A,1.6,µg/L,"1,6",0.029999999,Fluorescencia atómica,DISCRETA,59,6/9/2021,2,S2B_MSIL2A_20210609T104619_N0300_R051_T30SXJ_20210609T142200,0.0425,0.0494,0.0483,0.0206,0.0195,0.0121,0.0136,0.0111,0.012,0.012,0.0167,0.0159,0,6,1,0.172292
JU06660017,-1.0992,39.7301,6/7/2021,Estación punto de presa E. de Benagéber,DETERMINACION FÍSICO-QUÍMICA IN SITU,CLOROFILA A,7.04,µg/L,"7,04",0.029999999,Fluorescencia atómica,DISCRETA,6,6/9/2021,2,S2B_MSIL2A_20210609T104619_N0300_R051_T30SXJ_20210609T142200,0.0425,0.0494,0.0483,0.0206,0.0195,0.0121,0.0136,0.0111,0.012,0.012,0.0167,0.0159,0,6,1,0.172292
JU06660017,-1.0992,39.7301,6/7/2021,Estación punto de presa E. de Benagéber,DETERMINACION FÍSICO-QUÍMICA IN SITU,CLOROFILA A,3.68,µg/L,"3,68",0.029999999,Fluorescencia atómica,DISCRETA,36,6/9/2021,2,S2B_MSIL2A_20210609T104619_N0300_R051_T30SXJ_20210609T142200,0.0425,0.0494,0.0483,0.0206,0.0195,0.0121,0.0136,0.0111,0.012,0.012,0.0167,0.0159,0,6,1,0.172292
JU06660017,-1.0992,39.7301,6/7/2021,Estación punto de presa E. de Benagéber,DETERMINACION FÍSICO-QUÍMICA IN SITU,CLOROFILA A,2.53,µg/L,"2,53",0.029999999,Fluorescencia atómica,DISCRETA,49,6/9/2021,2,S2B_MSIL2A_20210609T104619_N0300_R051_T30SXJ_20210609T142200,0.0425,0.0494,0.0483,0.0206,0.0195,0.0121,0.0136,0.0111,0.012,0.012,0.0167,0.0159,0,6,1,0.172292
JU06660017,-1.0992,39.7301,6/7/2021,Estación punto de presa E. de Benagéber,DETERMINACION FÍSICO-QUÍMICA IN SITU,CLOROFILA A,1.99,µg/L,"1,99",0.029999999,Fluorescencia atómica,DISCRETA,55,6/9/2021,2,S2B_MSIL2A_20210609T104619_N0300_R051_T30SXJ_20210609T142200,0.0425,0.0494,0.0483,0.0206,0.0195,0.0121,0.0136,0.0111,0.012,0.012,0.0167,0.0159,0,6,1,0.172292
JU06660017,-1.0992,39.7301,6/7/2021,Estación punto de presa E. de Benagéber,DETERMINACION FÍSICO-QUÍMICA IN SITU,CLOROFILA A,6.84,µg/L,"6,84",0.029999999,Fluorescencia atómica,DISCRETA,5,6/9/2021,2,S2B_MSIL2A_20210609T104619_N0300_R051_T30SXJ_20210609T142200,0.0425,0.0494,0.0483,0.0206,0.0195,0.0121,0.0136,0.0111,0.012,0.012,0.0167,0.0159,0,6,1,0.172292
JU06660017,-1.0992,39.7301,6/7/2021,Estación punto de presa E. de Benagéber,DETERMINACION FÍSICO-QUÍMICA IN SITU,CLOROFILA A,8.14,µg/L,"8,14",0.029999999,Fluorescencia atómica,DISCRETA,10,6/9/2021,2,S2B_MSIL2A_20210609T104619_N0300_R051_T30SXJ_20210609T142200,0.0425,0.0494,0.0483,0.0206,0.0195,0.0121,0.0136,0.0111,0.012,0.012,0.0167,0.0159,0,6,1,0.172292
JU06660017,-1.0992,39.7301,6/7/2021,Estación punto de presa E. de Benagéber,DETERMINACION FÍSICO-QUÍMICA IN SITU,CLOROFILA A,14.12,µg/L,"14,12",0.029999999,Fluorescencia atómica,DISCRETA,12,6/9/2021,2,S2B_MSIL2A_20210609T104619_N0300_R051_T30SXJ_20210609T142200,0.0425,0.0494,0.0483,0.0206,0.0195,0.0121,0.0136,0.0111,0.012,0.012,0.0167,0.0159,0,6,1,0.172292
JU06660017,-1.0992,39.7301,6/7/2021,Estación punto de presa E. de Benagéber,DETERMINACION FÍSICO-QUÍMICA IN SITU,CLOROFILA A,12.82,µg/L,"12,82",0.029999999,Fluorescencia atómica,DISCRETA,20,6/9/2021,2,S2B_MSIL2A_20210609T104619_N0300_R051_T30SXJ_20210609T142200,0.0425,0.0494,0.0483,0.0206,0.0195,0.0121,0.0136,0.0111,0.012,0.012,0.0167,0.0159,0,6,1,0.172292
JU06660017,-1.0992,39.7301,6/7/2021,Estación punto de presa E. de Benagéber,DETERMINACION FÍSICO-QUÍMICA IN SITU,CLOROFILA A,12.82,µg/L,"12,82",0.029999999,Fluorescencia atómica,DISCRETA,26,6/9/2021,2,S2B_MSIL2A_20210609T104619_N0300_R051_T30SXJ_20210609T142200,0.0425,0.0494,0.0483,0.0206,0.0195,0.0121,0.0136,0.0111,0.012,0.012,0.0167,0.0159,0,6,1,0.172292
JU06660017,-1.0992,39.7301,6/7/2021,Estación punto de presa E. de Benagéber,DETERMINACION FÍSICO-QUÍMICA IN SITU,CLOROFILA A,4.41,µg/L,"4,41",0.029999999,Fluorescencia atómica,DISCRETA,34,6/9/2021,2,S2B_MSIL2A_20210609T104619_N0300_R051_T30SXJ_20210609T142200,0.0425,0.0494,0.0483,0.0206,0.0195,0.0121,0.0136,0.0111,0.012,0.012,0.0167,0.0159,0,6,1,0.172292
JU06660017,-1.0992,39.7301,6/7/2021,Estación punto de presa E. de Benagéber,DETERMINACION FÍSICO-QUÍMICA IN SITU,CLOROFILA A,3.6,µg/L,"3,6",0.029999999,Fluorescencia atómica,DISCRETA,37,6/9/2021,2,S2B_MSIL2A_20210609T104619_N0300_R051_T30SXJ_20210609T142200,0.0425,0.0494,0.0483,0.0206,0.0195,0.0121,0.0136,0.0111,0.012,0.012,0.0167,0.0159,0,6,1,0.172292
JU06660017,-1.0992,39.7301,6/7/2021,Estación punto de presa E. de Benagéber,DETERMINACION FÍSICO-QUÍMICA IN SITU,CLOROFILA A,3.49,µg/L,"3,49",0.029999999,Fluorescencia atómica,DISCRETA,43,6/9/2021,2,S2B_MSIL2A_20210609T104619_N0300_R051_T30SXJ_20210609T142200,0.0425,0.0494,0.0483,0.0206,0.0195,0.0121,0.0136,0.0111,0.012,0.012,0.0167,0.0159,0,6,1,0.172292
JU06660017,-1.0992,39.7301,6/7/2021,Estación punto de presa E. de Benagéber,DETERMINACION FÍSICO-QUÍMICA IN SITU,CLOROFILA A,2.27,µg/L,"2,27",0.029999999,Fluorescencia atómica,DISCRETA,50,6/9/2021,2,S2B_MSIL2A_20210609T104619_N0300_R051_T30SXJ_20210609T142200,0.0425,0.0494,0.0483,0.0206,0.0195,0.0121,0.0136,0.0111,0.012,0.012,0.0167,0.0159,0,6,1,0.172292
JU06660017,-1.0992,39.7301,6/7/2021,Estación punto de presa E. de Benagéber,DETERMINACION FÍSICO-QUÍMICA IN SITU,CLOROFILA A,2.19,µg/L,"2,19",0.029999999,Fluorescencia atómica,DISCRETA,51,6/9/2021,2,S2B_MSIL2A_20210609T104619_N0300_R051_T30SXJ_20210609T142200,0.0425,0.0494,0.0483,0.0206,0.0195,0.0121,0.0136,0.0111,0.012,0.012,0.0167,0.0159,0,6,1,0.172292
JU06660017,-1.0992,39.7301,6/7/2021,Estación punto de presa E. de Benagéber,DETERMINACION FÍSICO-QUÍMICA IN SITU,CLOROFILA A,1.5,µg/L,"1,5",0.029999999,Fluorescencia atómica,DISCRETA,57,6/9/2021,2,S2B_MSIL2A_20210609T104619_N0300_R051_T30SXJ_20210609T142200,0.0425,0.0494,0.0483,0.0206,0.0195,0.0121,0.0136,0.0111,0.012,0.012,0.0167,0.0159,0,6,1,0.172292
JU06660017,-1.0992,39.7301,6/7/2021,Estación punto de presa E. de Benagéber,DETERMINACION FÍSICO-QUÍMICA IN SITU,CLOROFILA A,8.3,µg/L,"8,3",0.029999999,Fluorescencia atómica,DISCRETA,9,6/9/2021,2,S2B_MSIL2A_20210609T104619_N0300_R051_T30SXJ_20210609T142200,0.0425,0.0494,0.0483,0.0206,0.0195,0.0121,0.0136,0.0111,0.012,0.012,0.0167,0.0159,0,6,1,0.172292
JU06660017,-1.0992,39.7301,6/7/2021,Estación punto de presa E. de Benagéber,DETERMINACION FÍSICO-QUÍMICA IN SITU,CLOROFILA A,3.08,µg/L,"3,08",0.029999999,Fluorescencia atómica,DISCRETA,0,6/9/2021,2,S2B_MSIL2A_20210609T104619_N0300_R051_T30SXJ_20210609T142200,0.0425,0.0494,0.0483,0.0206,0.0195,0.0121,0.0136,0.0111,0.012,0.012,0.0167,0.0159,0,6,1,0.172292
JU06660017,-1.0992,39.7301,6/7/2021,Estación punto de presa E. de Benagéber,DETERMINACION FÍSICO-QUÍMICA IN SITU,CLOROFILA A,11.34,µg/L,"11,34",0.029999999,Fluorescencia atómica,DISCRETA,28,6/9/2021,2,S2B_MSIL2A_20210609T104619_N0300_R051_T30SXJ_20210609T142200,0.0425,0.0494,0.0483,0.0206,0.0195,0.0121,0.0136,0.0111,0.012,0.012,0.0167,0.0159,0,6,1,0.172292
JU06660017,-1.0992,39.7301,6/7/2021,Estación punto de presa E. de Benagéber,DETERMINACION FÍSICO-QUÍMICA IN SITU,CLOROFILA A,4.98,µg/L,"4,98",0.029999999,Fluorescencia atómica,DISCRETA,32,6/9/2021,2,S2B_MSIL2A_20210609T104619_N0300_R051_T30SXJ_20210609T142200,0.0425,0.0494,0.0483,0.0206,0.0195,0.0121,0.0136,0.0111,0.012,0.012,0.0167,0.0159,0,6,1,0.172292
JU06660017,-1.0992,39.7301,6/7/2021,Estación punto de presa E. de Benagéber,DETERMINACION FÍSICO-QUÍMICA IN SITU,CLOROFILA A,2.91,µg/L,"2,91",0.029999999,Fluorescencia atómica,DISCRETA,47,6/9/2021,2,S2B_MSIL2A_20210609T104619_N0300_R051_T30SXJ_20210609T142200,0.0425,0.0494,0.0483,0.0206,0.0195,0.0121,0.0136,0.0111,0.012,0.012,0.0167,0.0159,0,6,1,0.172292
JU06660017,-1.0992,39.7301,6/7/2021,Estación punto de presa E. de Benagéber,DETERMINACION FÍSICO-QUÍMICA IN SITU,CLOROFILA A,8.45,µg/L,"8,45",0.029999999,Fluorescencia atómica,DISCRETA,8,6/9/2021,2,S2B_MSIL2A_20210609T104619_N0300_R051_T30SXJ_20210609T142200,0.0425,0.0494,0.0483,0.0206,0.0195,0.0121,0.0136,0.0111,0.012,0.012,0.0167,0.0159,0,6,1,0.172292
JU06660017,-1.0992,39.7301,6/7/2021,Estación punto de presa E. de Benagéber,DETERMINACION FÍSICO-QUÍMICA IN SITU,CLOROFILA A,13.09,µg/L,"13,09",0.029999999,Fluorescencia atómica,DISCRETA,15,6/9/2021,2,S2B_MSIL2A_20210609T104619_N0300_R051_T30SXJ_20210609T142200,0.0425,0.0494,0.0483,0.0206,0.0195,0.0121,0.0136,0.0111,0.012,0.012,0.0167,0.0159,0,6,1,0.172292
JU06660017,-1.0992,39.7301,6/7/2021,Estación punto de presa E. de Benagéber,DETERMINACION FÍSICO-QUÍMICA IN SITU,CLOROFILA A,14.92,µg/L,"14,92",0.029999999,Fluorescencia atómica,DISCRETA,17,6/9/2021,2,S2B_MSIL2A_20210609T104619_N0300_R051_T30SXJ_20210609T142200,0.0425,0.0494,0.0483,0.0206,0.0195,0.0121,0.0136,0.0111,0.012,0.012,0.0167,0.0159,0,6,1,0.172292
JU06660017,-1.0992,39.7301,6/7/2021,Estación punto de presa E. de Benagéber,DETERMINACION FÍSICO-QUÍMICA IN SITU,CLOROFILA A,13.02,µg/L,"13,02",0.029999999,Fluorescencia atómica,DISCRETA,27,6/9/2021,2,S2B_MSIL2A_20210609T104619_N0300_R051_T30SXJ_20210609T142200,0.0425,0.0494,0.0483,0.0206,0.0195,0.0121,0.0136,0.0111,0.012,0.012,0.0167,0.0159,0,6,1,0.172292
JU06660017,-1.0992,39.7301,6/7/2021,Estación punto de presa E. de Benagéber,DETERMINACION FÍSICO-QUÍMICA IN SITU,CLOROFILA A,10.13,µg/L,"10,13",0.029999999,Fluorescencia atómica,DISCRETA,29,6/9/2021,2,S2B_MSIL2A_20210609T104619_N0300_R051_T30SXJ_20210609T142200,0.0425,0.0494,0.0483,0.0206,0.0195,0.0121,0.0136,0.0111,0.012,0.012,0.0167,0.0159,0,6,1,0.172292
JU06660017,-1.0992,39.7301,6/7/2021,Estación punto de presa E. de Benagéber,DETERMINACION FÍSICO-QUÍMICA IN SITU,CLOROFILA A,7.93,µg/L,"7,93",0.029999999,Fluorescencia atómica,DISCRETA,30,6/9/2021,2,S2B_MSIL2A_20210609T104619_N0300_R051_T30SXJ_20210609T142200,0.0425,0.0494,0.0483,0.0206,0.0195,0.0121,0.0136,0.0111,0.012,0.012,0.0167,0.0159,0,6,1,0.172292
JU06660017,-1.0992,39.7301,6/7/2021,Estación punto de presa E. de Benagéber,DETERMINACION FÍSICO-QUÍMICA IN SITU,CLOROFILA A,4.83,µg/L,"4,83",0.029999999,Fluorescencia atómica,DISCRETA,3,6/9/2021,2,S2B_MSIL2A_20210609T104619_N0300_R051_T30SXJ_20210609T142200,0.0425,0.0494,0.0483,0.0206,0.0195,0.0121,0.0136,0.0111,0.012,0.012,0.0167,0.0159,0,6,1,0.172292
JU06660017,-1.0992,39.7301,6/7/2021,Estación punto de presa E. de Benagéber,DETERMINACION FÍSICO-QUÍMICA IN SITU,CLOROFILA A,12.06,µg/L,"12,06",0.029999999,Fluorescencia atómica,DISCRETA,14,6/9/2021,2,S2B_MSIL2A_20210609T104619_N0300_R051_T30SXJ_20210609T142200,0.0425,0.0494,0.0483,0.0206,0.0195,0.0121,0.0136,0.0111,0.012,0.012,0.0167,0.0159,0,6,1,0.172292
JU06660017,-1.0992,39.7301,6/7/2021,Estación punto de presa E. de Benagéber,DETERMINACION FÍSICO-QUÍMICA IN SITU,CLOROFILA A,13.02,µg/L,"13,02",0.029999999,Fluorescencia atómica,DISCRETA,21,6/9/2021,2,S2B_MSIL2A_20210609T104619_N0300_R051_T30SXJ_20210609T142200,0.0425,0.0494,0.0483,0.0206,0.0195,0.0121,0.0136,0.0111,0.012,0.012,0.0167,0.0159,0,6,1,0.172292
JU06660017,-1.0992,39.7301,6/7/2021,Estación punto de presa E. de Benagéber,DETERMINACION FÍSICO-QUÍMICA IN SITU,CLOROFILA A,5.96,µg/L,"5,96",0.029999999,Fluorescencia atómica,DISCRETA,31,6/9/2021,2,S2B_MSIL2A_20210609T104619_N0300_R051_T30SXJ_20210609T142200,0.0425,0.0494,0.0483,0.0206,0.0195,0.0121,0.0136,0.0111,0.012,0.012,0.0167,0.0159,0,6,1,0.172292
JU06660017,-1.0992,39.7301,6/7/2021,Estación punto de presa E. de Benagéber,DETERMINACION FÍSICO-QUÍMICA IN SITU,CLOROFILA A,3.81,µg/L,"3,81",0.029999999,Fluorescencia atómica,DISCRETA,44,6/9/2021,2,S2B_MSIL2A_20210609T104619_N0300_R051_T30SXJ_20210609T142200,0.0425,0.0494,0.0483,0.0206,0.0195,0.0121,0.0136,0.0111,0.012,0.012,0.0167,0.0159,0,6,1,0.172292
JU06660017,-1.0992,39.7301,6/7/2021,Estación punto de presa E. de Benagéber,DETERMINACION FÍSICO-QUÍMICA IN SITU,CLOROFILA A,3.12,µg/L,"3,12",0.029999999,Fluorescencia atómica,DISCRETA,45,6/9/2021,2,S2B_MSIL2A_20210609T104619_N0300_R051_T30SXJ_20210609T142200,0.0425,0.0494,0.0483,0.0206,0.0195,0.0121,0.0136,0.0111,0.012,0.012,0.0167,0.0159,0,6,1,0.172292
JU06660017,-1.0992,39.7301,6/7/2021,Estación punto de presa E. de Benagéber,DETERMINACION FÍSICO-QUÍMICA IN SITU,CLOROFILA A,1.62,µg/L,"1,62",0.029999999,Fluorescencia atómica,DISCRETA,58,6/9/2021,2,S2B_MSIL2A_20210609T104619_N0300_R051_T30SXJ_20210609T142200,0.0425,0.0494,0.0483,0.0206,0.0195,0.0121,0.0136,0.0111,0.012,0.012,0.0167,0.0159,0,6,1,0.172292
JU06660017,-1.0992,39.7301,6/7/2021,Estación punto de presa E. de Benagéber,DETERMINACION FÍSICO-QUÍMICA IN SITU,CLOROFILA A,1.54,µg/L,"1,54",0.029999999,Fluorescencia atómica,DISCRETA,62,6/9/2021,2,S2B_MSIL2A_20210609T104619_N0300_R051_T30SXJ_20210609T142200,0.0425,0.0494,0.0483,0.0206,0.0195,0.0121,0.0136,0.0111,0.012,0.012,0.0167,0.0159,0,6,1,0.172292
JU06660017,-1.0992,39.7301,6/7/2021,Estación punto de presa E. de Benagéber,DETERMINACION FÍSICO-QUÍMICA IN SITU,CLOROFILA A,1.55,µg/L,"1,55",0.029999999,Fluorescencia atómica,DISCRETA,63,6/9/2021,2,S2B_MSIL2A_20210609T104619_N0300_R051_T30SXJ_20210609T142200,0.0425,0.0494,0.0483,0.0206,0.0195,0.0121,0.0136,0.0111,0.012,0.012,0.0167,0.0159,0,6,1,0.172292
JU06660017,-1.0992,39.7301,6/7/2021,Estación punto de presa E. de Benagéber,DETERMINACION FÍSICO-QUÍMICA IN SITU,CLOROFILA A,13.44,µg/L,"13,44",0.029999999,Fluorescencia atómica,DISCRETA,11,6/9/2021,2,S2B_MSIL2A_20210609T104619_N0300_R051_T30SXJ_20210609T142200,0.0425,0.0494,0.0483,0.0206,0.0195,0.0121,0.0136,0.0111,0.012,0.012,0.0167,0.0159,0,6,1,0.172292
JU06660017,-1.0992,39.7301,6/7/2021,Estación punto de presa E. de Benagéber,DETERMINACION FÍSICO-QUÍMICA IN SITU,CLOROFILA A,5.33,µg/L,"5,33",0.029999999,Fluorescencia atómica,DISCRETA,1,6/9/2021,2,S2B_MSIL2A_20210609T104619_N0300_R051_T30SXJ_20210609T142200,0.0425,0.0494,0.0483,0.0206,0.0195,0.0121,0.0136,0.0111,0.012,0.012,0.0167,0.0159,0,6,1,0.172292
JU06660017,-1.0992,39.7301,6/7/2021,Estación punto de presa E. de Benagéber,DETERMINACION FÍSICO-QUÍMICA IN SITU,CLOROFILA A,11.34,µg/L,"11,34",0.029999999,Fluorescencia atómica,DISCRETA,22,6/9/2021,2,S2B_MSIL2A_20210609T104619_N0300_R051_T30SXJ_20210609T142200,0.0425,0.0494,0.0483,0.0206,0.0195,0.0121,0.0136,0.0111,0.012,0.012,0.0167,0.0159,0,6,1,0.172292
JU06660017,-1.0992,39.7301,6/7/2021,Estación punto de presa E. de Benagéber,DETERMINACION FÍSICO-QUÍMICA IN SITU,CLOROFILA A,14.75,µg/L,"14,75",0.029999999,Fluorescencia atómica,DISCRETA,24,6/9/2021,2,S2B_MSIL2A_20210609T104619_N0300_R051_T30SXJ_20210609T142200,0.0425,0.0494,0.0483,0.0206,0.0195,0.0121,0.0136,0.0111,0.012,0.012,0.0167,0.0159,0,6,1,0.172292
JU06660017,-1.0992,39.7301,6/7/2021,Estación punto de presa E. de Benagéber,DETERMINACION FÍSICO-QUÍMICA IN SITU,CLOROFILA A,4.14,µg/L,"4,14",0.029999999,Fluorescencia atómica,DISCRETA,2,6/9/2021,2,S2B_MSIL2A_20210609T104619_N0300_R051_T30SXJ_20210609T142200,0.0425,0.0494,0.0483,0.0206,0.0195,0.0121,0.0136,0.0111,0.012,0.012,0.0167,0.0159,0,6,1,0.172292
JU06660017,-1.0992,39.7301,6/7/2021,Estación punto de presa E. de Benagéber,DETERMINACION FÍSICO-QUÍMICA IN SITU,CLOROFILA A,4.11,µg/L,"4,11",0.029999999,Fluorescencia atómica,DISCRETA,41,6/9/2021,2,S2B_MSIL2A_20210609T104619_N0300_R051_T30SXJ_20210609T142200,0.0425,0.0494,0.0483,0.0206,0.0195,0.0121,0.0136,0.0111,0.012,0.012,0.0167,0.0159,0,6,1,0.172292
JU06660017,-1.0992,39.7301,6/7/2021,Estación punto de presa E. de Benagéber,DETERMINACION FÍSICO-QUÍMICA IN SITU,CLOROFILA A,2.56,µg/L,"2,56",0.029999999,Fluorescencia atómica,DISCRETA,48,6/9/2021,2,S2B_MSIL2A_20210609T104619_N0300_R051_T30SXJ_20210609T142200,0.0425,0.0494,0.0483,0.0206,0.0195,0.0121,0.0136,0.0111,0.012,0.012,0.0167,0.0159,0,6,1,0.172292
JU06660017,-1.0992,39.7301,6/7/2021,Estación punto de presa E. de Benagéber,DETERMINACION FÍSICO-QUÍMICA IN SITU,CLOROFILA A,2.43,µg/L,"2,43",0.029999999,Fluorescencia atómica,DISCRETA,53,6/9/2021,2,S2B_MSIL2A_20210609T104619_N0300_R051_T30SXJ_20210609T142200,0.0425,0.0494,0.0483,0.0206,0.0195,0.0121,0.0136,0.0111,0.012,0.012,0.0167,0.0159,0,6,1,0.172292
JU06660017,-1.0992,39.7301,6/7/2021,Estación punto de presa E. de Benagéber,DETERMINACION FÍSICO-QUÍMICA IN SITU,CLOROFILA A,2.13,µg/L,"2,13",0.029999999,Fluorescencia atómica,DISCRETA,54,6/9/2021,2,S2B_MSIL2A_20210609T104619_N0300_R051_T30SXJ_20210609T142200,0.0425,0.0494,0.0483,0.0206,0.0195,0.0121,0.0136,0.0111,0.012,0.012,0.0167,0.0159,0,6,1,0.172292
JU06660017,-1.0992,39.7301,6/7/2021,Estación punto de presa E. de Benagéber,TOMA DE MUESTRAS PARA LABORATORIO,SOLIDOS EN SUSPENSION,2.4,mg/L,"2,4",2,Gravimetría,INTEGRADA,-1,6/9/2021,2,S2B_MSIL2A_20210609T104619_N0300_R051_T30SXJ_20210609T142200,0.0425,0.0494,0.0483,0.0206,0.0195,0.0121,0.0136,0.0111,0.012,0.012,0.0167,0.0159,0,6,1,0.172292
JU06660017,-1.0992,39.7301,6/7/2021,Estación punto de presa E. de Benagéber,Fitoplancton,CLOROFILA A,1.1214,µg/L,"11,214",1,Espectofotometría de absorción molecular,INTEGRADA,-1,6/9/2021,2,S2B_MSIL2A_20210609T104619_N0300_R051_T30SXJ_20210609T142200,0.0425,0.0494,0.0483,0.0206,0.0195,0.0121,0.0136,0.0111,0.012,0.012,0.0167,0.0159,0,6,1,0.172292
JU06660017,-1.0992,39.7301,6/7/2021,Estación punto de presa E. de Benagéber,TOMA DE MUESTRAS PARA LABORATORIO,FOSFORO TOTAL,0.067,mg P/l,"0,067",0.02,Espectofotometría de absorción molecular,INTEGRADA,-1,6/9/2021,2,S2B_MSIL2A_20210609T104619_N0300_R051_T30SXJ_20210609T142200,0.0425,0.0494,0.0483,0.0206,0.0195,0.0121,0.0136,0.0111,0.012,0.012,0.0167,0.0159,0,6,1,0.172292
JU06660017,-1.0992,39.7301,6/7/2021,Estación punto de presa E. de Benagéber,DETERMINACION FÍSICO-QUÍMICA IN SITU,Profundidad del disco de secchi,6.099999905,m,,,,INTEGRADA,-1,6/9/2021,2,S2B_MSIL2A_20210609T104619_N0300_R051_T30SXJ_20210609T142200,0.0425,0.0494,0.0483,0.0206,0.0195,0.0121,0.0136,0.0111,0.012,0.012,0.0167,0.0159,0,6,1,0.172292
JU06660017,-1.0992,39.7301,6/7/2021,Estación punto de presa E. de Benagéber,Fitoplancton,Profundidad del disco de secchi,6.099999905,m,,,,INTEGRADA,-1,6/9/2021,2,S2B_MSIL2A_20210609T104619_N0300_R051_T30SXJ_20210609T142200,0.0425,0.0494,0.0483,0.0206,0.0195,0.0121,0.0136,0.0111,0.012,0.012,0.0167,0.0159,0,6,1,0.172292
JU06150028,-0.2307,40.0116,3/17/2021,Estación punto de presa E. de Sitjar,DETERMINACION FÍSICO-QUÍMICA IN SITU,CLOROFILA A,0.32,µg/L,"0,32",0.029999999,Fluorescencia atómica,DISCRETA,12,3/11/2021,6,S2B_MSIL2A_20210311T104749_N0214_R051_T30TYK_20210311T140342,0.0394,0.0547,0.0445,0.0099,0.0077,0.0056,0.0078,0.0052,0.0057,0.0052,0.0069,0.0069,0,6,0,34.519827
JU06150028,-0.2307,40.0116,3/17/2021,Estación punto de presa E. de Sitjar,DETERMINACION FÍSICO-QUÍMICA IN SITU,CLOROFILA A,0.31,µg/L,"0,31",0.029999999,Fluorescencia atómica,DISCRETA,16,3/11/2021,6,S2B_MSIL2A_20210311T104749_N0214_R051_T30TYK_20210311T140342,0.0394,0.0547,0.0445,0.0099,0.0077,0.0056,0.0078,0.0052,0.0057,0.0052,0.0069,0.0069,0,6,0,34.519827
JU06150028,-0.2307,40.0116,3/17/2021,Estación punto de presa E. de Sitjar,DETERMINACION FÍSICO-QUÍMICA IN SITU,CLOROFILA A,0.13,µg/L,"0,13",0.029999999,Fluorescencia atómica,DISCRETA,7,3/11/2021,6,S2B_MSIL2A_20210311T104749_N0214_R051_T30TYK_20210311T140342,0.0394,0.0547,0.0445,0.0099,0.0077,0.0056,0.0078,0.0052,0.0057,0.0052,0.0069,0.0069,0,6,0,34.519827
JU06150028,-0.2307,40.0116,3/17/2021,Estación punto de presa E. de Sitjar,DETERMINACION FÍSICO-QUÍMICA IN SITU,CLOROFILA A,0.21,µg/L,"0,21",0.029999999,Fluorescencia atómica,DISCRETA,9,3/11/2021,6,S2B_MSIL2A_20210311T104749_N0214_R051_T30TYK_20210311T140342,0.0394,0.0547,0.0445,0.0099,0.0077,0.0056,0.0078,0.0052,0.0057,0.0052,0.0069,0.0069,0,6,0,34.519827
JU06150028,-0.2307,40.0116,3/17/2021,Estación punto de presa E. de Sitjar,DETERMINACION FÍSICO-QUÍMICA IN SITU,CLOROFILA A,0.28,µg/L,"0,28",0.029999999,Fluorescencia atómica,DISCRETA,19,3/11/2021,6,S2B_MSIL2A_20210311T104749_N0214_R051_T30TYK_20210311T140342,0.0394,0.0547,0.0445,0.0099,0.0077,0.0056,0.0078,0.0052,0.0057,0.0052,0.0069,0.0069,0,6,0,34.519827
JU06150028,-0.2307,40.0116,3/17/2021,Estación punto de presa E. de Sitjar,DETERMINACION FÍSICO-QUÍMICA IN SITU,CLOROFILA A,0.17,µg/L,"0,17",0.029999999,Fluorescencia atómica,DISCRETA,8,3/11/2021,6,S2B_MSIL2A_20210311T104749_N0214_R051_T30TYK_20210311T140342,0.0394,0.0547,0.0445,0.0099,0.0077,0.0056,0.0078,0.0052,0.0057,0.0052,0.0069,0.0069,0,6,0,34.519827
JU06150028,-0.2307,40.0116,3/17/2021,Estación punto de presa E. de Sitjar,DETERMINACION FÍSICO-QUÍMICA IN SITU,CLOROFILA A,0.35,µg/L,"0,35",0.029999999,Fluorescencia atómica,DISCRETA,13,3/11/2021,6,S2B_MSIL2A_20210311T104749_N0214_R051_T30TYK_20210311T140342,0.0394,0.0547,0.0445,0.0099,0.0077,0.0056,0.0078,0.0052,0.0057,0.0052,0.0069,0.0069,0,6,0,34.519827
JU06150028,-0.2307,40.0116,3/17/2021,Estación punto de presa E. de Sitjar,DETERMINACION FÍSICO-QUÍMICA IN SITU,CLOROFILA A,0.35,µg/L,"0,35",0.029999999,Fluorescencia atómica,DISCRETA,15,3/11/2021,6,S2B_MSIL2A_20210311T104749_N0214_R051_T30TYK_20210311T140342,0.0394,0.0547,0.0445,0.0099,0.0077,0.0056,0.0078,0.0052,0.0057,0.0052,0.0069,0.0069,0,6,0,34.519827
JU06150028,-0.2307,40.0116,3/17/2021,Estación punto de presa E. de Sitjar,DETERMINACION FÍSICO-QUÍMICA IN SITU,CLOROFILA A,0,µg/L,"<0,03",0.029999999,Fluorescencia atómica,DISCRETA,4,3/11/2021,6,S2B_MSIL2A_20210311T104749_N0214_R051_T30TYK_20210311T140342,0.0394,0.0547,0.0445,0.0099,0.0077,0.0056,0.0078,0.0052,0.0057,0.0052,0.0069,0.0069,0,6,0,34.519827
JU06150028,-0.2307,40.0116,3/17/2021,Estación punto de presa E. de Sitjar,DETERMINACION FÍSICO-QUÍMICA IN SITU,CLOROFILA A,0.07,µg/L,"0,07",0.029999999,Fluorescencia atómica,DISCRETA,6,3/11/2021,6,S2B_MSIL2A_20210311T104749_N0214_R051_T30TYK_20210311T140342,0.0394,0.0547,0.0445,0.0099,0.0077,0.0056,0.0078,0.0052,0.0057,0.0052,0.0069,0.0069,0,6,0,34.519827
JU06150028,-0.2307,40.0116,3/17/2021,Estación punto de presa E. de Sitjar,DETERMINACION FÍSICO-QUÍMICA IN SITU,CLOROFILA A,0.22,µg/L,"0,22",0.029999999,Fluorescencia atómica,DISCRETA,10,3/11/2021,6,S2B_MSIL2A_20210311T104749_N0214_R051_T30TYK_20210311T140342,0.0394,0.0547,0.0445,0.0099,0.0077,0.0056,0.0078,0.0052,0.0057,0.0052,0.0069,0.0069,0,6,0,34.519827
JU06150028,-0.2307,40.0116,3/17/2021,Estación punto de presa E. de Sitjar,DETERMINACION FÍSICO-QUÍMICA IN SITU,CLOROFILA A,0.28,µg/L,"0,28",0.029999999,Fluorescencia atómica,DISCRETA,20,3/11/2021,6,S2B_MSIL2A_20210311T104749_N0214_R051_T30TYK_20210311T140342,0.0394,0.0547,0.0445,0.0099,0.0077,0.0056,0.0078,0.0052,0.0057,0.0052,0.0069,0.0069,0,6,0,34.519827
JU06150028,-0.2307,40.0116,3/17/2021,Estación punto de presa E. de Sitjar,DETERMINACION FÍSICO-QUÍMICA IN SITU,CLOROFILA A,0,µg/L,"<0,03",0.029999999,Fluorescencia atómica,DISCRETA,5,3/11/2021,6,S2B_MSIL2A_20210311T104749_N0214_R051_T30TYK_20210311T140342,0.0394,0.0547,0.0445,0.0099,0.0077,0.0056,0.0078,0.0052,0.0057,0.0052,0.0069,0.0069,0,6,0,34.519827
JU06150028,-0.2307,40.0116,3/17/2021,Estación punto de presa E. de Sitjar,DETERMINACION FÍSICO-QUÍMICA IN SITU,CLOROFILA A,0,µg/L,"<0,03",0.029999999,Fluorescencia atómica,DISCRETA,3,3/11/2021,6,S2B_MSIL2A_20210311T104749_N0214_R051_T30TYK_20210311T140342,0.0394,0.0547,0.0445,0.0099,0.0077,0.0056,0.0078,0.0052,0.0057,0.0052,0.0069,0.0069,0,6,0,34.519827
JU06150028,-0.2307,40.0116,3/17/2021,Estación punto de presa E. de Sitjar,DETERMINACION FÍSICO-QUÍMICA IN SITU,CLOROFILA A,0.31,µg/L,"0,31",0.029999999,Fluorescencia atómica,DISCRETA,17,3/11/2021,6,S2B_MSIL2A_20210311T104749_N0214_R051_T30TYK_20210311T140342,0.0394,0.0547,0.0445,0.0099,0.0077,0.0056,0.0078,0.0052,0.0057,0.0052,0.0069,0.0069,0,6,0,34.519827
JU06150028,-0.2307,40.0116,3/17/2021,Estación punto de presa E. de Sitjar,DETERMINACION FÍSICO-QUÍMICA IN SITU,CLOROFILA A,0.3,µg/L,"0,3",0.029999999,Fluorescencia atómica,DISCRETA,18,3/11/2021,6,S2B_MSIL2A_20210311T104749_N0214_R051_T30TYK_20210311T140342,0.0394,0.0547,0.0445,0.0099,0.0077,0.0056,0.0078,0.0052,0.0057,0.0052,0.0069,0.0069,0,6,0,34.519827
JU06150028,-0.2307,40.0116,3/17/2021,Estación punto de presa E. de Sitjar,DETERMINACION FÍSICO-QUÍMICA IN SITU,CLOROFILA A,0,µg/L,"<0,03",0.029999999,Fluorescencia atómica,DISCRETA,1,3/11/2021,6,S2B_MSIL2A_20210311T104749_N0214_R051_T30TYK_20210311T140342,0.0394,0.0547,0.0445,0.0099,0.0077,0.0056,0.0078,0.0052,0.0057,0.0052,0.0069,0.0069,0,6,0,34.519827
JU06150028,-0.2307,40.0116,3/17/2021,Estación punto de presa E. de Sitjar,DETERMINACION FÍSICO-QUÍMICA IN SITU,CLOROFILA A,0.24,µg/L,"0,24",0.029999999,Fluorescencia atómica,DISCRETA,23,3/11/2021,6,S2B_MSIL2A_20210311T104749_N0214_R051_T30TYK_20210311T140342,0.0394,0.0547,0.0445,0.0099,0.0077,0.0056,0.0078,0.0052,0.0057,0.0052,0.0069,0.0069,0,6,0,34.519827
JU06150028,-0.2307,40.0116,3/17/2021,Estación punto de presa E. de Sitjar,DETERMINACION FÍSICO-QUÍMICA IN SITU,CLOROFILA A,0,µg/L,"<0,03",0.029999999,Fluorescencia atómica,DISCRETA,2,3/11/2021,6,S2B_MSIL2A_20210311T104749_N0214_R051_T30TYK_20210311T140342,0.0394,0.0547,0.0445,0.0099,0.0077,0.0056,0.0078,0.0052,0.0057,0.0052,0.0069,0.0069,0,6,0,34.519827
JU06150028,-0.2307,40.0116,3/17/2021,Estación punto de presa E. de Sitjar,DETERMINACION FÍSICO-QUÍMICA IN SITU,CLOROFILA A,0,µg/L,"<0,03",0.029999999,Fluorescencia atómica,DISCRETA,0,3/11/2021,6,S2B_MSIL2A_20210311T104749_N0214_R051_T30TYK_20210311T140342,0.0394,0.0547,0.0445,0.0099,0.0077,0.0056,0.0078,0.0052,0.0057,0.0052,0.0069,0.0069,0,6,0,34.519827
JU06150028,-0.2307,40.0116,3/17/2021,Estación punto de presa E. de Sitjar,DETERMINACION FÍSICO-QUÍMICA IN SITU,CLOROFILA A,0.23,µg/L,"0,23",0.029999999,Fluorescencia atómica,DISCRETA,11,3/11/2021,6,S2B_MSIL2A_20210311T104749_N0214_R051_T30TYK_20210311T140342,0.0394,0.0547,0.0445,0.0099,0.0077,0.0056,0.0078,0.0052,0.0057,0.0052,0.0069,0.0069,0,6,0,34.519827
JU06150028,-0.2307,40.0116,3/17/2021,Estación punto de presa E. de Sitjar,DETERMINACION FÍSICO-QUÍMICA IN SITU,CLOROFILA A,0.25,µg/L,"0,25",0.029999999,Fluorescencia atómica,DISCRETA,22,3/11/2021,6,S2B_MSIL2A_20210311T104749_N0214_R051_T30TYK_20210311T140342,0.0394,0.0547,0.0445,0.0099,0.0077,0.0056,0.0078,0.0052,0.0057,0.0052,0.0069,0.0069,0,6,0,34.519827
JU06150028,-0.2307,40.0116,3/17/2021,Estación punto de presa E. de Sitjar,TOMA DE MUESTRAS PARA LABORATORIO,SOLIDOS EN SUSPENSION,0,mg/L,<2,2,Gravimetría,INTEGRADA,-1,3/11/2021,6,S2B_MSIL2A_20210311T104749_N0214_R051_T30TYK_20210311T140342,0.0394,0.0547,0.0445,0.0099,0.0077,0.0056,0.0078,0.0052,0.0057,0.0052,0.0069,0.0069,0,6,0,34.519827
JU06150028,-0.2307,40.0116,3/17/2021,Estación punto de presa E. de Sitjar,DETERMINACION FÍSICO-QUÍMICA IN SITU,CLOROFILA A,0.34,µg/L,"0,34",0.029999999,Fluorescencia atómica,DISCRETA,14,3/11/2021,6,S2B_MSIL2A_20210311T104749_N0214_R051_T30TYK_20210311T140342,0.0394,0.0547,0.0445,0.0099,0.0077,0.0056,0.0078,0.0052,0.0057,0.0052,0.0069,0.0069,0,6,0,34.519827
JU06150028,-0.2307,40.0116,3/17/2021,Estación punto de presa E. de Sitjar,DETERMINACION FÍSICO-QUÍMICA IN SITU,CLOROFILA A,0.24,µg/L,"0,24",0.029999999,Fluorescencia atómica,DISCRETA,21,3/11/2021,6,S2B_MSIL2A_20210311T104749_N0214_R051_T30TYK_20210311T140342,0.0394,0.0547,0.0445,0.0099,0.0077,0.0056,0.0078,0.0052,0.0057,0.0052,0.0069,0.0069,0,6,0,34.519827
JU06150028,-0.2307,40.0116,3/17/2021,Estación punto de presa E. de Sitjar,DETERMINACION FÍSICO-QUÍMICA IN SITU,CLOROFILA A,0.23,µg/L,"0,23",0.029999999,Fluorescencia atómica,DISCRETA,24,3/11/2021,6,S2B_MSIL2A_20210311T104749_N0214_R051_T30TYK_20210311T140342,0.0394,0.0547,0.0445,0.0099,0.0077,0.0056,0.0078,0.0052,0.0057,0.0052,0.0069,0.0069,0,6,0,34.519827
JU06150028,-0.2307,40.0116,3/17/2021,Estación punto de presa E. de Sitjar,TOMA DE MUESTRAS PARA LABORATORIO,FOSFORO TOTAL,0,mg P/l,"<0,02",0.02,Espectofotometría de absorción molecular,INTEGRADA,-1,3/11/2021,6,S2B_MSIL2A_20210311T104749_N0214_R051_T30TYK_20210311T140342,0.0394,0.0547,0.0445,0.0099,0.0077,0.0056,0.0078,0.0052,0.0057,0.0052,0.0069,0.0069,0,6,0,34.519827
JU06150028,-0.2307,40.0116,3/17/2021,Estación punto de presa E. de Sitjar,DETERMINACION FÍSICO-QUÍMICA IN SITU,Profundidad del disco de secchi,3.700000048,m,,,,INTEGRADA,-1,3/11/2021,6,S2B_MSIL2A_20210311T104749_N0214_R051_T30TYK_20210311T140342,0.0394,0.0547,0.0445,0.0099,0.0077,0.0056,0.0078,0.0052,0.0057,0.0052,0.0069,0.0069,0,6,0,34.519827
JU06160014,-0.164,40.0293,3/15/2021,Estación punto de presa E. de María Cristina,DETERMINACION FÍSICO-QUÍMICA IN SITU,CLOROFILA A,0.63,µg/L,"0,63",0.029999999,Fluorescencia atómica,DISCRETA,0.5,3/11/2021,4,S2B_MSIL2A_20210311T104749_N0214_R051_T30TYK_20210311T140342,0.029,0.048,0.0696,0.0215,0.0144,0.0043,0.0068,0.0046,0.005,0.0045,0.01,0.0083,0,6,1,34.519827
JU06160014,-0.164,40.0293,3/15/2021,Estación punto de presa E. de María Cristina,DETERMINACION FÍSICO-QUÍMICA IN SITU,CLOROFILA A,0.53,µg/L,"0,53",0.029999999,Fluorescencia atómica,DISCRETA,0,3/11/2021,4,S2B_MSIL2A_20210311T104749_N0214_R051_T30TYK_20210311T140342,0.029,0.048,0.0696,0.0215,0.0144,0.0043,0.0068,0.0046,0.005,0.0045,0.01,0.0083,0,6,1,34.519827
JU06160014,-0.164,40.0293,3/15/2021,Estación punto de presa E. de María Cristina,DETERMINACION FÍSICO-QUÍMICA IN SITU,CLOROFILA A,0.68,µg/L,"0,68",0.029999999,Fluorescencia atómica,DISCRETA,2,3/11/2021,4,S2B_MSIL2A_20210311T104749_N0214_R051_T30TYK_20210311T140342,0.029,0.048,0.0696,0.0215,0.0144,0.0043,0.0068,0.0046,0.005,0.0045,0.01,0.0083,0,6,1,34.519827
JU06160014,-0.164,40.0293,3/15/2021,Estación punto de presa E. de María Cristina,DETERMINACION FÍSICO-QUÍMICA IN SITU,CLOROFILA A,0.83,µg/L,"0,83",0.029999999,Fluorescencia atómica,DISCRETA,3,3/11/2021,4,S2B_MSIL2A_20210311T104749_N0214_R051_T30TYK_20210311T140342,0.029,0.048,0.0696,0.0215,0.0144,0.0043,0.0068,0.0046,0.005,0.0045,0.01,0.0083,0,6,1,34.519827
JU06160014,-0.164,40.0293,3/15/2021,Estación punto de presa E. de María Cristina,DETERMINACION FÍSICO-QUÍMICA IN SITU,CLOROFILA A,0.63,µg/L,"0,63",0.029999999,Fluorescencia atómica,DISCRETA,1.5,3/11/2021,4,S2B_MSIL2A_20210311T104749_N0214_R051_T30TYK_20210311T140342,0.029,0.048,0.0696,0.0215,0.0144,0.0043,0.0068,0.0046,0.005,0.0045,0.01,0.0083,0,6,1,34.519827
JU06160014,-0.164,40.0293,3/15/2021,Estación punto de presa E. de María Cristina,DETERMINACION FÍSICO-QUÍMICA IN SITU,CLOROFILA A,0.62,µg/L,"0,62",0.029999999,Fluorescencia atómica,DISCRETA,1,3/11/2021,4,S2B_MSIL2A_20210311T104749_N0214_R051_T30TYK_20210311T140342,0.029,0.048,0.0696,0.0215,0.0144,0.0043,0.0068,0.0046,0.005,0.0045,0.01,0.0083,0,6,1,34.519827
JU06160014,-0.164,40.0293,3/15/2021,Estación punto de presa E. de María Cristina,DETERMINACION FÍSICO-QUÍMICA IN SITU,CLOROFILA A,1.66,µg/L,"1,66",0.029999999,Fluorescencia atómica,DISCRETA,5.5,3/11/2021,4,S2B_MSIL2A_20210311T104749_N0214_R051_T30TYK_20210311T140342,0.029,0.048,0.0696,0.0215,0.0144,0.0043,0.0068,0.0046,0.005,0.0045,0.01,0.0083,0,6,1,34.519827
JU06160014,-0.164,40.0293,3/15/2021,Estación punto de presa E. de María Cristina,DETERMINACION FÍSICO-QUÍMICA IN SITU,CLOROFILA A,0.99,µg/L,"0,99",0.029999999,Fluorescencia atómica,DISCRETA,5,3/11/2021,4,S2B_MSIL2A_20210311T104749_N0214_R051_T30TYK_20210311T140342,0.029,0.048,0.0696,0.0215,0.0144,0.0043,0.0068,0.0046,0.005,0.0045,0.01,0.0083,0,6,1,34.519827
JU06160014,-0.164,40.0293,3/15/2021,Estación punto de presa E. de María Cristina,DETERMINACION FÍSICO-QUÍMICA IN SITU,CLOROFILA A,0.93,µg/L,"0,93",0.029999999,Fluorescencia atómica,DISCRETA,4.5,3/11/2021,4,S2B_MSIL2A_20210311T104749_N0214_R051_T30TYK_20210311T140342,0.029,0.048,0.0696,0.0215,0.0144,0.0043,0.0068,0.0046,0.005,0.0045,0.01,0.0083,0,6,1,34.519827
JU06160014,-0.164,40.0293,3/15/2021,Estación punto de presa E. de María Cristina,DETERMINACION FÍSICO-QUÍMICA IN SITU,CLOROFILA A,0.98,µg/L,"0,98",0.029999999,Fluorescencia atómica,DISCRETA,4,3/11/2021,4,S2B_MSIL2A_20210311T104749_N0214_R051_T30TYK_20210311T140342,0.029,0.048,0.0696,0.0215,0.0144,0.0043,0.0068,0.0046,0.005,0.0045,0.01,0.0083,0,6,1,34.519827
JU06160014,-0.164,40.0293,3/15/2021,Estación punto de presa E. de María Cristina,DETERMINACION FÍSICO-QUÍMICA IN SITU,CLOROFILA A,1.77,µg/L,"1,77",0.029999999,Fluorescencia atómica,DISCRETA,6.5,3/11/2021,4,S2B_MSIL2A_20210311T104749_N0214_R051_T30TYK_20210311T140342,0.029,0.048,0.0696,0.0215,0.0144,0.0043,0.0068,0.0046,0.005,0.0045,0.01,0.0083,0,6,1,34.519827
JU06160014,-0.164,40.0293,3/15/2021,Estación punto de presa E. de María Cristina,DETERMINACION FÍSICO-QUÍMICA IN SITU,CLOROFILA A,0.92,µg/L,"0,92",0.029999999,Fluorescencia atómica,DISCRETA,3.5,3/11/2021,4,S2B_MSIL2A_20210311T104749_N0214_R051_T30TYK_20210311T140342,0.029,0.048,0.0696,0.0215,0.0144,0.0043,0.0068,0.0046,0.005,0.0045,0.01,0.0083,0,6,1,34.519827
JU06160014,-0.164,40.0293,3/15/2021,Estación punto de presa E. de María Cristina,TOMA DE MUESTRAS PARA LABORATORIO,SOLIDOS EN SUSPENSION,5.6,mg/L,"5,6",2,Gravimetría,INTEGRADA,-1,3/11/2021,4,S2B_MSIL2A_20210311T104749_N0214_R051_T30TYK_20210311T140342,0.029,0.048,0.0696,0.0215,0.0144,0.0043,0.0068,0.0046,0.005,0.0045,0.01,0.0083,0,6,1,34.519827
JU06160014,-0.164,40.0293,3/15/2021,Estación punto de presa E. de María Cristina,DETERMINACION FÍSICO-QUÍMICA IN SITU,CLOROFILA A,0.88,µg/L,"0,88",0.029999999,Fluorescencia atómica,DISCRETA,2.5,3/11/2021,4,S2B_MSIL2A_20210311T104749_N0214_R051_T30TYK_20210311T140342,0.029,0.048,0.0696,0.0215,0.0144,0.0043,0.0068,0.0046,0.005,0.0045,0.01,0.0083,0,6,1,34.519827
JU06160014,-0.164,40.0293,3/15/2021,Estación punto de presa E. de María Cristina,DETERMINACION FÍSICO-QUÍMICA IN SITU,CLOROFILA A,1.11,µg/L,"1,11",0.029999999,Fluorescencia atómica,DISCRETA,6,3/11/2021,4,S2B_MSIL2A_20210311T104749_N0214_R051_T30TYK_20210311T140342,0.029,0.048,0.0696,0.0215,0.0144,0.0043,0.0068,0.0046,0.005,0.0045,0.01,0.0083,0,6,1,34.519827
JU06160014,-0.164,40.0293,3/15/2021,Estación punto de presa E. de María Cristina,TOMA DE MUESTRAS PARA LABORATORIO,FOSFORO TOTAL,0.049,mg P/l,"0,049",0.02,Espectofotometría de absorción molecular,INTEGRADA,-1,3/11/2021,4,S2B_MSIL2A_20210311T104749_N0214_R051_T30TYK_20210311T140342,0.029,0.048,0.0696,0.0215,0.0144,0.0043,0.0068,0.0046,0.005,0.0045,0.01,0.0083,0,6,1,34.519827
JU06160014,-0.164,40.0293,3/15/2021,Estación punto de presa E. de María Cristina,DETERMINACION FÍSICO-QUÍMICA IN SITU,Profundidad del disco de secchi,3.099999905,m,,,,INTEGRADA,-1,3/11/2021,4,S2B_MSIL2A_20210311T104749_N0214_R051_T30TYK_20210311T140342,0.029,0.048,0.0696,0.0215,0.0144,0.0043,0.0068,0.0046,0.005,0.0045,0.01,0.0083,0,6,1,34.519827
JU06660017,-1.0992,39.7301,3/11/2021,Estación punto de presa E. de Benagéber,DETERMINACION FÍSICO-QUÍMICA IN SITU,CLOROFILA A,0.54,µg/L,"0,54",0.029999999,Fluorescencia atómica,DISCRETA,10,3/16/2021,5,S2A_MSIL2A_20210316T105031_N0214_R051_T30TXK_20210316T134446,0.0036,0.0094,0.0101,0.0001,0.0001,0.0001,0.0001,0.0001,0.0001,,0.0009,0.0016,0,6,0,0.060925
JU06660017,-1.0992,39.7301,3/11/2021,Estación punto de presa E. de Benagéber,DETERMINACION FÍSICO-QUÍMICA IN SITU,CLOROFILA A,0.24,µg/L,"0,24",0.029999999,Fluorescencia atómica,DISCRETA,24,3/16/2021,5,S2A_MSIL2A_20210316T105031_N0214_R051_T30TXK_20210316T134446,0.0036,0.0094,0.0101,0.0001,0.0001,0.0001,0.0001,0.0001,0.0001,,0.0009,0.0016,0,6,0,0.060925
JU06660017,-1.0992,39.7301,3/11/2021,Estación punto de presa E. de Benagéber,DETERMINACION FÍSICO-QUÍMICA IN SITU,CLOROFILA A,0.12,µg/L,"0,12",0.029999999,Fluorescencia atómica,DISCRETA,26,3/16/2021,5,S2A_MSIL2A_20210316T105031_N0214_R051_T30TXK_20210316T134446,0.0036,0.0094,0.0101,0.0001,0.0001,0.0001,0.0001,0.0001,0.0001,,0.0009,0.0016,0,6,0,0.060925
JU06660017,-1.0992,39.7301,3/11/2021,Estación punto de presa E. de Benagéber,DETERMINACION FÍSICO-QUÍMICA IN SITU,CLOROFILA A,0.03,µg/L,"0,03",0.029999999,Fluorescencia atómica,DISCRETA,32,3/16/2021,5,S2A_MSIL2A_20210316T105031_N0214_R051_T30TXK_20210316T134446,0.0036,0.0094,0.0101,0.0001,0.0001,0.0001,0.0001,0.0001,0.0001,,0.0009,0.0016,0,6,0,0.060925
JU06660017,-1.0992,39.7301,3/11/2021,Estación punto de presa E. de Benagéber,DETERMINACION FÍSICO-QUÍMICA IN SITU,CLOROFILA A,0.03,µg/L,"0,03",0.029999999,Fluorescencia atómica,DISCRETA,33,3/16/2021,5,S2A_MSIL2A_20210316T105031_N0214_R051_T30TXK_20210316T134446,0.0036,0.0094,0.0101,0.0001,0.0001,0.0001,0.0001,0.0001,0.0001,,0.0009,0.0016,0,6,0,0.060925
JU06660017,-1.0992,39.7301,3/11/2021,Estación punto de presa E. de Benagéber,DETERMINACION FÍSICO-QUÍMICA IN SITU,CLOROFILA A,0.27,µg/L,"0,27",0.029999999,Fluorescencia atómica,DISCRETA,4,3/16/2021,5,S2A_MSIL2A_20210316T105031_N0214_R051_T30TXK_20210316T134446,0.0036,0.0094,0.0101,0.0001,0.0001,0.0001,0.0001,0.0001,0.0001,,0.0009,0.0016,0,6,0,0.060925
JU06660017,-1.0992,39.7301,3/11/2021,Estación punto de presa E. de Benagéber,DETERMINACION FÍSICO-QUÍMICA IN SITU,CLOROFILA A,0,µg/L,"<0,03",0.029999999,Fluorescencia atómica,DISCRETA,50,3/16/2021,5,S2A_MSIL2A_20210316T105031_N0214_R051_T30TXK_20210316T134446,0.0036,0.0094,0.0101,0.0001,0.0001,0.0001,0.0001,0.0001,0.0001,,0.0009,0.0016,0,6,0,0.060925
JU06660017,-1.0992,39.7301,3/11/2021,Estación punto de presa E. de Benagéber,DETERMINACION FÍSICO-QUÍMICA IN SITU,CLOROFILA A,0.68,µg/L,"0,68",0.029999999,Fluorescencia atómica,DISCRETA,8,3/16/2021,5,S2A_MSIL2A_20210316T105031_N0214_R051_T30TXK_20210316T134446,0.0036,0.0094,0.0101,0.0001,0.0001,0.0001,0.0001,0.0001,0.0001,,0.0009,0.0016,0,6,0,0.060925
JU06660017,-1.0992,39.7301,3/11/2021,Estación punto de presa E. de Benagéber,TOMA DE MUESTRAS PARA LABORATORIO,SOLIDOS EN SUSPENSION,0,mg/L,<2,2,Gravimetría,INTEGRADA,-1,3/16/2021,5,S2A_MSIL2A_20210316T105031_N0214_R051_T30TXK_20210316T134446,0.0036,0.0094,0.0101,0.0001,0.0001,0.0001,0.0001,0.0001,0.0001,,0.0009,0.0016,0,6,0,0.060925
JU06660017,-1.0992,39.7301,3/11/2021,Estación punto de presa E. de Benagéber,DETERMINACION FÍSICO-QUÍMICA IN SITU,CLOROFILA A,0.32,µg/L,"0,32",0.029999999,Fluorescencia atómica,DISCRETA,0,3/16/2021,5,S2A_MSIL2A_20210316T105031_N0214_R051_T30TXK_20210316T134446,0.0036,0.0094,0.0101,0.0001,0.0001,0.0001,0.0001,0.0001,0.0001,,0.0009,0.0016,0,6,0,0.060925
JU06660017,-1.0992,39.7301,3/11/2021,Estación punto de presa E. de Benagéber,DETERMINACION FÍSICO-QUÍMICA IN SITU,CLOROFILA A,0.53,µg/L,"0,53",0.029999999,Fluorescencia atómica,DISCRETA,13,3/16/2021,5,S2A_MSIL2A_20210316T105031_N0214_R051_T30TXK_20210316T134446,0.0036,0.0094,0.0101,0.0001,0.0001,0.0001,0.0001,0.0001,0.0001,,0.0009,0.0016,0,6,0,0.060925
JU06660017,-1.0992,39.7301,3/11/2021,Estación punto de presa E. de Benagéber,DETERMINACION FÍSICO-QUÍMICA IN SITU,CLOROFILA A,0.8,µg/L,"0,8",0.029999999,Fluorescencia atómica,DISCRETA,16,3/16/2021,5,S2A_MSIL2A_20210316T105031_N0214_R051_T30TXK_20210316T134446,0.0036,0.0094,0.0101,0.0001,0.0001,0.0001,0.0001,0.0001,0.0001,,0.0009,0.0016,0,6,0,0.060925
JU06660017,-1.0992,39.7301,3/11/2021,Estación punto de presa E. de Benagéber,DETERMINACION FÍSICO-QUÍMICA IN SITU,CLOROFILA A,0.82,µg/L,"0,82",0.029999999,Fluorescencia atómica,DISCRETA,18,3/16/2021,5,S2A_MSIL2A_20210316T105031_N0214_R051_T30TXK_20210316T134446,0.0036,0.0094,0.0101,0.0001,0.0001,0.0001,0.0001,0.0001,0.0001,,0.0009,0.0016,0,6,0,0.060925
JU06660017,-1.0992,39.7301,3/11/2021,Estación punto de presa E. de Benagéber,DETERMINACION FÍSICO-QUÍMICA IN SITU,CLOROFILA A,0.53,µg/L,"0,53",0.029999999,Fluorescencia atómica,DISCRETA,22,3/16/2021,5,S2A_MSIL2A_20210316T105031_N0214_R051_T30TXK_20210316T134446,0.0036,0.0094,0.0101,0.0001,0.0001,0.0001,0.0001,0.0001,0.0001,,0.0009,0.0016,0,6,0,0.060925
JU06660017,-1.0992,39.7301,3/11/2021,Estación punto de presa E. de Benagéber,DETERMINACION FÍSICO-QUÍMICA IN SITU,CLOROFILA A,0.04,µg/L,"0,04",0.029999999,Fluorescencia atómica,DISCRETA,31,3/16/2021,5,S2A_MSIL2A_20210316T105031_N0214_R051_T30TXK_20210316T134446,0.0036,0.0094,0.0101,0.0001,0.0001,0.0001,0.0001,0.0001,0.0001,,0.0009,0.0016,0,6,0,0.060925
JU06660017,-1.0992,39.7301,3/11/2021,Estación punto de presa E. de Benagéber,DETERMINACION FÍSICO-QUÍMICA IN SITU,CLOROFILA A,0.01,µg/L,"0,01",0.029999999,Fluorescencia atómica,DISCRETA,38,3/16/2021,5,S2A_MSIL2A_20210316T105031_N0214_R051_T30TXK_20210316T134446,0.0036,0.0094,0.0101,0.0001,0.0001,0.0001,0.0001,0.0001,0.0001,,0.0009,0.0016,0,6,0,0.060925
JU06660017,-1.0992,39.7301,3/11/2021,Estación punto de presa E. de Benagéber,DETERMINACION FÍSICO-QUÍMICA IN SITU,CLOROFILA A,0,µg/L,"<0,03",0.029999999,Fluorescencia atómica,DISCRETA,42,3/16/2021,5,S2A_MSIL2A_20210316T105031_N0214_R051_T30TXK_20210316T134446,0.0036,0.0094,0.0101,0.0001,0.0001,0.0001,0.0001,0.0001,0.0001,,0.0009,0.0016,0,6,0,0.060925
JU06660017,-1.0992,39.7301,3/11/2021,Estación punto de presa E. de Benagéber,DETERMINACION FÍSICO-QUÍMICA IN SITU,CLOROFILA A,0,µg/L,"<0,03",0.029999999,Fluorescencia atómica,DISCRETA,46,3/16/2021,5,S2A_MSIL2A_20210316T105031_N0214_R051_T30TXK_20210316T134446,0.0036,0.0094,0.0101,0.0001,0.0001,0.0001,0.0001,0.0001,0.0001,,0.0009,0.0016,0,6,0,0.060925
JU06660017,-1.0992,39.7301,3/11/2021,Estación punto de presa E. de Benagéber,DETERMINACION FÍSICO-QUÍMICA IN SITU,CLOROFILA A,0,µg/L,"<0,03",0.029999999,Fluorescencia atómica,DISCRETA,47,3/16/2021,5,S2A_MSIL2A_20210316T105031_N0214_R051_T30TXK_20210316T134446,0.0036,0.0094,0.0101,0.0001,0.0001,0.0001,0.0001,0.0001,0.0001,,0.0009,0.0016,0,6,0,0.060925
JU06660017,-1.0992,39.7301,3/11/2021,Estación punto de presa E. de Benagéber,DETERMINACION FÍSICO-QUÍMICA IN SITU,CLOROFILA A,0.02,µg/L,"0,02",0.029999999,Fluorescencia atómica,DISCRETA,55,3/16/2021,5,S2A_MSIL2A_20210316T105031_N0214_R051_T30TXK_20210316T134446,0.0036,0.0094,0.0101,0.0001,0.0001,0.0001,0.0001,0.0001,0.0001,,0.0009,0.0016,0,6,0,0.060925
JU06660017,-1.0992,39.7301,3/11/2021,Estación punto de presa E. de Benagéber,DETERMINACION FÍSICO-QUÍMICA IN SITU,CLOROFILA A,0.97,µg/L,"0,97",0.029999999,Fluorescencia atómica,DISCRETA,17,3/16/2021,5,S2A_MSIL2A_20210316T105031_N0214_R051_T30TXK_20210316T134446,0.0036,0.0094,0.0101,0.0001,0.0001,0.0001,0.0001,0.0001,0.0001,,0.0009,0.0016,0,6,0,0.060925
JU06660017,-1.0992,39.7301,3/11/2021,Estación punto de presa E. de Benagéber,DETERMINACION FÍSICO-QUÍMICA IN SITU,CLOROFILA A,0.5,µg/L,"0,5",0.029999999,Fluorescencia atómica,DISCRETA,23,3/16/2021,5,S2A_MSIL2A_20210316T105031_N0214_R051_T30TXK_20210316T134446,0.0036,0.0094,0.0101,0.0001,0.0001,0.0001,0.0001,0.0001,0.0001,,0.0009,0.0016,0,6,0,0.060925
JU06660017,-1.0992,39.7301,3/11/2021,Estación punto de presa E. de Benagéber,DETERMINACION FÍSICO-QUÍMICA IN SITU,CLOROFILA A,0.18,µg/L,"0,18",0.029999999,Fluorescencia atómica,DISCRETA,25,3/16/2021,5,S2A_MSIL2A_20210316T105031_N0214_R051_T30TXK_20210316T134446,0.0036,0.0094,0.0101,0.0001,0.0001,0.0001,0.0001,0.0001,0.0001,,0.0009,0.0016,0,6,0,0.060925
JU06660017,-1.0992,39.7301,3/11/2021,Estación punto de presa E. de Benagéber,DETERMINACION FÍSICO-QUÍMICA IN SITU,CLOROFILA A,0.05,µg/L,"0,05",0.029999999,Fluorescencia atómica,DISCRETA,30,3/16/2021,5,S2A_MSIL2A_20210316T105031_N0214_R051_T30TXK_20210316T134446,0.0036,0.0094,0.0101,0.0001,0.0001,0.0001,0.0001,0.0001,0.0001,,0.0009,0.0016,0,6,0,0.060925
JU06660017,-1.0992,39.7301,3/11/2021,Estación punto de presa E. de Benagéber,DETERMINACION FÍSICO-QUÍMICA IN SITU,CLOROFILA A,0.5,µg/L,"0,5",0.029999999,Fluorescencia atómica,DISCRETA,14,3/16/2021,5,S2A_MSIL2A_20210316T105031_N0214_R051_T30TXK_20210316T134446,0.0036,0.0094,0.0101,0.0001,0.0001,0.0001,0.0001,0.0001,0.0001,,0.0009,0.0016,0,6,0,0.060925
JU06660017,-1.0992,39.7301,3/11/2021,Estación punto de presa E. de Benagéber,DETERMINACION FÍSICO-QUÍMICA IN SITU,CLOROFILA A,0.61,µg/L,"0,61",0.029999999,Fluorescencia atómica,DISCRETA,15,3/16/2021,5,S2A_MSIL2A_20210316T105031_N0214_R051_T30TXK_20210316T134446,0.0036,0.0094,0.0101,0.0001,0.0001,0.0001,0.0001,0.0001,0.0001,,0.0009,0.0016,0,6,0,0.060925
JU06660017,-1.0992,39.7301,3/11/2021,Estación punto de presa E. de Benagéber,DETERMINACION FÍSICO-QUÍMICA IN SITU,CLOROFILA A,0.35,µg/L,"0,35",0.029999999,Fluorescencia atómica,DISCRETA,1,3/16/2021,5,S2A_MSIL2A_20210316T105031_N0214_R051_T30TXK_20210316T134446,0.0036,0.0094,0.0101,0.0001,0.0001,0.0001,0.0001,0.0001,0.0001,,0.0009,0.0016,0,6,0,0.060925
JU06660017,-1.0992,39.7301,3/11/2021,Estación punto de presa E. de Benagéber,DETERMINACION FÍSICO-QUÍMICA IN SITU,CLOROFILA A,0.04,µg/L,"0,04",0.029999999,Fluorescencia atómica,DISCRETA,29,3/16/2021,5,S2A_MSIL2A_20210316T105031_N0214_R051_T30TXK_20210316T134446,0.0036,0.0094,0.0101,0.0001,0.0001,0.0001,0.0001,0.0001,0.0001,,0.0009,0.0016,0,6,0,0.060925
JU06660017,-1.0992,39.7301,3/11/2021,Estación punto de presa E. de Benagéber,DETERMINACION FÍSICO-QUÍMICA IN SITU,CLOROFILA A,0.13,µg/L,"0,13",0.029999999,Fluorescencia atómica,DISCRETA,2,3/16/2021,5,S2A_MSIL2A_20210316T105031_N0214_R051_T30TXK_20210316T134446,0.0036,0.0094,0.0101,0.0001,0.0001,0.0001,0.0001,0.0001,0.0001,,0.0009,0.0016,0,6,0,0.060925
JU06660017,-1.0992,39.7301,3/11/2021,Estación punto de presa E. de Benagéber,DETERMINACION FÍSICO-QUÍMICA IN SITU,CLOROFILA A,0.23,µg/L,"0,23",0.029999999,Fluorescencia atómica,DISCRETA,3,3/16/2021,5,S2A_MSIL2A_20210316T105031_N0214_R051_T30TXK_20210316T134446,0.0036,0.0094,0.0101,0.0001,0.0001,0.0001,0.0001,0.0001,0.0001,,0.0009,0.0016,0,6,0,0.060925
JU06660017,-1.0992,39.7301,3/11/2021,Estación punto de presa E. de Benagéber,DETERMINACION FÍSICO-QUÍMICA IN SITU,CLOROFILA A,0.09,µg/L,"0,09",0.029999999,Fluorescencia atómica,DISCRETA,59,3/16/2021,5,S2A_MSIL2A_20210316T105031_N0214_R051_T30TXK_20210316T134446,0.0036,0.0094,0.0101,0.0001,0.0001,0.0001,0.0001,0.0001,0.0001,,0.0009,0.0016,0,6,0,0.060925
JU06660017,-1.0992,39.7301,3/11/2021,Estación punto de presa E. de Benagéber,DETERMINACION FÍSICO-QUÍMICA IN SITU,CLOROFILA A,0.63,µg/L,"0,63",0.029999999,Fluorescencia atómica,DISCRETA,21,3/16/2021,5,S2A_MSIL2A_20210316T105031_N0214_R051_T30TXK_20210316T134446,0.0036,0.0094,0.0101,0.0001,0.0001,0.0001,0.0001,0.0001,0.0001,,0.0009,0.0016,0,6,0,0.060925
JU06660017,-1.0992,39.7301,3/11/2021,Estación punto de presa E. de Benagéber,DETERMINACION FÍSICO-QUÍMICA IN SITU,CLOROFILA A,0.08,µg/L,"0,08",0.029999999,Fluorescencia atómica,DISCRETA,28,3/16/2021,5,S2A_MSIL2A_20210316T105031_N0214_R051_T30TXK_20210316T134446,0.0036,0.0094,0.0101,0.0001,0.0001,0.0001,0.0001,0.0001,0.0001,,0.0009,0.0016,0,6,0,0.060925
JU06660017,-1.0992,39.7301,3/11/2021,Estación punto de presa E. de Benagéber,DETERMINACION FÍSICO-QUÍMICA IN SITU,CLOROFILA A,0.01,µg/L,"0,01",0.029999999,Fluorescencia atómica,DISCRETA,35,3/16/2021,5,S2A_MSIL2A_20210316T105031_N0214_R051_T30TXK_20210316T134446,0.0036,0.0094,0.0101,0.0001,0.0001,0.0001,0.0001,0.0001,0.0001,,0.0009,0.0016,0,6,0,0.060925
JU06660017,-1.0992,39.7301,3/11/2021,Estación punto de presa E. de Benagéber,DETERMINACION FÍSICO-QUÍMICA IN SITU,CLOROFILA A,0.01,µg/L,"0,01",0.029999999,Fluorescencia atómica,DISCRETA,37,3/16/2021,5,S2A_MSIL2A_20210316T105031_N0214_R051_T30TXK_20210316T134446,0.0036,0.0094,0.0101,0.0001,0.0001,0.0001,0.0001,0.0001,0.0001,,0.0009,0.0016,0,6,0,0.060925
JU06660017,-1.0992,39.7301,3/11/2021,Estación punto de presa E. de Benagéber,DETERMINACION FÍSICO-QUÍMICA IN SITU,CLOROFILA A,0.01,µg/L,"0,01",0.029999999,Fluorescencia atómica,DISCRETA,40,3/16/2021,5,S2A_MSIL2A_20210316T105031_N0214_R051_T30TXK_20210316T134446,0.0036,0.0094,0.0101,0.0001,0.0001,0.0001,0.0001,0.0001,0.0001,,0.0009,0.0016,0,6,0,0.060925
JU06660017,-1.0992,39.7301,3/11/2021,Estación punto de presa E. de Benagéber,DETERMINACION FÍSICO-QUÍMICA IN SITU,CLOROFILA A,0.02,µg/L,"0,02",0.029999999,Fluorescencia atómica,DISCRETA,57,3/16/2021,5,S2A_MSIL2A_20210316T105031_N0214_R051_T30TXK_20210316T134446,0.0036,0.0094,0.0101,0.0001,0.0001,0.0001,0.0001,0.0001,0.0001,,0.0009,0.0016,0,6,0,0.060925
JU06660017,-1.0992,39.7301,3/11/2021,Estación punto de presa E. de Benagéber,DETERMINACION FÍSICO-QUÍMICA IN SITU,CLOROFILA A,0.45,µg/L,"0,45",0.029999999,Fluorescencia atómica,DISCRETA,6,3/16/2021,5,S2A_MSIL2A_20210316T105031_N0214_R051_T30TXK_20210316T134446,0.0036,0.0094,0.0101,0.0001,0.0001,0.0001,0.0001,0.0001,0.0001,,0.0009,0.0016,0,6,0,0.060925
JU06660017,-1.0992,39.7301,3/11/2021,Estación punto de presa E. de Benagéber,DETERMINACION FÍSICO-QUÍMICA IN SITU,CLOROFILA A,0.63,µg/L,"0,63",0.029999999,Fluorescencia atómica,DISCRETA,7,3/16/2021,5,S2A_MSIL2A_20210316T105031_N0214_R051_T30TXK_20210316T134446,0.0036,0.0094,0.0101,0.0001,0.0001,0.0001,0.0001,0.0001,0.0001,,0.0009,0.0016,0,6,0,0.060925
JU06660017,-1.0992,39.7301,3/11/2021,Estación punto de presa E. de Benagéber,DETERMINACION FÍSICO-QUÍMICA IN SITU,CLOROFILA A,0.69,µg/L,"0,69",0.029999999,Fluorescencia atómica,DISCRETA,9,3/16/2021,5,S2A_MSIL2A_20210316T105031_N0214_R051_T30TXK_20210316T134446,0.0036,0.0094,0.0101,0.0001,0.0001,0.0001,0.0001,0.0001,0.0001,,0.0009,0.0016,0,6,0,0.060925
JU06660017,-1.0992,39.7301,3/11/2021,Estación punto de presa E. de Benagéber,DETERMINACION FÍSICO-QUÍMICA IN SITU,CLOROFILA A,0.56,µg/L,"0,56",0.029999999,Fluorescencia atómica,DISCRETA,12,3/16/2021,5,S2A_MSIL2A_20210316T105031_N0214_R051_T30TXK_20210316T134446,0.0036,0.0094,0.0101,0.0001,0.0001,0.0001,0.0001,0.0001,0.0001,,0.0009,0.0016,0,6,0,0.060925
JU06660017,-1.0992,39.7301,3/11/2021,Estación punto de presa E. de Benagéber,DETERMINACION FÍSICO-QUÍMICA IN SITU,CLOROFILA A,0.88,µg/L,"0,88",0.029999999,Fluorescencia atómica,DISCRETA,19,3/16/2021,5,S2A_MSIL2A_20210316T105031_N0214_R051_T30TXK_20210316T134446,0.0036,0.0094,0.0101,0.0001,0.0001,0.0001,0.0001,0.0001,0.0001,,0.0009,0.0016,0,6,0,0.060925
JU06660017,-1.0992,39.7301,3/11/2021,Estación punto de presa E. de Benagéber,DETERMINACION FÍSICO-QUÍMICA IN SITU,CLOROFILA A,0.02,µg/L,"0,02",0.029999999,Fluorescencia atómica,DISCRETA,36,3/16/2021,5,S2A_MSIL2A_20210316T105031_N0214_R051_T30TXK_20210316T134446,0.0036,0.0094,0.0101,0.0001,0.0001,0.0001,0.0001,0.0001,0.0001,,0.0009,0.0016,0,6,0,0.060925
JU06660017,-1.0992,39.7301,3/11/2021,Estación punto de presa E. de Benagéber,DETERMINACION FÍSICO-QUÍMICA IN SITU,CLOROFILA A,0.02,µg/L,"0,02",0.029999999,Fluorescencia atómica,DISCRETA,56,3/16/2021,5,S2A_MSIL2A_20210316T105031_N0214_R051_T30TXK_20210316T134446,0.0036,0.0094,0.0101,0.0001,0.0001,0.0001,0.0001,0.0001,0.0001,,0.0009,0.0016,0,6,0,0.060925
JU06660017,-1.0992,39.7301,3/11/2021,Estación punto de presa E. de Benagéber,DETERMINACION FÍSICO-QUÍMICA IN SITU,CLOROFILA A,0.04,µg/L,"0,04",0.029999999,Fluorescencia atómica,DISCRETA,58,3/16/2021,5,S2A_MSIL2A_20210316T105031_N0214_R051_T30TXK_20210316T134446,0.0036,0.0094,0.0101,0.0001,0.0001,0.0001,0.0001,0.0001,0.0001,,0.0009,0.0016,0,6,0,0.060925
JU06660017,-1.0992,39.7301,3/11/2021,Estación punto de presa E. de Benagéber,DETERMINACION FÍSICO-QUÍMICA IN SITU,CLOROFILA A,0.68,µg/L,"0,68",0.029999999,Fluorescencia atómica,DISCRETA,20,3/16/2021,5,S2A_MSIL2A_20210316T105031_N0214_R051_T30TXK_20210316T134446,0.0036,0.0094,0.0101,0.0001,0.0001,0.0001,0.0001,0.0001,0.0001,,0.0009,0.0016,0,6,0,0.060925
JU06660017,-1.0992,39.7301,3/11/2021,Estación punto de presa E. de Benagéber,DETERMINACION FÍSICO-QUÍMICA IN SITU,CLOROFILA A,0.11,µg/L,"0,11",0.029999999,Fluorescencia atómica,DISCRETA,27,3/16/2021,5,S2A_MSIL2A_20210316T105031_N0214_R051_T30TXK_20210316T134446,0.0036,0.0094,0.0101,0.0001,0.0001,0.0001,0.0001,0.0001,0.0001,,0.0009,0.0016,0,6,0,0.060925
JU06660017,-1.0992,39.7301,3/11/2021,Estación punto de presa E. de Benagéber,DETERMINACION FÍSICO-QUÍMICA IN SITU,CLOROFILA A,0.01,µg/L,"0,01",0.029999999,Fluorescencia atómica,DISCRETA,34,3/16/2021,5,S2A_MSIL2A_20210316T105031_N0214_R051_T30TXK_20210316T134446,0.0036,0.0094,0.0101,0.0001,0.0001,0.0001,0.0001,0.0001,0.0001,,0.0009,0.0016,0,6,0,0.060925
JU06660017,-1.0992,39.7301,3/11/2021,Estación punto de presa E. de Benagéber,DETERMINACION FÍSICO-QUÍMICA IN SITU,CLOROFILA A,0,µg/L,"<0,03",0.029999999,Fluorescencia atómica,DISCRETA,39,3/16/2021,5,S2A_MSIL2A_20210316T105031_N0214_R051_T30TXK_20210316T134446,0.0036,0.0094,0.0101,0.0001,0.0001,0.0001,0.0001,0.0001,0.0001,,0.0009,0.0016,0,6,0,0.060925
JU06660017,-1.0992,39.7301,3/11/2021,Estación punto de presa E. de Benagéber,DETERMINACION FÍSICO-QUÍMICA IN SITU,CLOROFILA A,0.01,µg/L,"0,01",0.029999999,Fluorescencia atómica,DISCRETA,41,3/16/2021,5,S2A_MSIL2A_20210316T105031_N0214_R051_T30TXK_20210316T134446,0.0036,0.0094,0.0101,0.0001,0.0001,0.0001,0.0001,0.0001,0.0001,,0.0009,0.0016,0,6,0,0.060925
JU06660017,-1.0992,39.7301,3/11/2021,Estación punto de presa E. de Benagéber,DETERMINACION FÍSICO-QUÍMICA IN SITU,CLOROFILA A,0.35,µg/L,"0,35",0.029999999,Fluorescencia atómica,DISCRETA,5,3/16/2021,5,S2A_MSIL2A_20210316T105031_N0214_R051_T30TXK_20210316T134446,0.0036,0.0094,0.0101,0.0001,0.0001,0.0001,0.0001,0.0001,0.0001,,0.0009,0.0016,0,6,0,0.060925
JU06660017,-1.0992,39.7301,3/11/2021,Estación punto de presa E. de Benagéber,DETERMINACION FÍSICO-QUÍMICA IN SITU,CLOROFILA A,0.6,µg/L,"0,6",0.029999999,Fluorescencia atómica,DISCRETA,11,3/16/2021,5,S2A_MSIL2A_20210316T105031_N0214_R051_T30TXK_20210316T134446,0.0036,0.0094,0.0101,0.0001,0.0001,0.0001,0.0001,0.0001,0.0001,,0.0009,0.0016,0,6,0,0.060925
JU06660017,-1.0992,39.7301,3/11/2021,Estación punto de presa E. de Benagéber,DETERMINACION FÍSICO-QUÍMICA IN SITU,CLOROFILA A,0.03,µg/L,"0,03",0.029999999,Fluorescencia atómica,DISCRETA,44,3/16/2021,5,S2A_MSIL2A_20210316T105031_N0214_R051_T30TXK_20210316T134446,0.0036,0.0094,0.0101,0.0001,0.0001,0.0001,0.0001,0.0001,0.0001,,0.0009,0.0016,0,6,0,0.060925
JU06660017,-1.0992,39.7301,3/11/2021,Estación punto de presa E. de Benagéber,DETERMINACION FÍSICO-QUÍMICA IN SITU,CLOROFILA A,0.01,µg/L,"0,01",0.029999999,Fluorescencia atómica,DISCRETA,45,3/16/2021,5,S2A_MSIL2A_20210316T105031_N0214_R051_T30TXK_20210316T134446,0.0036,0.0094,0.0101,0.0001,0.0001,0.0001,0.0001,0.0001,0.0001,,0.0009,0.0016,0,6,0,0.060925
JU06660017,-1.0992,39.7301,3/11/2021,Estación punto de presa E. de Benagéber,DETERMINACION FÍSICO-QUÍMICA IN SITU,CLOROFILA A,0.01,µg/L,"0,01",0.029999999,Fluorescencia atómica,DISCRETA,49,3/16/2021,5,S2A_MSIL2A_20210316T105031_N0214_R051_T30TXK_20210316T134446,0.0036,0.0094,0.0101,0.0001,0.0001,0.0001,0.0001,0.0001,0.0001,,0.0009,0.0016,0,6,0,0.060925
JU06660017,-1.0992,39.7301,3/11/2021,Estación punto de presa E. de Benagéber,DETERMINACION FÍSICO-QUÍMICA IN SITU,CLOROFILA A,0.02,µg/L,"0,02",0.029999999,Fluorescencia atómica,DISCRETA,54,3/16/2021,5,S2A_MSIL2A_20210316T105031_N0214_R051_T30TXK_20210316T134446,0.0036,0.0094,0.0101,0.0001,0.0001,0.0001,0.0001,0.0001,0.0001,,0.0009,0.0016,0,6,0,0.060925
JU06660017,-1.0992,39.7301,3/11/2021,Estación punto de presa E. de Benagéber,DETERMINACION FÍSICO-QUÍMICA IN SITU,CLOROFILA A,0,µg/L,"<0,03",0.029999999,Fluorescencia atómica,DISCRETA,43,3/16/2021,5,S2A_MSIL2A_20210316T105031_N0214_R051_T30TXK_20210316T134446,0.0036,0.0094,0.0101,0.0001,0.0001,0.0001,0.0001,0.0001,0.0001,,0.0009,0.0016,0,6,0,0.060925
JU06660017,-1.0992,39.7301,3/11/2021,Estación punto de presa E. de Benagéber,DETERMINACION FÍSICO-QUÍMICA IN SITU,CLOROFILA A,0,µg/L,"<0,03",0.029999999,Fluorescencia atómica,DISCRETA,48,3/16/2021,5,S2A_MSIL2A_20210316T105031_N0214_R051_T30TXK_20210316T134446,0.0036,0.0094,0.0101,0.0001,0.0001,0.0001,0.0001,0.0001,0.0001,,0.0009,0.0016,0,6,0,0.060925
JU06660017,-1.0992,39.7301,3/11/2021,Estación punto de presa E. de Benagéber,DETERMINACION FÍSICO-QUÍMICA IN SITU,CLOROFILA A,0,µg/L,"<0,03",0.029999999,Fluorescencia atómica,DISCRETA,51,3/16/2021,5,S2A_MSIL2A_20210316T105031_N0214_R051_T30TXK_20210316T134446,0.0036,0.0094,0.0101,0.0001,0.0001,0.0001,0.0001,0.0001,0.0001,,0.0009,0.0016,0,6,0,0.060925
JU06660017,-1.0992,39.7301,3/11/2021,Estación punto de presa E. de Benagéber,DETERMINACION FÍSICO-QUÍMICA IN SITU,CLOROFILA A,0,µg/L,"<0,03",0.029999999,Fluorescencia atómica,DISCRETA,52,3/16/2021,5,S2A_MSIL2A_20210316T105031_N0214_R051_T30TXK_20210316T134446,0.0036,0.0094,0.0101,0.0001,0.0001,0.0001,0.0001,0.0001,0.0001,,0.0009,0.0016,0,6,0,0.060925
JU06660017,-1.0992,39.7301,3/11/2021,Estación punto de presa E. de Benagéber,DETERMINACION FÍSICO-QUÍMICA IN SITU,CLOROFILA A,0.01,µg/L,"0,01",0.029999999,Fluorescencia atómica,DISCRETA,53,3/16/2021,5,S2A_MSIL2A_20210316T105031_N0214_R051_T30TXK_20210316T134446,0.0036,0.0094,0.0101,0.0001,0.0001,0.0001,0.0001,0.0001,0.0001,,0.0009,0.0016,0,6,0,0.060925
JU06660017,-1.0992,39.7301,3/11/2021,Estación punto de presa E. de Benagéber,TOMA DE MUESTRAS PARA LABORATORIO,FOSFORO TOTAL,0,mg P/l,"<0,02",0.02,Espectofotometría de absorción molecular,INTEGRADA,-1,3/16/2021,5,S2A_MSIL2A_20210316T105031_N0214_R051_T30TXK_20210316T134446,0.0036,0.0094,0.0101,0.0001,0.0001,0.0001,0.0001,0.0001,0.0001,,0.0009,0.0016,0,6,0,0.060925
JU06660017,-1.0992,39.7301,3/11/2021,Estación punto de presa E. de Benagéber,DETERMINACION FÍSICO-QUÍMICA IN SITU,Profundidad del disco de secchi,7.5,m,,,,INTEGRADA,-1,3/16/2021,5,S2A_MSIL2A_20210316T105031_N0214_R051_T30TXK_20210316T134446,0.0036,0.0094,0.0101,0.0001,0.0001,0.0001,0.0001,0.0001,0.0001,,0.0009,0.0016,0,6,0,0.060925
JU06150028,-0.2307,40.0116,12/9/2020,Estación punto de presa E. de Sitjar,DETERMINACION FÍSICO-QUÍMICA IN SITU,CLOROFILA A,0.28,µg/L,"0,28",0.029999999,Fluorescencia atómica,DISCRETA,12,12/6/2020,3,S2A_MSIL2A_20201206T105431_N0214_R051_T30TYK_20201206T134033,0.045,0.0656,0.0788,0.0187,0.0087,0.0001,0.0003,0.0006,0.0003,0.0001,0.0024,0.0027,0,6,0,16.569106
JU06150028,-0.2307,40.0116,12/9/2020,Estación punto de presa E. de Sitjar,DETERMINACION FÍSICO-QUÍMICA IN SITU,CLOROFILA A,0.21,µg/L,"0,21",0.029999999,Fluorescencia atómica,DISCRETA,14,12/6/2020,3,S2A_MSIL2A_20201206T105431_N0214_R051_T30TYK_20201206T134033,0.045,0.0656,0.0788,0.0187,0.0087,0.0001,0.0003,0.0006,0.0003,0.0001,0.0024,0.0027,0,6,0,16.569106
JU06150028,-0.2307,40.0116,12/9/2020,Estación punto de presa E. de Sitjar,DETERMINACION FÍSICO-QUÍMICA IN SITU,CLOROFILA A,0.17,µg/L,"0,17",0.029999999,Fluorescencia atómica,DISCRETA,23,12/6/2020,3,S2A_MSIL2A_20201206T105431_N0214_R051_T30TYK_20201206T134033,0.045,0.0656,0.0788,0.0187,0.0087,0.0001,0.0003,0.0006,0.0003,0.0001,0.0024,0.0027,0,6,0,16.569106
JU06150028,-0.2307,40.0116,12/9/2020,Estación punto de presa E. de Sitjar,DETERMINACION FÍSICO-QUÍMICA IN SITU,CLOROFILA A,0.26,µg/L,"0,26",0.029999999,Fluorescencia atómica,DISCRETA,13,12/6/2020,3,S2A_MSIL2A_20201206T105431_N0214_R051_T30TYK_20201206T134033,0.045,0.0656,0.0788,0.0187,0.0087,0.0001,0.0003,0.0006,0.0003,0.0001,0.0024,0.0027,0,6,0,16.569106
JU06150028,-0.2307,40.0116,12/9/2020,Estación punto de presa E. de Sitjar,DETERMINACION FÍSICO-QUÍMICA IN SITU,CLOROFILA A,0.2,µg/L,"0,2",0.029999999,Fluorescencia atómica,DISCRETA,11,12/6/2020,3,S2A_MSIL2A_20201206T105431_N0214_R051_T30TYK_20201206T134033,0.045,0.0656,0.0788,0.0187,0.0087,0.0001,0.0003,0.0006,0.0003,0.0001,0.0024,0.0027,0,6,0,16.569106
JU06150028,-0.2307,40.0116,12/9/2020,Estación punto de presa E. de Sitjar,DETERMINACION FÍSICO-QUÍMICA IN SITU,CLOROFILA A,0.18,µg/L,"0,18",0.029999999,Fluorescencia atómica,DISCRETA,6,12/6/2020,3,S2A_MSIL2A_20201206T105431_N0214_R051_T30TYK_20201206T134033,0.045,0.0656,0.0788,0.0187,0.0087,0.0001,0.0003,0.0006,0.0003,0.0001,0.0024,0.0027,0,6,0,16.569106
JU06150028,-0.2307,40.0116,12/9/2020,Estación punto de presa E. de Sitjar,DETERMINACION FÍSICO-QUÍMICA IN SITU,CLOROFILA A,0.2,µg/L,"0,2",0.029999999,Fluorescencia atómica,DISCRETA,17,12/6/2020,3,S2A_MSIL2A_20201206T105431_N0214_R051_T30TYK_20201206T134033,0.045,0.0656,0.0788,0.0187,0.0087,0.0001,0.0003,0.0006,0.0003,0.0001,0.0024,0.0027,0,6,0,16.569106
JU06150028,-0.2307,40.0116,12/9/2020,Estación punto de presa E. de Sitjar,DETERMINACION FÍSICO-QUÍMICA IN SITU,CLOROFILA A,0.02,µg/L,"0,02",0.029999999,Fluorescencia atómica,DISCRETA,1,12/6/2020,3,S2A_MSIL2A_20201206T105431_N0214_R051_T30TYK_20201206T134033,0.045,0.0656,0.0788,0.0187,0.0087,0.0001,0.0003,0.0006,0.0003,0.0001,0.0024,0.0027,0,6,0,16.569106
JU06150028,-0.2307,40.0116,12/9/2020,Estación punto de presa E. de Sitjar,DETERMINACION FÍSICO-QUÍMICA IN SITU,CLOROFILA A,1.29,µg/L,"1,29",0.029999999,Fluorescencia atómica,DISCRETA,25,12/6/2020,3,S2A_MSIL2A_20201206T105431_N0214_R051_T30TYK_20201206T134033,0.045,0.0656,0.0788,0.0187,0.0087,0.0001,0.0003,0.0006,0.0003,0.0001,0.0024,0.0027,0,6,0,16.569106
JU06150028,-0.2307,40.0116,12/9/2020,Estación punto de presa E. de Sitjar,DETERMINACION FÍSICO-QUÍMICA IN SITU,CLOROFILA A,0.06,µg/L,"0,06",0.029999999,Fluorescencia atómica,DISCRETA,2,12/6/2020,3,S2A_MSIL2A_20201206T105431_N0214_R051_T30TYK_20201206T134033,0.045,0.0656,0.0788,0.0187,0.0087,0.0001,0.0003,0.0006,0.0003,0.0001,0.0024,0.0027,0,6,0,16.569106
JU06150028,-0.2307,40.0116,12/9/2020,Estación punto de presa E. de Sitjar,DETERMINACION FÍSICO-QUÍMICA IN SITU,CLOROFILA A,0.16,µg/L,"0,16",0.029999999,Fluorescencia atómica,DISCRETA,4,12/6/2020,3,S2A_MSIL2A_20201206T105431_N0214_R051_T30TYK_20201206T134033,0.045,0.0656,0.0788,0.0187,0.0087,0.0001,0.0003,0.0006,0.0003,0.0001,0.0024,0.0027,0,6,0,16.569106
JU06150028,-0.2307,40.0116,12/9/2020,Estación punto de presa E. de Sitjar,DETERMINACION FÍSICO-QUÍMICA IN SITU,CLOROFILA A,0.17,µg/L,"0,17",0.029999999,Fluorescencia atómica,DISCRETA,5,12/6/2020,3,S2A_MSIL2A_20201206T105431_N0214_R051_T30TYK_20201206T134033,0.045,0.0656,0.0788,0.0187,0.0087,0.0001,0.0003,0.0006,0.0003,0.0001,0.0024,0.0027,0,6,0,16.569106
JU06150028,-0.2307,40.0116,12/9/2020,Estación punto de presa E. de Sitjar,DETERMINACION FÍSICO-QUÍMICA IN SITU,CLOROFILA A,0.16,µg/L,"0,16",0.029999999,Fluorescencia atómica,DISCRETA,7,12/6/2020,3,S2A_MSIL2A_20201206T105431_N0214_R051_T30TYK_20201206T134033,0.045,0.0656,0.0788,0.0187,0.0087,0.0001,0.0003,0.0006,0.0003,0.0001,0.0024,0.0027,0,6,0,16.569106
JU06150028,-0.2307,40.0116,12/9/2020,Estación punto de presa E. de Sitjar,DETERMINACION FÍSICO-QUÍMICA IN SITU,CLOROFILA A,0.17,µg/L,"0,17",0.029999999,Fluorescencia atómica,DISCRETA,8,12/6/2020,3,S2A_MSIL2A_20201206T105431_N0214_R051_T30TYK_20201206T134033,0.045,0.0656,0.0788,0.0187,0.0087,0.0001,0.0003,0.0006,0.0003,0.0001,0.0024,0.0027,0,6,0,16.569106
JU06150028,-0.2307,40.0116,12/9/2020,Estación punto de presa E. de Sitjar,DETERMINACION FÍSICO-QUÍMICA IN SITU,CLOROFILA A,0.04,µg/L,"0,04",0.029999999,Fluorescencia atómica,DISCRETA,0,12/6/2020,3,S2A_MSIL2A_20201206T105431_N0214_R051_T30TYK_20201206T134033,0.045,0.0656,0.0788,0.0187,0.0087,0.0001,0.0003,0.0006,0.0003,0.0001,0.0024,0.0027,0,6,0,16.569106
JU06150028,-0.2307,40.0116,12/9/2020,Estación punto de presa E. de Sitjar,DETERMINACION FÍSICO-QUÍMICA IN SITU,CLOROFILA A,0.22,µg/L,"0,22",0.029999999,Fluorescencia atómica,DISCRETA,15,12/6/2020,3,S2A_MSIL2A_20201206T105431_N0214_R051_T30TYK_20201206T134033,0.045,0.0656,0.0788,0.0187,0.0087,0.0001,0.0003,0.0006,0.0003,0.0001,0.0024,0.0027,0,6,0,16.569106
JU06150028,-0.2307,40.0116,12/9/2020,Estación punto de presa E. de Sitjar,DETERMINACION FÍSICO-QUÍMICA IN SITU,CLOROFILA A,0.21,µg/L,"0,21",0.029999999,Fluorescencia atómica,DISCRETA,24,12/6/2020,3,S2A_MSIL2A_20201206T105431_N0214_R051_T30TYK_20201206T134033,0.045,0.0656,0.0788,0.0187,0.0087,0.0001,0.0003,0.0006,0.0003,0.0001,0.0024,0.0027,0,6,0,16.569106
JU06150028,-0.2307,40.0116,12/9/2020,Estación punto de presa E. de Sitjar,DETERMINACION FÍSICO-QUÍMICA IN SITU,CLOROFILA A,1.41,µg/L,"1,41",0.029999999,Fluorescencia atómica,DISCRETA,26,12/6/2020,3,S2A_MSIL2A_20201206T105431_N0214_R051_T30TYK_20201206T134033,0.045,0.0656,0.0788,0.0187,0.0087,0.0001,0.0003,0.0006,0.0003,0.0001,0.0024,0.0027,0,6,0,16.569106
JU06150028,-0.2307,40.0116,12/9/2020,Estación punto de presa E. de Sitjar,TOMA DE MUESTRAS PARA LABORATORIO,SOLIDOS EN SUSPENSION,4,mg/L,4,2,Gravimetría,INTEGRADA,-1,12/6/2020,3,S2A_MSIL2A_20201206T105431_N0214_R051_T30TYK_20201206T134033,0.045,0.0656,0.0788,0.0187,0.0087,0.0001,0.0003,0.0006,0.0003,0.0001,0.0024,0.0027,0,6,0,16.569106
JU06150028,-0.2307,40.0116,12/9/2020,Estación punto de presa E. de Sitjar,DETERMINACION FÍSICO-QUÍMICA IN SITU,CLOROFILA A,0.24,µg/L,"0,24",0.029999999,Fluorescencia atómica,DISCRETA,10,12/6/2020,3,S2A_MSIL2A_20201206T105431_N0214_R051_T30TYK_20201206T134033,0.045,0.0656,0.0788,0.0187,0.0087,0.0001,0.0003,0.0006,0.0003,0.0001,0.0024,0.0027,0,6,0,16.569106
JU06150028,-0.2307,40.0116,12/9/2020,Estación punto de presa E. de Sitjar,DETERMINACION FÍSICO-QUÍMICA IN SITU,CLOROFILA A,0.15,µg/L,"0,15",0.029999999,Fluorescencia atómica,DISCRETA,19,12/6/2020,3,S2A_MSIL2A_20201206T105431_N0214_R051_T30TYK_20201206T134033,0.045,0.0656,0.0788,0.0187,0.0087,0.0001,0.0003,0.0006,0.0003,0.0001,0.0024,0.0027,0,6,0,16.569106
JU06150028,-0.2307,40.0116,12/9/2020,Estación punto de presa E. de Sitjar,DETERMINACION FÍSICO-QUÍMICA IN SITU,CLOROFILA A,0.17,µg/L,"0,17",0.029999999,Fluorescencia atómica,DISCRETA,22,12/6/2020,3,S2A_MSIL2A_20201206T105431_N0214_R051_T30TYK_20201206T134033,0.045,0.0656,0.0788,0.0187,0.0087,0.0001,0.0003,0.0006,0.0003,0.0001,0.0024,0.0027,0,6,0,16.569106
JU06150028,-0.2307,40.0116,12/9/2020,Estación punto de presa E. de Sitjar,DETERMINACION FÍSICO-QUÍMICA IN SITU,CLOROFILA A,0.2,µg/L,"0,2",0.029999999,Fluorescencia atómica,DISCRETA,3,12/6/2020,3,S2A_MSIL2A_20201206T105431_N0214_R051_T30TYK_20201206T134033,0.045,0.0656,0.0788,0.0187,0.0087,0.0001,0.0003,0.0006,0.0003,0.0001,0.0024,0.0027,0,6,0,16.569106
JU06150028,-0.2307,40.0116,12/9/2020,Estación punto de presa E. de Sitjar,DETERMINACION FÍSICO-QUÍMICA IN SITU,CLOROFILA A,0.2,µg/L,"0,2",0.029999999,Fluorescencia atómica,DISCRETA,9,12/6/2020,3,S2A_MSIL2A_20201206T105431_N0214_R051_T30TYK_20201206T134033,0.045,0.0656,0.0788,0.0187,0.0087,0.0001,0.0003,0.0006,0.0003,0.0001,0.0024,0.0027,0,6,0,16.569106
JU06150028,-0.2307,40.0116,12/9/2020,Estación punto de presa E. de Sitjar,DETERMINACION FÍSICO-QUÍMICA IN SITU,CLOROFILA A,0.2,µg/L,"0,2",0.029999999,Fluorescencia atómica,DISCRETA,16,12/6/2020,3,S2A_MSIL2A_20201206T105431_N0214_R051_T30TYK_20201206T134033,0.045,0.0656,0.0788,0.0187,0.0087,0.0001,0.0003,0.0006,0.0003,0.0001,0.0024,0.0027,0,6,0,16.569106
JU06150028,-0.2307,40.0116,12/9/2020,Estación punto de presa E. de Sitjar,DETERMINACION FÍSICO-QUÍMICA IN SITU,CLOROFILA A,0.15,µg/L,"0,15",0.029999999,Fluorescencia atómica,DISCRETA,18,12/6/2020,3,S2A_MSIL2A_20201206T105431_N0214_R051_T30TYK_20201206T134033,0.045,0.0656,0.0788,0.0187,0.0087,0.0001,0.0003,0.0006,0.0003,0.0001,0.0024,0.0027,0,6,0,16.569106
JU06150028,-0.2307,40.0116,12/9/2020,Estación punto de presa E. de Sitjar,DETERMINACION FÍSICO-QUÍMICA IN SITU,CLOROFILA A,0.14,µg/L,"0,14",0.029999999,Fluorescencia atómica,DISCRETA,20,12/6/2020,3,S2A_MSIL2A_20201206T105431_N0214_R051_T30TYK_20201206T134033,0.045,0.0656,0.0788,0.0187,0.0087,0.0001,0.0003,0.0006,0.0003,0.0001,0.0024,0.0027,0,6,0,16.569106
JU06150028,-0.2307,40.0116,12/9/2020,Estación punto de presa E. de Sitjar,DETERMINACION FÍSICO-QUÍMICA IN SITU,CLOROFILA A,0.15,µg/L,"0,15",0.029999999,Fluorescencia atómica,DISCRETA,21,12/6/2020,3,S2A_MSIL2A_20201206T105431_N0214_R051_T30TYK_20201206T134033,0.045,0.0656,0.0788,0.0187,0.0087,0.0001,0.0003,0.0006,0.0003,0.0001,0.0024,0.0027,0,6,0,16.569106
JU06150028,-0.2307,40.0116,12/9/2020,Estación punto de presa E. de Sitjar,TOMA DE MUESTRAS PARA LABORATORIO,FOSFORO TOTAL,0,mg P/l,"<0,02",0.02,Espectofotometría de absorción molecular,INTEGRADA,-1,12/6/2020,3,S2A_MSIL2A_20201206T105431_N0214_R051_T30TYK_20201206T134033,0.045,0.0656,0.0788,0.0187,0.0087,0.0001,0.0003,0.0006,0.0003,0.0001,0.0024,0.0027,0,6,0,16.569106
JU06150028,-0.2307,40.0116,12/9/2020,Estación punto de presa E. de Sitjar,DETERMINACION FÍSICO-QUÍMICA IN SITU,Profundidad del disco de secchi,2.799999952,m,,,,INTEGRADA,-1,12/6/2020,3,S2A_MSIL2A_20201206T105431_N0214_R051_T30TYK_20201206T134033,0.045,0.0656,0.0788,0.0187,0.0087,0.0001,0.0003,0.0006,0.0003,0.0001,0.0024,0.0027,0,6,0,16.569106
JU06160014,-0.164,40.0293,12/2/2020,Estación punto de presa E. de María Cristina,DETERMINACION FÍSICO-QUÍMICA IN SITU,CLOROFILA A,2.89,µg/L,"2,89",0.029999999,Fluorescencia atómica,DISCRETA,1.5,12/1/2020,1,S2B_MSIL2A_20201201T105419_N0214_R051_T30TYK_20201201T124524,0.0322,0.0604,0.1044,0.0543,0.0417,0.0121,0.0135,0.0134,0.012,0.0104,0.0145,0.0133,0,6,1,51.4607
JU06160014,-0.164,40.0293,12/2/2020,Estación punto de presa E. de María Cristina,DETERMINACION FÍSICO-QUÍMICA IN SITU,CLOROFILA A,3.51,µg/L,"3,51",0.029999999,Fluorescencia atómica,DISCRETA,2,12/1/2020,1,S2B_MSIL2A_20201201T105419_N0214_R051_T30TYK_20201201T124524,0.0322,0.0604,0.1044,0.0543,0.0417,0.0121,0.0135,0.0134,0.012,0.0104,0.0145,0.0133,0,6,1,51.4607
JU06160014,-0.164,40.0293,12/2/2020,Estación punto de presa E. de María Cristina,DETERMINACION FÍSICO-QUÍMICA IN SITU,CLOROFILA A,3.53,µg/L,"3,53",0.029999999,Fluorescencia atómica,DISCRETA,6.5,12/1/2020,1,S2B_MSIL2A_20201201T105419_N0214_R051_T30TYK_20201201T124524,0.0322,0.0604,0.1044,0.0543,0.0417,0.0121,0.0135,0.0134,0.012,0.0104,0.0145,0.0133,0,6,1,51.4607
JU06160014,-0.164,40.0293,12/2/2020,Estación punto de presa E. de María Cristina,DETERMINACION FÍSICO-QUÍMICA IN SITU,CLOROFILA A,3.38,µg/L,"3,38",0.029999999,Fluorescencia atómica,DISCRETA,7,12/1/2020,1,S2B_MSIL2A_20201201T105419_N0214_R051_T30TYK_20201201T124524,0.0322,0.0604,0.1044,0.0543,0.0417,0.0121,0.0135,0.0134,0.012,0.0104,0.0145,0.0133,0,6,1,51.4607
JU06160014,-0.164,40.0293,12/2/2020,Estación punto de presa E. de María Cristina,DETERMINACION FÍSICO-QUÍMICA IN SITU,CLOROFILA A,3.53,µg/L,"3,53",0.029999999,Fluorescencia atómica,DISCRETA,3.5,12/1/2020,1,S2B_MSIL2A_20201201T105419_N0214_R051_T30TYK_20201201T124524,0.0322,0.0604,0.1044,0.0543,0.0417,0.0121,0.0135,0.0134,0.012,0.0104,0.0145,0.0133,0,6,1,51.4607
JU06160014,-0.164,40.0293,12/2/2020,Estación punto de presa E. de María Cristina,DETERMINACION FÍSICO-QUÍMICA IN SITU,CLOROFILA A,3.24,µg/L,"3,24",0.029999999,Fluorescencia atómica,DISCRETA,7.5,12/1/2020,1,S2B_MSIL2A_20201201T105419_N0214_R051_T30TYK_20201201T124524,0.0322,0.0604,0.1044,0.0543,0.0417,0.0121,0.0135,0.0134,0.012,0.0104,0.0145,0.0133,0,6,1,51.4607
JU06160014,-0.164,40.0293,12/2/2020,Estación punto de presa E. de María Cristina,TOMA DE MUESTRAS PARA LABORATORIO,SOLIDOS EN SUSPENSION,12,mg/L,12,2,Gravimetría,INTEGRADA,-1,12/1/2020,1,S2B_MSIL2A_20201201T105419_N0214_R051_T30TYK_20201201T124524,0.0322,0.0604,0.1044,0.0543,0.0417,0.0121,0.0135,0.0134,0.012,0.0104,0.0145,0.0133,0,6,1,51.4607
JU06160014,-0.164,40.0293,12/2/2020,Estación punto de presa E. de María Cristina,DETERMINACION FÍSICO-QUÍMICA IN SITU,CLOROFILA A,3.08,µg/L,"3,08",0.029999999,Fluorescencia atómica,DISCRETA,8,12/1/2020,1,S2B_MSIL2A_20201201T105419_N0214_R051_T30TYK_20201201T124524,0.0322,0.0604,0.1044,0.0543,0.0417,0.0121,0.0135,0.0134,0.012,0.0104,0.0145,0.0133,0,6,1,51.4607
JU06160014,-0.164,40.0293,12/2/2020,Estación punto de presa E. de María Cristina,DETERMINACION FÍSICO-QUÍMICA IN SITU,CLOROFILA A,3.39,µg/L,"3,39",0.029999999,Fluorescencia atómica,DISCRETA,2.5,12/1/2020,1,S2B_MSIL2A_20201201T105419_N0214_R051_T30TYK_20201201T124524,0.0322,0.0604,0.1044,0.0543,0.0417,0.0121,0.0135,0.0134,0.012,0.0104,0.0145,0.0133,0,6,1,51.4607
JU06160014,-0.164,40.0293,12/2/2020,Estación punto de presa E. de María Cristina,DETERMINACION FÍSICO-QUÍMICA IN SITU,CLOROFILA A,3.35,µg/L,"3,35",0.029999999,Fluorescencia atómica,DISCRETA,3,12/1/2020,1,S2B_MSIL2A_20201201T105419_N0214_R051_T30TYK_20201201T124524,0.0322,0.0604,0.1044,0.0543,0.0417,0.0121,0.0135,0.0134,0.012,0.0104,0.0145,0.0133,0,6,1,51.4607
JU06160014,-0.164,40.0293,12/2/2020,Estación punto de presa E. de María Cristina,DETERMINACION FÍSICO-QUÍMICA IN SITU,CLOROFILA A,3.34,µg/L,"3,34",0.029999999,Fluorescencia atómica,DISCRETA,4,12/1/2020,1,S2B_MSIL2A_20201201T105419_N0214_R051_T30TYK_20201201T124524,0.0322,0.0604,0.1044,0.0543,0.0417,0.0121,0.0135,0.0134,0.012,0.0104,0.0145,0.0133,0,6,1,51.4607
JU06160014,-0.164,40.0293,12/2/2020,Estación punto de presa E. de María Cristina,DETERMINACION FÍSICO-QUÍMICA IN SITU,CLOROFILA A,3.53,µg/L,"3,53",0.029999999,Fluorescencia atómica,DISCRETA,5.5,12/1/2020,1,S2B_MSIL2A_20201201T105419_N0214_R051_T30TYK_20201201T124524,0.0322,0.0604,0.1044,0.0543,0.0417,0.0121,0.0135,0.0134,0.012,0.0104,0.0145,0.0133,0,6,1,51.4607
JU06160014,-0.164,40.0293,12/2/2020,Estación punto de presa E. de María Cristina,DETERMINACION FÍSICO-QUÍMICA IN SITU,CLOROFILA A,3.42,µg/L,"3,42",0.029999999,Fluorescencia atómica,DISCRETA,5,12/1/2020,1,S2B_MSIL2A_20201201T105419_N0214_R051_T30TYK_20201201T124524,0.0322,0.0604,0.1044,0.0543,0.0417,0.0121,0.0135,0.0134,0.012,0.0104,0.0145,0.0133,0,6,1,51.4607
JU06160014,-0.164,40.0293,12/2/2020,Estación punto de presa E. de María Cristina,DETERMINACION FÍSICO-QUÍMICA IN SITU,CLOROFILA A,2.49,µg/L,"2,49",0.029999999,Fluorescencia atómica,DISCRETA,0,12/1/2020,1,S2B_MSIL2A_20201201T105419_N0214_R051_T30TYK_20201201T124524,0.0322,0.0604,0.1044,0.0543,0.0417,0.0121,0.0135,0.0134,0.012,0.0104,0.0145,0.0133,0,6,1,51.4607
JU06160014,-0.164,40.0293,12/2/2020,Estación punto de presa E. de María Cristina,DETERMINACION FÍSICO-QUÍMICA IN SITU,CLOROFILA A,2.54,µg/L,"2,54",0.029999999,Fluorescencia atómica,DISCRETA,0.5,12/1/2020,1,S2B_MSIL2A_20201201T105419_N0214_R051_T30TYK_20201201T124524,0.0322,0.0604,0.1044,0.0543,0.0417,0.0121,0.0135,0.0134,0.012,0.0104,0.0145,0.0133,0,6,1,51.4607
JU06160014,-0.164,40.0293,12/2/2020,Estación punto de presa E. de María Cristina,DETERMINACION FÍSICO-QUÍMICA IN SITU,CLOROFILA A,2.54,µg/L,"2,54",0.029999999,Fluorescencia atómica,DISCRETA,1,12/1/2020,1,S2B_MSIL2A_20201201T105419_N0214_R051_T30TYK_20201201T124524,0.0322,0.0604,0.1044,0.0543,0.0417,0.0121,0.0135,0.0134,0.012,0.0104,0.0145,0.0133,0,6,1,51.4607
JU06160014,-0.164,40.0293,12/2/2020,Estación punto de presa E. de María Cristina,DETERMINACION FÍSICO-QUÍMICA IN SITU,CLOROFILA A,3.61,µg/L,"3,61",0.029999999,Fluorescencia atómica,DISCRETA,4.5,12/1/2020,1,S2B_MSIL2A_20201201T105419_N0214_R051_T30TYK_20201201T124524,0.0322,0.0604,0.1044,0.0543,0.0417,0.0121,0.0135,0.0134,0.012,0.0104,0.0145,0.0133,0,6,1,51.4607
JU06160014,-0.164,40.0293,12/2/2020,Estación punto de presa E. de María Cristina,DETERMINACION FÍSICO-QUÍMICA IN SITU,CLOROFILA A,3.51,µg/L,"3,51",0.029999999,Fluorescencia atómica,DISCRETA,6,12/1/2020,1,S2B_MSIL2A_20201201T105419_N0214_R051_T30TYK_20201201T124524,0.0322,0.0604,0.1044,0.0543,0.0417,0.0121,0.0135,0.0134,0.012,0.0104,0.0145,0.0133,0,6,1,51.4607
JU06160014,-0.164,40.0293,12/2/2020,Estación punto de presa E. de María Cristina,TOMA DE MUESTRAS PARA LABORATORIO,FOSFORO TOTAL,0.021,mg P/l,"0,021",0.02,Espectofotometría de absorción molecular,INTEGRADA,-1,12/1/2020,1,S2B_MSIL2A_20201201T105419_N0214_R051_T30TYK_20201201T124524,0.0322,0.0604,0.1044,0.0543,0.0417,0.0121,0.0135,0.0134,0.012,0.0104,0.0145,0.0133,0,6,1,51.4607
JU06160014,-0.164,40.0293,12/2/2020,Estación punto de presa E. de María Cristina,DETERMINACION FÍSICO-QUÍMICA IN SITU,Profundidad del disco de secchi,0.850000024,m,,,,INTEGRADA,-1,12/1/2020,1,S2B_MSIL2A_20201201T105419_N0214_R051_T30TYK_20201201T124524,0.0322,0.0604,0.1044,0.0543,0.0417,0.0121,0.0135,0.0134,0.012,0.0104,0.0145,0.0133,0,6,1,51.4607
JU06660017,-1.0992,39.7301,11/25/2020,Estación punto de presa E. de Benagéber,DETERMINACION FÍSICO-QUÍMICA IN SITU,CLOROFILA A,1.07,µg/L,"1,07",0.029999999,Fluorescencia atómica,DISCRETA,12,11/21/2020,4,S2B_MSIL2A_20201121T105349_N0214_R051_T30SXJ_20201121T124541,0.0001,0.0089,0.0078,0.0001,0.0001,0.0001,0.0001,0.0001,0.0001,,0.0016,0.0019,0,6,0,2.58723
JU06660017,-1.0992,39.7301,11/25/2020,Estación punto de presa E. de Benagéber,DETERMINACION FÍSICO-QUÍMICA IN SITU,CLOROFILA A,1.09,µg/L,"1,09",0.029999999,Fluorescencia atómica,DISCRETA,15,11/21/2020,4,S2B_MSIL2A_20201121T105349_N0214_R051_T30SXJ_20201121T124541,0.0001,0.0089,0.0078,0.0001,0.0001,0.0001,0.0001,0.0001,0.0001,,0.0016,0.0019,0,6,0,2.58723
JU06660017,-1.0992,39.7301,11/25/2020,Estación punto de presa E. de Benagéber,DETERMINACION FÍSICO-QUÍMICA IN SITU,CLOROFILA A,0.14,µg/L,"0,14",0.029999999,Fluorescencia atómica,DISCRETA,49,11/21/2020,4,S2B_MSIL2A_20201121T105349_N0214_R051_T30SXJ_20201121T124541,0.0001,0.0089,0.0078,0.0001,0.0001,0.0001,0.0001,0.0001,0.0001,,0.0016,0.0019,0,6,0,2.58723
JU06660017,-1.0992,39.7301,11/25/2020,Estación punto de presa E. de Benagéber,DETERMINACION FÍSICO-QUÍMICA IN SITU,CLOROFILA A,0.18,µg/L,"0,18",0.029999999,Fluorescencia atómica,DISCRETA,50,11/21/2020,4,S2B_MSIL2A_20201121T105349_N0214_R051_T30SXJ_20201121T124541,0.0001,0.0089,0.0078,0.0001,0.0001,0.0001,0.0001,0.0001,0.0001,,0.0016,0.0019,0,6,0,2.58723
JU06660017,-1.0992,39.7301,11/25/2020,Estación punto de presa E. de Benagéber,DETERMINACION FÍSICO-QUÍMICA IN SITU,CLOROFILA A,0.15,µg/L,"0,15",0.029999999,Fluorescencia atómica,DISCRETA,52,11/21/2020,4,S2B_MSIL2A_20201121T105349_N0214_R051_T30SXJ_20201121T124541,0.0001,0.0089,0.0078,0.0001,0.0001,0.0001,0.0001,0.0001,0.0001,,0.0016,0.0019,0,6,0,2.58723
JU06660017,-1.0992,39.7301,11/25/2020,Estación punto de presa E. de Benagéber,DETERMINACION FÍSICO-QUÍMICA IN SITU,CLOROFILA A,1.13,µg/L,"1,13",0.029999999,Fluorescencia atómica,DISCRETA,1,11/21/2020,4,S2B_MSIL2A_20201121T105349_N0214_R051_T30SXJ_20201121T124541,0.0001,0.0089,0.0078,0.0001,0.0001,0.0001,0.0001,0.0001,0.0001,,0.0016,0.0019,0,6,0,2.58723
JU06660017,-1.0992,39.7301,11/25/2020,Estación punto de presa E. de Benagéber,DETERMINACION FÍSICO-QUÍMICA IN SITU,CLOROFILA A,1.29,µg/L,"1,29",0.029999999,Fluorescencia atómica,DISCRETA,20,11/21/2020,4,S2B_MSIL2A_20201121T105349_N0214_R051_T30SXJ_20201121T124541,0.0001,0.0089,0.0078,0.0001,0.0001,0.0001,0.0001,0.0001,0.0001,,0.0016,0.0019,0,6,0,2.58723
JU06660017,-1.0992,39.7301,11/25/2020,Estación punto de presa E. de Benagéber,DETERMINACION FÍSICO-QUÍMICA IN SITU,CLOROFILA A,1.41,µg/L,"1,41",0.029999999,Fluorescencia atómica,DISCRETA,21,11/21/2020,4,S2B_MSIL2A_20201121T105349_N0214_R051_T30SXJ_20201121T124541,0.0001,0.0089,0.0078,0.0001,0.0001,0.0001,0.0001,0.0001,0.0001,,0.0016,0.0019,0,6,0,2.58723
JU06660017,-1.0992,39.7301,11/25/2020,Estación punto de presa E. de Benagéber,DETERMINACION FÍSICO-QUÍMICA IN SITU,CLOROFILA A,1.33,µg/L,"1,33",0.029999999,Fluorescencia atómica,DISCRETA,22,11/21/2020,4,S2B_MSIL2A_20201121T105349_N0214_R051_T30SXJ_20201121T124541,0.0001,0.0089,0.0078,0.0001,0.0001,0.0001,0.0001,0.0001,0.0001,,0.0016,0.0019,0,6,0,2.58723
JU06660017,-1.0992,39.7301,11/25/2020,Estación punto de presa E. de Benagéber,DETERMINACION FÍSICO-QUÍMICA IN SITU,CLOROFILA A,1.14,µg/L,"1,14",0.029999999,Fluorescencia atómica,DISCRETA,28,11/21/2020,4,S2B_MSIL2A_20201121T105349_N0214_R051_T30SXJ_20201121T124541,0.0001,0.0089,0.0078,0.0001,0.0001,0.0001,0.0001,0.0001,0.0001,,0.0016,0.0019,0,6,0,2.58723
JU06660017,-1.0992,39.7301,11/25/2020,Estación punto de presa E. de Benagéber,DETERMINACION FÍSICO-QUÍMICA IN SITU,CLOROFILA A,1.35,µg/L,"1,35",0.029999999,Fluorescencia atómica,DISCRETA,29,11/21/2020,4,S2B_MSIL2A_20201121T105349_N0214_R051_T30SXJ_20201121T124541,0.0001,0.0089,0.0078,0.0001,0.0001,0.0001,0.0001,0.0001,0.0001,,0.0016,0.0019,0,6,0,2.58723
JU06660017,-1.0992,39.7301,11/25/2020,Estación punto de presa E. de Benagéber,DETERMINACION FÍSICO-QUÍMICA IN SITU,CLOROFILA A,0.3,µg/L,"0,3",0.029999999,Fluorescencia atómica,DISCRETA,32,11/21/2020,4,S2B_MSIL2A_20201121T105349_N0214_R051_T30SXJ_20201121T124541,0.0001,0.0089,0.0078,0.0001,0.0001,0.0001,0.0001,0.0001,0.0001,,0.0016,0.0019,0,6,0,2.58723
JU06660017,-1.0992,39.7301,11/25/2020,Estación punto de presa E. de Benagéber,DETERMINACION FÍSICO-QUÍMICA IN SITU,CLOROFILA A,0.29,µg/L,"0,29",0.029999999,Fluorescencia atómica,DISCRETA,33,11/21/2020,4,S2B_MSIL2A_20201121T105349_N0214_R051_T30SXJ_20201121T124541,0.0001,0.0089,0.0078,0.0001,0.0001,0.0001,0.0001,0.0001,0.0001,,0.0016,0.0019,0,6,0,2.58723
JU06660017,-1.0992,39.7301,11/25/2020,Estación punto de presa E. de Benagéber,DETERMINACION FÍSICO-QUÍMICA IN SITU,CLOROFILA A,0.18,µg/L,"0,18",0.029999999,Fluorescencia atómica,DISCRETA,36,11/21/2020,4,S2B_MSIL2A_20201121T105349_N0214_R051_T30SXJ_20201121T124541,0.0001,0.0089,0.0078,0.0001,0.0001,0.0001,0.0001,0.0001,0.0001,,0.0016,0.0019,0,6,0,2.58723
JU06660017,-1.0992,39.7301,11/25/2020,Estación punto de presa E. de Benagéber,DETERMINACION FÍSICO-QUÍMICA IN SITU,CLOROFILA A,0.18,µg/L,"0,18",0.029999999,Fluorescencia atómica,DISCRETA,42,11/21/2020,4,S2B_MSIL2A_20201121T105349_N0214_R051_T30SXJ_20201121T124541,0.0001,0.0089,0.0078,0.0001,0.0001,0.0001,0.0001,0.0001,0.0001,,0.0016,0.0019,0,6,0,2.58723
JU06660017,-1.0992,39.7301,11/25/2020,Estación punto de presa E. de Benagéber,DETERMINACION FÍSICO-QUÍMICA IN SITU,CLOROFILA A,1.1,µg/L,"1,1",0.029999999,Fluorescencia atómica,DISCRETA,11,11/21/2020,4,S2B_MSIL2A_20201121T105349_N0214_R051_T30SXJ_20201121T124541,0.0001,0.0089,0.0078,0.0001,0.0001,0.0001,0.0001,0.0001,0.0001,,0.0016,0.0019,0,6,0,2.58723
JU06660017,-1.0992,39.7301,11/25/2020,Estación punto de presa E. de Benagéber,DETERMINACION FÍSICO-QUÍMICA IN SITU,CLOROFILA A,1.13,µg/L,"1,13",0.029999999,Fluorescencia atómica,DISCRETA,25,11/21/2020,4,S2B_MSIL2A_20201121T105349_N0214_R051_T30SXJ_20201121T124541,0.0001,0.0089,0.0078,0.0001,0.0001,0.0001,0.0001,0.0001,0.0001,,0.0016,0.0019,0,6,0,2.58723
JU06660017,-1.0992,39.7301,11/25/2020,Estación punto de presa E. de Benagéber,DETERMINACION FÍSICO-QUÍMICA IN SITU,CLOROFILA A,1.37,µg/L,"1,37",0.029999999,Fluorescencia atómica,DISCRETA,27,11/21/2020,4,S2B_MSIL2A_20201121T105349_N0214_R051_T30SXJ_20201121T124541,0.0001,0.0089,0.0078,0.0001,0.0001,0.0001,0.0001,0.0001,0.0001,,0.0016,0.0019,0,6,0,2.58723
JU06660017,-1.0992,39.7301,11/25/2020,Estación punto de presa E. de Benagéber,DETERMINACION FÍSICO-QUÍMICA IN SITU,CLOROFILA A,0.2,µg/L,"0,2",0.029999999,Fluorescencia atómica,DISCRETA,40,11/21/2020,4,S2B_MSIL2A_20201121T105349_N0214_R051_T30SXJ_20201121T124541,0.0001,0.0089,0.0078,0.0001,0.0001,0.0001,0.0001,0.0001,0.0001,,0.0016,0.0019,0,6,0,2.58723
JU06660017,-1.0992,39.7301,11/25/2020,Estación punto de presa E. de Benagéber,DETERMINACION FÍSICO-QUÍMICA IN SITU,CLOROFILA A,0.16,µg/L,"0,16",0.029999999,Fluorescencia atómica,DISCRETA,41,11/21/2020,4,S2B_MSIL2A_20201121T105349_N0214_R051_T30SXJ_20201121T124541,0.0001,0.0089,0.0078,0.0001,0.0001,0.0001,0.0001,0.0001,0.0001,,0.0016,0.0019,0,6,0,2.58723
JU06660017,-1.0992,39.7301,11/25/2020,Estación punto de presa E. de Benagéber,DETERMINACION FÍSICO-QUÍMICA IN SITU,CLOROFILA A,0.24,µg/L,"0,24",0.029999999,Fluorescencia atómica,DISCRETA,45,11/21/2020,4,S2B_MSIL2A_20201121T105349_N0214_R051_T30SXJ_20201121T124541,0.0001,0.0089,0.0078,0.0001,0.0001,0.0001,0.0001,0.0001,0.0001,,0.0016,0.0019,0,6,0,2.58723
JU06660017,-1.0992,39.7301,11/25/2020,Estación punto de presa E. de Benagéber,DETERMINACION FÍSICO-QUÍMICA IN SITU,CLOROFILA A,0.11,µg/L,"0,11",0.029999999,Fluorescencia atómica,DISCRETA,46,11/21/2020,4,S2B_MSIL2A_20201121T105349_N0214_R051_T30SXJ_20201121T124541,0.0001,0.0089,0.0078,0.0001,0.0001,0.0001,0.0001,0.0001,0.0001,,0.0016,0.0019,0,6,0,2.58723
JU06660017,-1.0992,39.7301,11/25/2020,Estación punto de presa E. de Benagéber,DETERMINACION FÍSICO-QUÍMICA IN SITU,CLOROFILA A,0.18,µg/L,"0,18",0.029999999,Fluorescencia atómica,DISCRETA,51,11/21/2020,4,S2B_MSIL2A_20201121T105349_N0214_R051_T30SXJ_20201121T124541,0.0001,0.0089,0.0078,0.0001,0.0001,0.0001,0.0001,0.0001,0.0001,,0.0016,0.0019,0,6,0,2.58723
JU06660017,-1.0992,39.7301,11/25/2020,Estación punto de presa E. de Benagéber,DETERMINACION FÍSICO-QUÍMICA IN SITU,CLOROFILA A,0.24,µg/L,"0,24",0.029999999,Fluorescencia atómica,DISCRETA,53,11/21/2020,4,S2B_MSIL2A_20201121T105349_N0214_R051_T30SXJ_20201121T124541,0.0001,0.0089,0.0078,0.0001,0.0001,0.0001,0.0001,0.0001,0.0001,,0.0016,0.0019,0,6,0,2.58723
JU06660017,-1.0992,39.7301,11/25/2020,Estación punto de presa E. de Benagéber,DETERMINACION FÍSICO-QUÍMICA IN SITU,CLOROFILA A,1.14,µg/L,"1,14",0.029999999,Fluorescencia atómica,DISCRETA,6,11/21/2020,4,S2B_MSIL2A_20201121T105349_N0214_R051_T30SXJ_20201121T124541,0.0001,0.0089,0.0078,0.0001,0.0001,0.0001,0.0001,0.0001,0.0001,,0.0016,0.0019,0,6,0,2.58723
JU06660017,-1.0992,39.7301,11/25/2020,Estación punto de presa E. de Benagéber,DETERMINACION FÍSICO-QUÍMICA IN SITU,CLOROFILA A,1,µg/L,1,0.029999999,Fluorescencia atómica,DISCRETA,10,11/21/2020,4,S2B_MSIL2A_20201121T105349_N0214_R051_T30SXJ_20201121T124541,0.0001,0.0089,0.0078,0.0001,0.0001,0.0001,0.0001,0.0001,0.0001,,0.0016,0.0019,0,6,0,2.58723
JU06660017,-1.0992,39.7301,11/25/2020,Estación punto de presa E. de Benagéber,DETERMINACION FÍSICO-QUÍMICA IN SITU,CLOROFILA A,1.14,µg/L,"1,14",0.029999999,Fluorescencia atómica,DISCRETA,17,11/21/2020,4,S2B_MSIL2A_20201121T105349_N0214_R051_T30SXJ_20201121T124541,0.0001,0.0089,0.0078,0.0001,0.0001,0.0001,0.0001,0.0001,0.0001,,0.0016,0.0019,0,6,0,2.58723
JU06660017,-1.0992,39.7301,11/25/2020,Estación punto de presa E. de Benagéber,DETERMINACION FÍSICO-QUÍMICA IN SITU,CLOROFILA A,1.31,µg/L,"1,31",0.029999999,Fluorescencia atómica,DISCRETA,23,11/21/2020,4,S2B_MSIL2A_20201121T105349_N0214_R051_T30SXJ_20201121T124541,0.0001,0.0089,0.0078,0.0001,0.0001,0.0001,0.0001,0.0001,0.0001,,0.0016,0.0019,0,6,0,2.58723
JU06660017,-1.0992,39.7301,11/25/2020,Estación punto de presa E. de Benagéber,DETERMINACION FÍSICO-QUÍMICA IN SITU,CLOROFILA A,1,µg/L,1,0.029999999,Fluorescencia atómica,DISCRETA,30,11/21/2020,4,S2B_MSIL2A_20201121T105349_N0214_R051_T30SXJ_20201121T124541,0.0001,0.0089,0.0078,0.0001,0.0001,0.0001,0.0001,0.0001,0.0001,,0.0016,0.0019,0,6,0,2.58723
JU06660017,-1.0992,39.7301,11/25/2020,Estación punto de presa E. de Benagéber,DETERMINACION FÍSICO-QUÍMICA IN SITU,CLOROFILA A,0.24,µg/L,"0,24",0.029999999,Fluorescencia atómica,DISCRETA,34,11/21/2020,4,S2B_MSIL2A_20201121T105349_N0214_R051_T30SXJ_20201121T124541,0.0001,0.0089,0.0078,0.0001,0.0001,0.0001,0.0001,0.0001,0.0001,,0.0016,0.0019,0,6,0,2.58723
JU06660017,-1.0992,39.7301,11/25/2020,Estación punto de presa E. de Benagéber,DETERMINACION FÍSICO-QUÍMICA IN SITU,CLOROFILA A,0.14,µg/L,"0,14",0.029999999,Fluorescencia atómica,DISCRETA,47,11/21/2020,4,S2B_MSIL2A_20201121T105349_N0214_R051_T30SXJ_20201121T124541,0.0001,0.0089,0.0078,0.0001,0.0001,0.0001,0.0001,0.0001,0.0001,,0.0016,0.0019,0,6,0,2.58723
JU06660017,-1.0992,39.7301,11/25/2020,Estación punto de presa E. de Benagéber,DETERMINACION FÍSICO-QUÍMICA IN SITU,CLOROFILA A,1.55,µg/L,"1,55",0.029999999,Fluorescencia atómica,DISCRETA,13,11/21/2020,4,S2B_MSIL2A_20201121T105349_N0214_R051_T30SXJ_20201121T124541,0.0001,0.0089,0.0078,0.0001,0.0001,0.0001,0.0001,0.0001,0.0001,,0.0016,0.0019,0,6,0,2.58723
JU06660017,-1.0992,39.7301,11/25/2020,Estación punto de presa E. de Benagéber,DETERMINACION FÍSICO-QUÍMICA IN SITU,CLOROFILA A,1.15,µg/L,"1,15",0.029999999,Fluorescencia atómica,DISCRETA,18,11/21/2020,4,S2B_MSIL2A_20201121T105349_N0214_R051_T30SXJ_20201121T124541,0.0001,0.0089,0.0078,0.0001,0.0001,0.0001,0.0001,0.0001,0.0001,,0.0016,0.0019,0,6,0,2.58723
JU06660017,-1.0992,39.7301,11/25/2020,Estación punto de presa E. de Benagéber,DETERMINACION FÍSICO-QUÍMICA IN SITU,CLOROFILA A,1.12,µg/L,"1,12",0.029999999,Fluorescencia atómica,DISCRETA,19,11/21/2020,4,S2B_MSIL2A_20201121T105349_N0214_R051_T30SXJ_20201121T124541,0.0001,0.0089,0.0078,0.0001,0.0001,0.0001,0.0001,0.0001,0.0001,,0.0016,0.0019,0,6,0,2.58723
JU06660017,-1.0992,39.7301,11/25/2020,Estación punto de presa E. de Benagéber,DETERMINACION FÍSICO-QUÍMICA IN SITU,CLOROFILA A,1.14,µg/L,"1,14",0.029999999,Fluorescencia atómica,DISCRETA,2,11/21/2020,4,S2B_MSIL2A_20201121T105349_N0214_R051_T30SXJ_20201121T124541,0.0001,0.0089,0.0078,0.0001,0.0001,0.0001,0.0001,0.0001,0.0001,,0.0016,0.0019,0,6,0,2.58723
JU06660017,-1.0992,39.7301,11/25/2020,Estación punto de presa E. de Benagéber,DETERMINACION FÍSICO-QUÍMICA IN SITU,CLOROFILA A,0.4,µg/L,"0,4",0.029999999,Fluorescencia atómica,DISCRETA,31,11/21/2020,4,S2B_MSIL2A_20201121T105349_N0214_R051_T30SXJ_20201121T124541,0.0001,0.0089,0.0078,0.0001,0.0001,0.0001,0.0001,0.0001,0.0001,,0.0016,0.0019,0,6,0,2.58723
JU06660017,-1.0992,39.7301,11/25/2020,Estación punto de presa E. de Benagéber,DETERMINACION FÍSICO-QUÍMICA IN SITU,CLOROFILA A,0.19,µg/L,"0,19",0.029999999,Fluorescencia atómica,DISCRETA,37,11/21/2020,4,S2B_MSIL2A_20201121T105349_N0214_R051_T30SXJ_20201121T124541,0.0001,0.0089,0.0078,0.0001,0.0001,0.0001,0.0001,0.0001,0.0001,,0.0016,0.0019,0,6,0,2.58723
JU06660017,-1.0992,39.7301,11/25/2020,Estación punto de presa E. de Benagéber,DETERMINACION FÍSICO-QUÍMICA IN SITU,CLOROFILA A,1.12,µg/L,"1,12",0.029999999,Fluorescencia atómica,DISCRETA,3,11/21/2020,4,S2B_MSIL2A_20201121T105349_N0214_R051_T30SXJ_20201121T124541,0.0001,0.0089,0.0078,0.0001,0.0001,0.0001,0.0001,0.0001,0.0001,,0.0016,0.0019,0,6,0,2.58723
JU06660017,-1.0992,39.7301,11/25/2020,Estación punto de presa E. de Benagéber,DETERMINACION FÍSICO-QUÍMICA IN SITU,CLOROFILA A,0.14,µg/L,"0,14",0.029999999,Fluorescencia atómica,DISCRETA,54,11/21/2020,4,S2B_MSIL2A_20201121T105349_N0214_R051_T30SXJ_20201121T124541,0.0001,0.0089,0.0078,0.0001,0.0001,0.0001,0.0001,0.0001,0.0001,,0.0016,0.0019,0,6,0,2.58723
JU06660017,-1.0992,39.7301,11/25/2020,Estación punto de presa E. de Benagéber,DETERMINACION FÍSICO-QUÍMICA IN SITU,CLOROFILA A,1.27,µg/L,"1,27",0.029999999,Fluorescencia atómica,DISCRETA,9,11/21/2020,4,S2B_MSIL2A_20201121T105349_N0214_R051_T30SXJ_20201121T124541,0.0001,0.0089,0.0078,0.0001,0.0001,0.0001,0.0001,0.0001,0.0001,,0.0016,0.0019,0,6,0,2.58723
JU06660017,-1.0992,39.7301,11/25/2020,Estación punto de presa E. de Benagéber,DETERMINACION FÍSICO-QUÍMICA IN SITU,CLOROFILA A,0.96,µg/L,"0,96",0.029999999,Fluorescencia atómica,DISCRETA,0,11/21/2020,4,S2B_MSIL2A_20201121T105349_N0214_R051_T30SXJ_20201121T124541,0.0001,0.0089,0.0078,0.0001,0.0001,0.0001,0.0001,0.0001,0.0001,,0.0016,0.0019,0,6,0,2.58723
JU06660017,-1.0992,39.7301,11/25/2020,Estación punto de presa E. de Benagéber,DETERMINACION FÍSICO-QUÍMICA IN SITU,CLOROFILA A,1.13,µg/L,"1,13",0.029999999,Fluorescencia atómica,DISCRETA,16,11/21/2020,4,S2B_MSIL2A_20201121T105349_N0214_R051_T30SXJ_20201121T124541,0.0001,0.0089,0.0078,0.0001,0.0001,0.0001,0.0001,0.0001,0.0001,,0.0016,0.0019,0,6,0,2.58723
JU06660017,-1.0992,39.7301,11/25/2020,Estación punto de presa E. de Benagéber,DETERMINACION FÍSICO-QUÍMICA IN SITU,CLOROFILA A,0.18,µg/L,"0,18",0.029999999,Fluorescencia atómica,DISCRETA,57,11/21/2020,4,S2B_MSIL2A_20201121T105349_N0214_R051_T30SXJ_20201121T124541,0.0001,0.0089,0.0078,0.0001,0.0001,0.0001,0.0001,0.0001,0.0001,,0.0016,0.0019,0,6,0,2.58723
JU06660017,-1.0992,39.7301,11/25/2020,Estación punto de presa E. de Benagéber,DETERMINACION FÍSICO-QUÍMICA IN SITU,CLOROFILA A,1.21,µg/L,"1,21",0.029999999,Fluorescencia atómica,DISCRETA,14,11/21/2020,4,S2B_MSIL2A_20201121T105349_N0214_R051_T30SXJ_20201121T124541,0.0001,0.0089,0.0078,0.0001,0.0001,0.0001,0.0001,0.0001,0.0001,,0.0016,0.0019,0,6,0,2.58723
JU06660017,-1.0992,39.7301,11/25/2020,Estación punto de presa E. de Benagéber,DETERMINACION FÍSICO-QUÍMICA IN SITU,CLOROFILA A,1.31,µg/L,"1,31",0.029999999,Fluorescencia atómica,DISCRETA,26,11/21/2020,4,S2B_MSIL2A_20201121T105349_N0214_R051_T30SXJ_20201121T124541,0.0001,0.0089,0.0078,0.0001,0.0001,0.0001,0.0001,0.0001,0.0001,,0.0016,0.0019,0,6,0,2.58723
JU06660017,-1.0992,39.7301,11/25/2020,Estación punto de presa E. de Benagéber,DETERMINACION FÍSICO-QUÍMICA IN SITU,CLOROFILA A,0.12,µg/L,"0,12",0.029999999,Fluorescencia atómica,DISCRETA,44,11/21/2020,4,S2B_MSIL2A_20201121T105349_N0214_R051_T30SXJ_20201121T124541,0.0001,0.0089,0.0078,0.0001,0.0001,0.0001,0.0001,0.0001,0.0001,,0.0016,0.0019,0,6,0,2.58723
JU06660017,-1.0992,39.7301,11/25/2020,Estación punto de presa E. de Benagéber,DETERMINACION FÍSICO-QUÍMICA IN SITU,CLOROFILA A,0.23,µg/L,"0,23",0.029999999,Fluorescencia atómica,DISCRETA,55,11/21/2020,4,S2B_MSIL2A_20201121T105349_N0214_R051_T30SXJ_20201121T124541,0.0001,0.0089,0.0078,0.0001,0.0001,0.0001,0.0001,0.0001,0.0001,,0.0016,0.0019,0,6,0,2.58723
JU06660017,-1.0992,39.7301,11/25/2020,Estación punto de presa E. de Benagéber,TOMA DE MUESTRAS PARA LABORATORIO,SOLIDOS EN SUSPENSION,11.2,mg/L,"11,2",2,Gravimetría,INTEGRADA,-1,11/21/2020,4,S2B_MSIL2A_20201121T105349_N0214_R051_T30SXJ_20201121T124541,0.0001,0.0089,0.0078,0.0001,0.0001,0.0001,0.0001,0.0001,0.0001,,0.0016,0.0019,0,6,0,2.58723
JU06660017,-1.0992,39.7301,11/25/2020,Estación punto de presa E. de Benagéber,DETERMINACION FÍSICO-QUÍMICA IN SITU,CLOROFILA A,0.17,µg/L,"0,17",0.029999999,Fluorescencia atómica,DISCRETA,43,11/21/2020,4,S2B_MSIL2A_20201121T105349_N0214_R051_T30SXJ_20201121T124541,0.0001,0.0089,0.0078,0.0001,0.0001,0.0001,0.0001,0.0001,0.0001,,0.0016,0.0019,0,6,0,2.58723
JU06660017,-1.0992,39.7301,11/25/2020,Estación punto de presa E. de Benagéber,DETERMINACION FÍSICO-QUÍMICA IN SITU,CLOROFILA A,1.12,µg/L,"1,12",0.029999999,Fluorescencia atómica,DISCRETA,4,11/21/2020,4,S2B_MSIL2A_20201121T105349_N0214_R051_T30SXJ_20201121T124541,0.0001,0.0089,0.0078,0.0001,0.0001,0.0001,0.0001,0.0001,0.0001,,0.0016,0.0019,0,6,0,2.58723
JU06660017,-1.0992,39.7301,11/25/2020,Estación punto de presa E. de Benagéber,DETERMINACION FÍSICO-QUÍMICA IN SITU,CLOROFILA A,1.03,µg/L,"1,03",0.029999999,Fluorescencia atómica,DISCRETA,5,11/21/2020,4,S2B_MSIL2A_20201121T105349_N0214_R051_T30SXJ_20201121T124541,0.0001,0.0089,0.0078,0.0001,0.0001,0.0001,0.0001,0.0001,0.0001,,0.0016,0.0019,0,6,0,2.58723
JU06660017,-1.0992,39.7301,11/25/2020,Estación punto de presa E. de Benagéber,DETERMINACION FÍSICO-QUÍMICA IN SITU,CLOROFILA A,1.11,µg/L,"1,11",0.029999999,Fluorescencia atómica,DISCRETA,8,11/21/2020,4,S2B_MSIL2A_20201121T105349_N0214_R051_T30SXJ_20201121T124541,0.0001,0.0089,0.0078,0.0001,0.0001,0.0001,0.0001,0.0001,0.0001,,0.0016,0.0019,0,6,0,2.58723
JU06660017,-1.0992,39.7301,11/25/2020,Estación punto de presa E. de Benagéber,DETERMINACION FÍSICO-QUÍMICA IN SITU,CLOROFILA A,1.3,µg/L,"1,3",0.029999999,Fluorescencia atómica,DISCRETA,24,11/21/2020,4,S2B_MSIL2A_20201121T105349_N0214_R051_T30SXJ_20201121T124541,0.0001,0.0089,0.0078,0.0001,0.0001,0.0001,0.0001,0.0001,0.0001,,0.0016,0.0019,0,6,0,2.58723
JU06660017,-1.0992,39.7301,11/25/2020,Estación punto de presa E. de Benagéber,DETERMINACION FÍSICO-QUÍMICA IN SITU,CLOROFILA A,0.18,µg/L,"0,18",0.029999999,Fluorescencia atómica,DISCRETA,35,11/21/2020,4,S2B_MSIL2A_20201121T105349_N0214_R051_T30SXJ_20201121T124541,0.0001,0.0089,0.0078,0.0001,0.0001,0.0001,0.0001,0.0001,0.0001,,0.0016,0.0019,0,6,0,2.58723
JU06660017,-1.0992,39.7301,11/25/2020,Estación punto de presa E. de Benagéber,DETERMINACION FÍSICO-QUÍMICA IN SITU,CLOROFILA A,0.19,µg/L,"0,19",0.029999999,Fluorescencia atómica,DISCRETA,38,11/21/2020,4,S2B_MSIL2A_20201121T105349_N0214_R051_T30SXJ_20201121T124541,0.0001,0.0089,0.0078,0.0001,0.0001,0.0001,0.0001,0.0001,0.0001,,0.0016,0.0019,0,6,0,2.58723
JU06660017,-1.0992,39.7301,11/25/2020,Estación punto de presa E. de Benagéber,DETERMINACION FÍSICO-QUÍMICA IN SITU,CLOROFILA A,0.14,µg/L,"0,14",0.029999999,Fluorescencia atómica,DISCRETA,39,11/21/2020,4,S2B_MSIL2A_20201121T105349_N0214_R051_T30SXJ_20201121T124541,0.0001,0.0089,0.0078,0.0001,0.0001,0.0001,0.0001,0.0001,0.0001,,0.0016,0.0019,0,6,0,2.58723
JU06660017,-1.0992,39.7301,11/25/2020,Estación punto de presa E. de Benagéber,DETERMINACION FÍSICO-QUÍMICA IN SITU,CLOROFILA A,0.2,µg/L,"0,2",0.029999999,Fluorescencia atómica,DISCRETA,48,11/21/2020,4,S2B_MSIL2A_20201121T105349_N0214_R051_T30SXJ_20201121T124541,0.0001,0.0089,0.0078,0.0001,0.0001,0.0001,0.0001,0.0001,0.0001,,0.0016,0.0019,0,6,0,2.58723
JU06660017,-1.0992,39.7301,11/25/2020,Estación punto de presa E. de Benagéber,DETERMINACION FÍSICO-QUÍMICA IN SITU,CLOROFILA A,0.24,µg/L,"0,24",0.029999999,Fluorescencia atómica,DISCRETA,56,11/21/2020,4,S2B_MSIL2A_20201121T105349_N0214_R051_T30SXJ_20201121T124541,0.0001,0.0089,0.0078,0.0001,0.0001,0.0001,0.0001,0.0001,0.0001,,0.0016,0.0019,0,6,0,2.58723
JU06660017,-1.0992,39.7301,11/25/2020,Estación punto de presa E. de Benagéber,DETERMINACION FÍSICO-QUÍMICA IN SITU,CLOROFILA A,1.32,µg/L,"1,32",0.029999999,Fluorescencia atómica,DISCRETA,7,11/21/2020,4,S2B_MSIL2A_20201121T105349_N0214_R051_T30SXJ_20201121T124541,0.0001,0.0089,0.0078,0.0001,0.0001,0.0001,0.0001,0.0001,0.0001,,0.0016,0.0019,0,6,0,2.58723
JU06660017,-1.0992,39.7301,11/25/2020,Estación punto de presa E. de Benagéber,TOMA DE MUESTRAS PARA LABORATORIO,FOSFORO TOTAL,0,mg P/l,"<0,02",0.02,Espectofotometría de absorción molecular,INTEGRADA,-1,11/21/2020,4,S2B_MSIL2A_20201121T105349_N0214_R051_T30SXJ_20201121T124541,0.0001,0.0089,0.0078,0.0001,0.0001,0.0001,0.0001,0.0001,0.0001,,0.0016,0.0019,0,6,0,2.58723
JU06660017,-1.0992,39.7301,11/25/2020,Estación punto de presa E. de Benagéber,DETERMINACION FÍSICO-QUÍMICA IN SITU,Profundidad del disco de secchi,4.75,m,,,,INTEGRADA,-1,11/21/2020,4,S2B_MSIL2A_20201121T105349_N0214_R051_T30SXJ_20201121T124541,0.0001,0.0089,0.0078,0.0001,0.0001,0.0001,0.0001,0.0001,0.0001,,0.0016,0.0019,0,6,0,2.58723
JU06150028,-0.2307,40.0116,10/5/2020,Estación punto de presa E. de Sitjar,DETERMINACION FÍSICO-QUÍMICA IN SITU,CLOROFILA A,0.56,µg/L,"0,56",0.029999999,Fluorescencia atómica,DISCRETA,13,10/2/2020,3,S2B_MSIL2A_20201002T104759_N0214_R051_T30TYK_20201002T134102,,0.0007,0.0398,0.0641,0.0839,0.1069,0.1267,0.1144,0.1537,0.2491,0.1587,0.1678,2048,8,99,89.114175
JU06150028,-0.2307,40.0116,10/5/2020,Estación punto de presa E. de Sitjar,DETERMINACION FÍSICO-QUÍMICA IN SITU,CLOROFILA A,0.4,µg/L,"0,4",0.029999999,Fluorescencia atómica,DISCRETA,22,10/2/2020,3,S2B_MSIL2A_20201002T104759_N0214_R051_T30TYK_20201002T134102,,0.0007,0.0398,0.0641,0.0839,0.1069,0.1267,0.1144,0.1537,0.2491,0.1587,0.1678,2048,8,99,89.114175
JU06150028,-0.2307,40.0116,10/5/2020,Estación punto de presa E. de Sitjar,DETERMINACION FÍSICO-QUÍMICA IN SITU,CLOROFILA A,0.44,µg/L,"0,44",0.029999999,Fluorescencia atómica,DISCRETA,4,10/2/2020,3,S2B_MSIL2A_20201002T104759_N0214_R051_T30TYK_20201002T134102,,0.0007,0.0398,0.0641,0.0839,0.1069,0.1267,0.1144,0.1537,0.2491,0.1587,0.1678,2048,8,99,89.114175
JU06150028,-0.2307,40.0116,10/5/2020,Estación punto de presa E. de Sitjar,DETERMINACION FÍSICO-QUÍMICA IN SITU,CLOROFILA A,0.5,µg/L,"0,5",0.029999999,Fluorescencia atómica,DISCRETA,14,10/2/2020,3,S2B_MSIL2A_20201002T104759_N0214_R051_T30TYK_20201002T134102,,0.0007,0.0398,0.0641,0.0839,0.1069,0.1267,0.1144,0.1537,0.2491,0.1587,0.1678,2048,8,99,89.114175
JU06150028,-0.2307,40.0116,10/5/2020,Estación punto de presa E. de Sitjar,DETERMINACION FÍSICO-QUÍMICA IN SITU,CLOROFILA A,0.55,µg/L,"0,55",0.029999999,Fluorescencia atómica,DISCRETA,16,10/2/2020,3,S2B_MSIL2A_20201002T104759_N0214_R051_T30TYK_20201002T134102,,0.0007,0.0398,0.0641,0.0839,0.1069,0.1267,0.1144,0.1537,0.2491,0.1587,0.1678,2048,8,99,89.114175
JU06150028,-0.2307,40.0116,10/5/2020,Estación punto de presa E. de Sitjar,DETERMINACION FÍSICO-QUÍMICA IN SITU,CLOROFILA A,0.37,µg/L,"0,37",0.029999999,Fluorescencia atómica,DISCRETA,21,10/2/2020,3,S2B_MSIL2A_20201002T104759_N0214_R051_T30TYK_20201002T134102,,0.0007,0.0398,0.0641,0.0839,0.1069,0.1267,0.1144,0.1537,0.2491,0.1587,0.1678,2048,8,99,89.114175
JU06150028,-0.2307,40.0116,10/5/2020,Estación punto de presa E. de Sitjar,DETERMINACION FÍSICO-QUÍMICA IN SITU,CLOROFILA A,0.52,µg/L,"0,52",0.029999999,Fluorescencia atómica,DISCRETA,15,10/2/2020,3,S2B_MSIL2A_20201002T104759_N0214_R051_T30TYK_20201002T134102,,0.0007,0.0398,0.0641,0.0839,0.1069,0.1267,0.1144,0.1537,0.2491,0.1587,0.1678,2048,8,99,89.114175
JU06150028,-0.2307,40.0116,10/5/2020,Estación punto de presa E. de Sitjar,DETERMINACION FÍSICO-QUÍMICA IN SITU,CLOROFILA A,0.48,µg/L,"0,48",0.029999999,Fluorescencia atómica,DISCRETA,19,10/2/2020,3,S2B_MSIL2A_20201002T104759_N0214_R051_T30TYK_20201002T134102,,0.0007,0.0398,0.0641,0.0839,0.1069,0.1267,0.1144,0.1537,0.2491,0.1587,0.1678,2048,8,99,89.114175
JU06150028,-0.2307,40.0116,10/5/2020,Estación punto de presa E. de Sitjar,DETERMINACION FÍSICO-QUÍMICA IN SITU,CLOROFILA A,0.5,µg/L,"0,5",0.029999999,Fluorescencia atómica,DISCRETA,3,10/2/2020,3,S2B_MSIL2A_20201002T104759_N0214_R051_T30TYK_20201002T134102,,0.0007,0.0398,0.0641,0.0839,0.1069,0.1267,0.1144,0.1537,0.2491,0.1587,0.1678,2048,8,99,89.114175
JU06150028,-0.2307,40.0116,10/5/2020,Estación punto de presa E. de Sitjar,DETERMINACION FÍSICO-QUÍMICA IN SITU,CLOROFILA A,0.51,µg/L,"0,51",0.029999999,Fluorescencia atómica,DISCRETA,7,10/2/2020,3,S2B_MSIL2A_20201002T104759_N0214_R051_T30TYK_20201002T134102,,0.0007,0.0398,0.0641,0.0839,0.1069,0.1267,0.1144,0.1537,0.2491,0.1587,0.1678,2048,8,99,89.114175
JU06150028,-0.2307,40.0116,10/5/2020,Estación punto de presa E. de Sitjar,DETERMINACION FÍSICO-QUÍMICA IN SITU,CLOROFILA A,0.47,µg/L,"0,47",0.029999999,Fluorescencia atómica,DISCRETA,12,10/2/2020,3,S2B_MSIL2A_20201002T104759_N0214_R051_T30TYK_20201002T134102,,0.0007,0.0398,0.0641,0.0839,0.1069,0.1267,0.1144,0.1537,0.2491,0.1587,0.1678,2048,8,99,89.114175
JU06150028,-0.2307,40.0116,10/5/2020,Estación punto de presa E. de Sitjar,DETERMINACION FÍSICO-QUÍMICA IN SITU,CLOROFILA A,0.32,µg/L,"0,32",0.029999999,Fluorescencia atómica,DISCRETA,2,10/2/2020,3,S2B_MSIL2A_20201002T104759_N0214_R051_T30TYK_20201002T134102,,0.0007,0.0398,0.0641,0.0839,0.1069,0.1267,0.1144,0.1537,0.2491,0.1587,0.1678,2048,8,99,89.114175
JU06150028,-0.2307,40.0116,10/5/2020,Estación punto de presa E. de Sitjar,DETERMINACION FÍSICO-QUÍMICA IN SITU,CLOROFILA A,0.39,µg/L,"0,39",0.029999999,Fluorescencia atómica,DISCRETA,20,10/2/2020,3,S2B_MSIL2A_20201002T104759_N0214_R051_T30TYK_20201002T134102,,0.0007,0.0398,0.0641,0.0839,0.1069,0.1267,0.1144,0.1537,0.2491,0.1587,0.1678,2048,8,99,89.114175
JU06150028,-0.2307,40.0116,10/5/2020,Estación punto de presa E. de Sitjar,TOMA DE MUESTRAS PARA LABORATORIO,SOLIDOS EN SUSPENSION,6.8,mg/L,"6,8",2,Gravimetría,INTEGRADA,-1,10/2/2020,3,S2B_MSIL2A_20201002T104759_N0214_R051_T30TYK_20201002T134102,,0.0007,0.0398,0.0641,0.0839,0.1069,0.1267,0.1144,0.1537,0.2491,0.1587,0.1678,2048,8,99,89.114175
JU06150028,-0.2307,40.0116,10/5/2020,Estación punto de presa E. de Sitjar,Fitoplancton,CLOROFILA A,0,µg/L,"<1,0",1,Espectofotometría de absorción molecular,INTEGRADA,-1,10/2/2020,3,S2B_MSIL2A_20201002T104759_N0214_R051_T30TYK_20201002T134102,,0.0007,0.0398,0.0641,0.0839,0.1069,0.1267,0.1144,0.1537,0.2491,0.1587,0.1678,2048,8,99,89.114175
JU06150028,-0.2307,40.0116,10/5/2020,Estación punto de presa E. de Sitjar,DETERMINACION FÍSICO-QUÍMICA IN SITU,CLOROFILA A,0.52,µg/L,"0,52",0.029999999,Fluorescencia atómica,DISCRETA,1,10/2/2020,3,S2B_MSIL2A_20201002T104759_N0214_R051_T30TYK_20201002T134102,,0.0007,0.0398,0.0641,0.0839,0.1069,0.1267,0.1144,0.1537,0.2491,0.1587,0.1678,2048,8,99,89.114175
JU06150028,-0.2307,40.0116,10/5/2020,Estación punto de presa E. de Sitjar,DETERMINACION FÍSICO-QUÍMICA IN SITU,CLOROFILA A,1.42,µg/L,"1,42",0.029999999,Fluorescencia atómica,DISCRETA,24,10/2/2020,3,S2B_MSIL2A_20201002T104759_N0214_R051_T30TYK_20201002T134102,,0.0007,0.0398,0.0641,0.0839,0.1069,0.1267,0.1144,0.1537,0.2491,0.1587,0.1678,2048,8,99,89.114175
JU06150028,-0.2307,40.0116,10/5/2020,Estación punto de presa E. de Sitjar,DETERMINACION FÍSICO-QUÍMICA IN SITU,CLOROFILA A,0.57,µg/L,"0,57",0.029999999,Fluorescencia atómica,DISCRETA,6,10/2/2020,3,S2B_MSIL2A_20201002T104759_N0214_R051_T30TYK_20201002T134102,,0.0007,0.0398,0.0641,0.0839,0.1069,0.1267,0.1144,0.1537,0.2491,0.1587,0.1678,2048,8,99,89.114175
JU06150028,-0.2307,40.0116,10/5/2020,Estación punto de presa E. de Sitjar,DETERMINACION FÍSICO-QUÍMICA IN SITU,CLOROFILA A,0.5,µg/L,"0,5",0.029999999,Fluorescencia atómica,DISCRETA,11,10/2/2020,3,S2B_MSIL2A_20201002T104759_N0214_R051_T30TYK_20201002T134102,,0.0007,0.0398,0.0641,0.0839,0.1069,0.1267,0.1144,0.1537,0.2491,0.1587,0.1678,2048,8,99,89.114175
JU06150028,-0.2307,40.0116,10/5/2020,Estación punto de presa E. de Sitjar,DETERMINACION FÍSICO-QUÍMICA IN SITU,CLOROFILA A,0.48,µg/L,"0,48",0.029999999,Fluorescencia atómica,DISCRETA,17,10/2/2020,3,S2B_MSIL2A_20201002T104759_N0214_R051_T30TYK_20201002T134102,,0.0007,0.0398,0.0641,0.0839,0.1069,0.1267,0.1144,0.1537,0.2491,0.1587,0.1678,2048,8,99,89.114175
JU06150028,-0.2307,40.0116,10/5/2020,Estación punto de presa E. de Sitjar,DETERMINACION FÍSICO-QUÍMICA IN SITU,CLOROFILA A,0.45,µg/L,"0,45",0.029999999,Fluorescencia atómica,DISCRETA,9,10/2/2020,3,S2B_MSIL2A_20201002T104759_N0214_R051_T30TYK_20201002T134102,,0.0007,0.0398,0.0641,0.0839,0.1069,0.1267,0.1144,0.1537,0.2491,0.1587,0.1678,2048,8,99,89.114175
JU06150028,-0.2307,40.0116,10/5/2020,Estación punto de presa E. de Sitjar,DETERMINACION FÍSICO-QUÍMICA IN SITU,CLOROFILA A,0.33,µg/L,"0,33",0.029999999,Fluorescencia atómica,DISCRETA,0,10/2/2020,3,S2B_MSIL2A_20201002T104759_N0214_R051_T30TYK_20201002T134102,,0.0007,0.0398,0.0641,0.0839,0.1069,0.1267,0.1144,0.1537,0.2491,0.1587,0.1678,2048,8,99,89.114175
JU06150028,-0.2307,40.0116,10/5/2020,Estación punto de presa E. de Sitjar,DETERMINACION FÍSICO-QUÍMICA IN SITU,CLOROFILA A,0.55,µg/L,"0,55",0.029999999,Fluorescencia atómica,DISCRETA,10,10/2/2020,3,S2B_MSIL2A_20201002T104759_N0214_R051_T30TYK_20201002T134102,,0.0007,0.0398,0.0641,0.0839,0.1069,0.1267,0.1144,0.1537,0.2491,0.1587,0.1678,2048,8,99,89.114175
JU06150028,-0.2307,40.0116,10/5/2020,Estación punto de presa E. de Sitjar,DETERMINACION FÍSICO-QUÍMICA IN SITU,CLOROFILA A,0.35,µg/L,"0,35",0.029999999,Fluorescencia atómica,DISCRETA,18,10/2/2020,3,S2B_MSIL2A_20201002T104759_N0214_R051_T30TYK_20201002T134102,,0.0007,0.0398,0.0641,0.0839,0.1069,0.1267,0.1144,0.1537,0.2491,0.1587,0.1678,2048,8,99,89.114175
JU06150028,-0.2307,40.0116,10/5/2020,Estación punto de presa E. de Sitjar,DETERMINACION FÍSICO-QUÍMICA IN SITU,CLOROFILA A,0.48,µg/L,"0,48",0.029999999,Fluorescencia atómica,DISCRETA,23,10/2/2020,3,S2B_MSIL2A_20201002T104759_N0214_R051_T30TYK_20201002T134102,,0.0007,0.0398,0.0641,0.0839,0.1069,0.1267,0.1144,0.1537,0.2491,0.1587,0.1678,2048,8,99,89.114175
JU06150028,-0.2307,40.0116,10/5/2020,Estación punto de presa E. de Sitjar,DETERMINACION FÍSICO-QUÍMICA IN SITU,CLOROFILA A,0.45,µg/L,"0,45",0.029999999,Fluorescencia atómica,DISCRETA,5,10/2/2020,3,S2B_MSIL2A_20201002T104759_N0214_R051_T30TYK_20201002T134102,,0.0007,0.0398,0.0641,0.0839,0.1069,0.1267,0.1144,0.1537,0.2491,0.1587,0.1678,2048,8,99,89.114175
JU06150028,-0.2307,40.0116,10/5/2020,Estación punto de presa E. de Sitjar,DETERMINACION FÍSICO-QUÍMICA IN SITU,CLOROFILA A,0.48,µg/L,"0,48",0.029999999,Fluorescencia atómica,DISCRETA,8,10/2/2020,3,S2B_MSIL2A_20201002T104759_N0214_R051_T30TYK_20201002T134102,,0.0007,0.0398,0.0641,0.0839,0.1069,0.1267,0.1144,0.1537,0.2491,0.1587,0.1678,2048,8,99,89.114175
JU06150028,-0.2307,40.0116,10/5/2020,Estación punto de presa E. de Sitjar,TOMA DE MUESTRAS PARA LABORATORIO,FOSFORO TOTAL,0,mg P/l,"<0,02",0.02,Espectofotometría de absorción molecular,INTEGRADA,-1,10/2/2020,3,S2B_MSIL2A_20201002T104759_N0214_R051_T30TYK_20201002T134102,,0.0007,0.0398,0.0641,0.0839,0.1069,0.1267,0.1144,0.1537,0.2491,0.1587,0.1678,2048,8,99,89.114175
JU06150028,-0.2307,40.0116,10/5/2020,Estación punto de presa E. de Sitjar,DETERMINACION FÍSICO-QUÍMICA IN SITU,Profundidad del disco de secchi,2.5,m,,,,INTEGRADA,-1,10/2/2020,3,S2B_MSIL2A_20201002T104759_N0214_R051_T30TYK_20201002T134102,,0.0007,0.0398,0.0641,0.0839,0.1069,0.1267,0.1144,0.1537,0.2491,0.1587,0.1678,2048,8,99,89.114175
JU06660017,-1.0992,39.7301,9/10/2020,Estación punto de presa E. de Benagéber,DETERMINACION FÍSICO-QUÍMICA IN SITU,CLOROFILA A,1.13,µg/L,"1,13",0.029999999,Fluorescencia atómica,DISCRETA,14,9/12/2020,2,S2B_MSIL2A_20200912T104629_N0214_R051_T30TXK_20200912T135755,0.0059,0.0227,0.0297,0.0011,0.0001,0.0001,0.0001,0.0001,0.0001,,0.0021,0.0021,0,6,0,6.074635
JU06660017,-1.0992,39.7301,9/10/2020,Estación punto de presa E. de Benagéber,DETERMINACION FÍSICO-QUÍMICA IN SITU,CLOROFILA A,0.51,µg/L,"0,51",0.029999999,Fluorescencia atómica,DISCRETA,16,9/12/2020,2,S2B_MSIL2A_20200912T104629_N0214_R051_T30TXK_20200912T135755,0.0059,0.0227,0.0297,0.0011,0.0001,0.0001,0.0001,0.0001,0.0001,,0.0021,0.0021,0,6,0,6.074635
JU06660017,-1.0992,39.7301,9/10/2020,Estación punto de presa E. de Benagéber,DETERMINACION FÍSICO-QUÍMICA IN SITU,CLOROFILA A,1.18,µg/L,"1,18",0.029999999,Fluorescencia atómica,DISCRETA,2,9/12/2020,2,S2B_MSIL2A_20200912T104629_N0214_R051_T30TXK_20200912T135755,0.0059,0.0227,0.0297,0.0011,0.0001,0.0001,0.0001,0.0001,0.0001,,0.0021,0.0021,0,6,0,6.074635
JU06660017,-1.0992,39.7301,9/10/2020,Estación punto de presa E. de Benagéber,DETERMINACION FÍSICO-QUÍMICA IN SITU,CLOROFILA A,0.39,µg/L,"0,39",0.029999999,Fluorescencia atómica,DISCRETA,39,9/12/2020,2,S2B_MSIL2A_20200912T104629_N0214_R051_T30TXK_20200912T135755,0.0059,0.0227,0.0297,0.0011,0.0001,0.0001,0.0001,0.0001,0.0001,,0.0021,0.0021,0,6,0,6.074635
JU06660017,-1.0992,39.7301,9/10/2020,Estación punto de presa E. de Benagéber,DETERMINACION FÍSICO-QUÍMICA IN SITU,CLOROFILA A,0.31,µg/L,"0,31",0.029999999,Fluorescencia atómica,DISCRETA,46,9/12/2020,2,S2B_MSIL2A_20200912T104629_N0214_R051_T30TXK_20200912T135755,0.0059,0.0227,0.0297,0.0011,0.0001,0.0001,0.0001,0.0001,0.0001,,0.0021,0.0021,0,6,0,6.074635
JU06660017,-1.0992,39.7301,9/10/2020,Estación punto de presa E. de Benagéber,DETERMINACION FÍSICO-QUÍMICA IN SITU,CLOROFILA A,0.31,µg/L,"0,31",0.029999999,Fluorescencia atómica,DISCRETA,48,9/12/2020,2,S2B_MSIL2A_20200912T104629_N0214_R051_T30TXK_20200912T135755,0.0059,0.0227,0.0297,0.0011,0.0001,0.0001,0.0001,0.0001,0.0001,,0.0021,0.0021,0,6,0,6.074635
JU06660017,-1.0992,39.7301,9/10/2020,Estación punto de presa E. de Benagéber,DETERMINACION FÍSICO-QUÍMICA IN SITU,CLOROFILA A,1.72,µg/L,"1,72",0.029999999,Fluorescencia atómica,DISCRETA,7,9/12/2020,2,S2B_MSIL2A_20200912T104629_N0214_R051_T30TXK_20200912T135755,0.0059,0.0227,0.0297,0.0011,0.0001,0.0001,0.0001,0.0001,0.0001,,0.0021,0.0021,0,6,0,6.074635
JU06660017,-1.0992,39.7301,9/10/2020,Estación punto de presa E. de Benagéber,Fitoplancton,CLOROFILA A,0,µg/L,"<1,0",1,Espectofotometría de absorción molecular,INTEGRADA,-1,9/12/2020,2,S2B_MSIL2A_20200912T104629_N0214_R051_T30TXK_20200912T135755,0.0059,0.0227,0.0297,0.0011,0.0001,0.0001,0.0001,0.0001,0.0001,,0.0021,0.0021,0,6,0,6.074635
JU06660017,-1.0992,39.7301,9/10/2020,Estación punto de presa E. de Benagéber,DETERMINACION FÍSICO-QUÍMICA IN SITU,CLOROFILA A,1.12,µg/L,"1,12",0.029999999,Fluorescencia atómica,DISCRETA,0,9/12/2020,2,S2B_MSIL2A_20200912T104629_N0214_R051_T30TXK_20200912T135755,0.0059,0.0227,0.0297,0.0011,0.0001,0.0001,0.0001,0.0001,0.0001,,0.0021,0.0021,0,6,0,6.074635
JU06660017,-1.0992,39.7301,9/10/2020,Estación punto de presa E. de Benagéber,DETERMINACION FÍSICO-QUÍMICA IN SITU,CLOROFILA A,0.41,µg/L,"0,41",0.029999999,Fluorescencia atómica,DISCRETA,33,9/12/2020,2,S2B_MSIL2A_20200912T104629_N0214_R051_T30TXK_20200912T135755,0.0059,0.0227,0.0297,0.0011,0.0001,0.0001,0.0001,0.0001,0.0001,,0.0021,0.0021,0,6,0,6.074635
JU06660017,-1.0992,39.7301,9/10/2020,Estación punto de presa E. de Benagéber,DETERMINACION FÍSICO-QUÍMICA IN SITU,CLOROFILA A,0.4,µg/L,"0,4",0.029999999,Fluorescencia atómica,DISCRETA,35,9/12/2020,2,S2B_MSIL2A_20200912T104629_N0214_R051_T30TXK_20200912T135755,0.0059,0.0227,0.0297,0.0011,0.0001,0.0001,0.0001,0.0001,0.0001,,0.0021,0.0021,0,6,0,6.074635
JU06660017,-1.0992,39.7301,9/10/2020,Estación punto de presa E. de Benagéber,DETERMINACION FÍSICO-QUÍMICA IN SITU,CLOROFILA A,0.45,µg/L,"0,45",0.029999999,Fluorescencia atómica,DISCRETA,37,9/12/2020,2,S2B_MSIL2A_20200912T104629_N0214_R051_T30TXK_20200912T135755,0.0059,0.0227,0.0297,0.0011,0.0001,0.0001,0.0001,0.0001,0.0001,,0.0021,0.0021,0,6,0,6.074635
JU06660017,-1.0992,39.7301,9/10/2020,Estación punto de presa E. de Benagéber,DETERMINACION FÍSICO-QUÍMICA IN SITU,CLOROFILA A,0.31,µg/L,"0,31",0.029999999,Fluorescencia atómica,DISCRETA,45,9/12/2020,2,S2B_MSIL2A_20200912T104629_N0214_R051_T30TXK_20200912T135755,0.0059,0.0227,0.0297,0.0011,0.0001,0.0001,0.0001,0.0001,0.0001,,0.0021,0.0021,0,6,0,6.074635
JU06660017,-1.0992,39.7301,9/10/2020,Estación punto de presa E. de Benagéber,DETERMINACION FÍSICO-QUÍMICA IN SITU,CLOROFILA A,1.79,µg/L,"1,79",0.029999999,Fluorescencia atómica,DISCRETA,6,9/12/2020,2,S2B_MSIL2A_20200912T104629_N0214_R051_T30TXK_20200912T135755,0.0059,0.0227,0.0297,0.0011,0.0001,0.0001,0.0001,0.0001,0.0001,,0.0021,0.0021,0,6,0,6.074635
JU06660017,-1.0992,39.7301,9/10/2020,Estación punto de presa E. de Benagéber,DETERMINACION FÍSICO-QUÍMICA IN SITU,CLOROFILA A,2.03,µg/L,"2,03",0.029999999,Fluorescencia atómica,DISCRETA,10,9/12/2020,2,S2B_MSIL2A_20200912T104629_N0214_R051_T30TXK_20200912T135755,0.0059,0.0227,0.0297,0.0011,0.0001,0.0001,0.0001,0.0001,0.0001,,0.0021,0.0021,0,6,0,6.074635
JU06660017,-1.0992,39.7301,9/10/2020,Estación punto de presa E. de Benagéber,DETERMINACION FÍSICO-QUÍMICA IN SITU,CLOROFILA A,0.54,µg/L,"0,54",0.029999999,Fluorescencia atómica,DISCRETA,17,9/12/2020,2,S2B_MSIL2A_20200912T104629_N0214_R051_T30TXK_20200912T135755,0.0059,0.0227,0.0297,0.0011,0.0001,0.0001,0.0001,0.0001,0.0001,,0.0021,0.0021,0,6,0,6.074635
JU06660017,-1.0992,39.7301,9/10/2020,Estación punto de presa E. de Benagéber,DETERMINACION FÍSICO-QUÍMICA IN SITU,CLOROFILA A,0.48,µg/L,"0,48",0.029999999,Fluorescencia atómica,DISCRETA,19,9/12/2020,2,S2B_MSIL2A_20200912T104629_N0214_R051_T30TXK_20200912T135755,0.0059,0.0227,0.0297,0.0011,0.0001,0.0001,0.0001,0.0001,0.0001,,0.0021,0.0021,0,6,0,6.074635
JU06660017,-1.0992,39.7301,9/10/2020,Estación punto de presa E. de Benagéber,DETERMINACION FÍSICO-QUÍMICA IN SITU,CLOROFILA A,0.51,µg/L,"0,51",0.029999999,Fluorescencia atómica,DISCRETA,20,9/12/2020,2,S2B_MSIL2A_20200912T104629_N0214_R051_T30TXK_20200912T135755,0.0059,0.0227,0.0297,0.0011,0.0001,0.0001,0.0001,0.0001,0.0001,,0.0021,0.0021,0,6,0,6.074635
JU06660017,-1.0992,39.7301,9/10/2020,Estación punto de presa E. de Benagéber,DETERMINACION FÍSICO-QUÍMICA IN SITU,CLOROFILA A,0.42,µg/L,"0,42",0.029999999,Fluorescencia atómica,DISCRETA,30,9/12/2020,2,S2B_MSIL2A_20200912T104629_N0214_R051_T30TXK_20200912T135755,0.0059,0.0227,0.0297,0.0011,0.0001,0.0001,0.0001,0.0001,0.0001,,0.0021,0.0021,0,6,0,6.074635
JU06660017,-1.0992,39.7301,9/10/2020,Estación punto de presa E. de Benagéber,DETERMINACION FÍSICO-QUÍMICA IN SITU,CLOROFILA A,0.42,µg/L,"0,42",0.029999999,Fluorescencia atómica,DISCRETA,32,9/12/2020,2,S2B_MSIL2A_20200912T104629_N0214_R051_T30TXK_20200912T135755,0.0059,0.0227,0.0297,0.0011,0.0001,0.0001,0.0001,0.0001,0.0001,,0.0021,0.0021,0,6,0,6.074635
JU06660017,-1.0992,39.7301,9/10/2020,Estación punto de presa E. de Benagéber,DETERMINACION FÍSICO-QUÍMICA IN SITU,CLOROFILA A,0.43,µg/L,"0,43",0.029999999,Fluorescencia atómica,DISCRETA,34,9/12/2020,2,S2B_MSIL2A_20200912T104629_N0214_R051_T30TXK_20200912T135755,0.0059,0.0227,0.0297,0.0011,0.0001,0.0001,0.0001,0.0001,0.0001,,0.0021,0.0021,0,6,0,6.074635
JU06660017,-1.0992,39.7301,9/10/2020,Estación punto de presa E. de Benagéber,DETERMINACION FÍSICO-QUÍMICA IN SITU,CLOROFILA A,0.41,µg/L,"0,41",0.029999999,Fluorescencia atómica,DISCRETA,36,9/12/2020,2,S2B_MSIL2A_20200912T104629_N0214_R051_T30TXK_20200912T135755,0.0059,0.0227,0.0297,0.0011,0.0001,0.0001,0.0001,0.0001,0.0001,,0.0021,0.0021,0,6,0,6.074635
JU06660017,-1.0992,39.7301,9/10/2020,Estación punto de presa E. de Benagéber,DETERMINACION FÍSICO-QUÍMICA IN SITU,CLOROFILA A,0.29,µg/L,"0,29",0.029999999,Fluorescencia atómica,DISCRETA,44,9/12/2020,2,S2B_MSIL2A_20200912T104629_N0214_R051_T30TXK_20200912T135755,0.0059,0.0227,0.0297,0.0011,0.0001,0.0001,0.0001,0.0001,0.0001,,0.0021,0.0021,0,6,0,6.074635
JU06660017,-1.0992,39.7301,9/10/2020,Estación punto de presa E. de Benagéber,DETERMINACION FÍSICO-QUÍMICA IN SITU,CLOROFILA A,0.32,µg/L,"0,32",0.029999999,Fluorescencia atómica,DISCRETA,47,9/12/2020,2,S2B_MSIL2A_20200912T104629_N0214_R051_T30TXK_20200912T135755,0.0059,0.0227,0.0297,0.0011,0.0001,0.0001,0.0001,0.0001,0.0001,,0.0021,0.0021,0,6,0,6.074635
JU06660017,-1.0992,39.7301,9/10/2020,Estación punto de presa E. de Benagéber,DETERMINACION FÍSICO-QUÍMICA IN SITU,CLOROFILA A,2,µg/L,2,0.029999999,Fluorescencia atómica,DISCRETA,11,9/12/2020,2,S2B_MSIL2A_20200912T104629_N0214_R051_T30TXK_20200912T135755,0.0059,0.0227,0.0297,0.0011,0.0001,0.0001,0.0001,0.0001,0.0001,,0.0021,0.0021,0,6,0,6.074635
JU06660017,-1.0992,39.7301,9/10/2020,Estación punto de presa E. de Benagéber,DETERMINACION FÍSICO-QUÍMICA IN SITU,CLOROFILA A,1.51,µg/L,"1,51",0.029999999,Fluorescencia atómica,DISCRETA,13,9/12/2020,2,S2B_MSIL2A_20200912T104629_N0214_R051_T30TXK_20200912T135755,0.0059,0.0227,0.0297,0.0011,0.0001,0.0001,0.0001,0.0001,0.0001,,0.0021,0.0021,0,6,0,6.074635
JU06660017,-1.0992,39.7301,9/10/2020,Estación punto de presa E. de Benagéber,DETERMINACION FÍSICO-QUÍMICA IN SITU,CLOROFILA A,0.52,µg/L,"0,52",0.029999999,Fluorescencia atómica,DISCRETA,25,9/12/2020,2,S2B_MSIL2A_20200912T104629_N0214_R051_T30TXK_20200912T135755,0.0059,0.0227,0.0297,0.0011,0.0001,0.0001,0.0001,0.0001,0.0001,,0.0021,0.0021,0,6,0,6.074635
JU06660017,-1.0992,39.7301,9/10/2020,Estación punto de presa E. de Benagéber,DETERMINACION FÍSICO-QUÍMICA IN SITU,CLOROFILA A,0.39,µg/L,"0,39",0.029999999,Fluorescencia atómica,DISCRETA,27,9/12/2020,2,S2B_MSIL2A_20200912T104629_N0214_R051_T30TXK_20200912T135755,0.0059,0.0227,0.0297,0.0011,0.0001,0.0001,0.0001,0.0001,0.0001,,0.0021,0.0021,0,6,0,6.074635
JU06660017,-1.0992,39.7301,9/10/2020,Estación punto de presa E. de Benagéber,DETERMINACION FÍSICO-QUÍMICA IN SITU,CLOROFILA A,0.42,µg/L,"0,42",0.029999999,Fluorescencia atómica,DISCRETA,28,9/12/2020,2,S2B_MSIL2A_20200912T104629_N0214_R051_T30TXK_20200912T135755,0.0059,0.0227,0.0297,0.0011,0.0001,0.0001,0.0001,0.0001,0.0001,,0.0021,0.0021,0,6,0,6.074635
JU06660017,-1.0992,39.7301,9/10/2020,Estación punto de presa E. de Benagéber,DETERMINACION FÍSICO-QUÍMICA IN SITU,CLOROFILA A,0.4,µg/L,"0,4",0.029999999,Fluorescencia atómica,DISCRETA,31,9/12/2020,2,S2B_MSIL2A_20200912T104629_N0214_R051_T30TXK_20200912T135755,0.0059,0.0227,0.0297,0.0011,0.0001,0.0001,0.0001,0.0001,0.0001,,0.0021,0.0021,0,6,0,6.074635
JU06660017,-1.0992,39.7301,9/10/2020,Estación punto de presa E. de Benagéber,DETERMINACION FÍSICO-QUÍMICA IN SITU,CLOROFILA A,0.39,µg/L,"0,39",0.029999999,Fluorescencia atómica,DISCRETA,42,9/12/2020,2,S2B_MSIL2A_20200912T104629_N0214_R051_T30TXK_20200912T135755,0.0059,0.0227,0.0297,0.0011,0.0001,0.0001,0.0001,0.0001,0.0001,,0.0021,0.0021,0,6,0,6.074635
JU06660017,-1.0992,39.7301,9/10/2020,Estación punto de presa E. de Benagéber,DETERMINACION FÍSICO-QUÍMICA IN SITU,CLOROFILA A,1.71,µg/L,"1,71",0.029999999,Fluorescencia atómica,DISCRETA,5,9/12/2020,2,S2B_MSIL2A_20200912T104629_N0214_R051_T30TXK_20200912T135755,0.0059,0.0227,0.0297,0.0011,0.0001,0.0001,0.0001,0.0001,0.0001,,0.0021,0.0021,0,6,0,6.074635
JU06660017,-1.0992,39.7301,9/10/2020,Estación punto de presa E. de Benagéber,DETERMINACION FÍSICO-QUÍMICA IN SITU,CLOROFILA A,1.97,µg/L,"1,97",0.029999999,Fluorescencia atómica,DISCRETA,8,9/12/2020,2,S2B_MSIL2A_20200912T104629_N0214_R051_T30TXK_20200912T135755,0.0059,0.0227,0.0297,0.0011,0.0001,0.0001,0.0001,0.0001,0.0001,,0.0021,0.0021,0,6,0,6.074635
JU06660017,-1.0992,39.7301,9/10/2020,Estación punto de presa E. de Benagéber,DETERMINACION FÍSICO-QUÍMICA IN SITU,CLOROFILA A,1.11,µg/L,"1,11",0.029999999,Fluorescencia atómica,DISCRETA,1,9/12/2020,2,S2B_MSIL2A_20200912T104629_N0214_R051_T30TXK_20200912T135755,0.0059,0.0227,0.0297,0.0011,0.0001,0.0001,0.0001,0.0001,0.0001,,0.0021,0.0021,0,6,0,6.074635
JU06660017,-1.0992,39.7301,9/10/2020,Estación punto de presa E. de Benagéber,DETERMINACION FÍSICO-QUÍMICA IN SITU,CLOROFILA A,0.47,µg/L,"0,47",0.029999999,Fluorescencia atómica,DISCRETA,23,9/12/2020,2,S2B_MSIL2A_20200912T104629_N0214_R051_T30TXK_20200912T135755,0.0059,0.0227,0.0297,0.0011,0.0001,0.0001,0.0001,0.0001,0.0001,,0.0021,0.0021,0,6,0,6.074635
JU06660017,-1.0992,39.7301,9/10/2020,Estación punto de presa E. de Benagéber,DETERMINACION FÍSICO-QUÍMICA IN SITU,CLOROFILA A,0.46,µg/L,"0,46",0.029999999,Fluorescencia atómica,DISCRETA,26,9/12/2020,2,S2B_MSIL2A_20200912T104629_N0214_R051_T30TXK_20200912T135755,0.0059,0.0227,0.0297,0.0011,0.0001,0.0001,0.0001,0.0001,0.0001,,0.0021,0.0021,0,6,0,6.074635
JU06660017,-1.0992,39.7301,9/10/2020,Estación punto de presa E. de Benagéber,DETERMINACION FÍSICO-QUÍMICA IN SITU,CLOROFILA A,0.41,µg/L,"0,41",0.029999999,Fluorescencia atómica,DISCRETA,38,9/12/2020,2,S2B_MSIL2A_20200912T104629_N0214_R051_T30TXK_20200912T135755,0.0059,0.0227,0.0297,0.0011,0.0001,0.0001,0.0001,0.0001,0.0001,,0.0021,0.0021,0,6,0,6.074635
JU06660017,-1.0992,39.7301,9/10/2020,Estación punto de presa E. de Benagéber,DETERMINACION FÍSICO-QUÍMICA IN SITU,CLOROFILA A,0.37,µg/L,"0,37",0.029999999,Fluorescencia atómica,DISCRETA,50,9/12/2020,2,S2B_MSIL2A_20200912T104629_N0214_R051_T30TXK_20200912T135755,0.0059,0.0227,0.0297,0.0011,0.0001,0.0001,0.0001,0.0001,0.0001,,0.0021,0.0021,0,6,0,6.074635
JU06660017,-1.0992,39.7301,9/10/2020,Estación punto de presa E. de Benagéber,TOMA DE MUESTRAS PARA LABORATORIO,SOLIDOS EN SUSPENSION,7.4,mg/L,"7,4",2,Gravimetría,INTEGRADA,-1,9/12/2020,2,S2B_MSIL2A_20200912T104629_N0214_R051_T30TXK_20200912T135755,0.0059,0.0227,0.0297,0.0011,0.0001,0.0001,0.0001,0.0001,0.0001,,0.0021,0.0021,0,6,0,6.074635
JU06660017,-1.0992,39.7301,9/10/2020,Estación punto de presa E. de Benagéber,DETERMINACION FÍSICO-QUÍMICA IN SITU,CLOROFILA A,0.44,µg/L,"0,44",0.029999999,Fluorescencia atómica,DISCRETA,18,9/12/2020,2,S2B_MSIL2A_20200912T104629_N0214_R051_T30TXK_20200912T135755,0.0059,0.0227,0.0297,0.0011,0.0001,0.0001,0.0001,0.0001,0.0001,,0.0021,0.0021,0,6,0,6.074635
JU06660017,-1.0992,39.7301,9/10/2020,Estación punto de presa E. de Benagéber,DETERMINACION FÍSICO-QUÍMICA IN SITU,CLOROFILA A,0.52,µg/L,"0,52",0.029999999,Fluorescencia atómica,DISCRETA,21,9/12/2020,2,S2B_MSIL2A_20200912T104629_N0214_R051_T30TXK_20200912T135755,0.0059,0.0227,0.0297,0.0011,0.0001,0.0001,0.0001,0.0001,0.0001,,0.0021,0.0021,0,6,0,6.074635
JU06660017,-1.0992,39.7301,9/10/2020,Estación punto de presa E. de Benagéber,DETERMINACION FÍSICO-QUÍMICA IN SITU,CLOROFILA A,0.53,µg/L,"0,53",0.029999999,Fluorescencia atómica,DISCRETA,22,9/12/2020,2,S2B_MSIL2A_20200912T104629_N0214_R051_T30TXK_20200912T135755,0.0059,0.0227,0.0297,0.0011,0.0001,0.0001,0.0001,0.0001,0.0001,,0.0021,0.0021,0,6,0,6.074635
JU06660017,-1.0992,39.7301,9/10/2020,Estación punto de presa E. de Benagéber,DETERMINACION FÍSICO-QUÍMICA IN SITU,CLOROFILA A,0.46,µg/L,"0,46",0.029999999,Fluorescencia atómica,DISCRETA,24,9/12/2020,2,S2B_MSIL2A_20200912T104629_N0214_R051_T30TXK_20200912T135755,0.0059,0.0227,0.0297,0.0011,0.0001,0.0001,0.0001,0.0001,0.0001,,0.0021,0.0021,0,6,0,6.074635
JU06660017,-1.0992,39.7301,9/10/2020,Estación punto de presa E. de Benagéber,DETERMINACION FÍSICO-QUÍMICA IN SITU,CLOROFILA A,0.42,µg/L,"0,42",0.029999999,Fluorescencia atómica,DISCRETA,29,9/12/2020,2,S2B_MSIL2A_20200912T104629_N0214_R051_T30TXK_20200912T135755,0.0059,0.0227,0.0297,0.0011,0.0001,0.0001,0.0001,0.0001,0.0001,,0.0021,0.0021,0,6,0,6.074635
JU06660017,-1.0992,39.7301,9/10/2020,Estación punto de presa E. de Benagéber,DETERMINACION FÍSICO-QUÍMICA IN SITU,CLOROFILA A,1.13,µg/L,"1,13",0.029999999,Fluorescencia atómica,DISCRETA,3,9/12/2020,2,S2B_MSIL2A_20200912T104629_N0214_R051_T30TXK_20200912T135755,0.0059,0.0227,0.0297,0.0011,0.0001,0.0001,0.0001,0.0001,0.0001,,0.0021,0.0021,0,6,0,6.074635
JU06660017,-1.0992,39.7301,9/10/2020,Estación punto de presa E. de Benagéber,DETERMINACION FÍSICO-QUÍMICA IN SITU,CLOROFILA A,0.39,µg/L,"0,39",0.029999999,Fluorescencia atómica,DISCRETA,40,9/12/2020,2,S2B_MSIL2A_20200912T104629_N0214_R051_T30TXK_20200912T135755,0.0059,0.0227,0.0297,0.0011,0.0001,0.0001,0.0001,0.0001,0.0001,,0.0021,0.0021,0,6,0,6.074635
JU06660017,-1.0992,39.7301,9/10/2020,Estación punto de presa E. de Benagéber,DETERMINACION FÍSICO-QUÍMICA IN SITU,CLOROFILA A,0.41,µg/L,"0,41",0.029999999,Fluorescencia atómica,DISCRETA,41,9/12/2020,2,S2B_MSIL2A_20200912T104629_N0214_R051_T30TXK_20200912T135755,0.0059,0.0227,0.0297,0.0011,0.0001,0.0001,0.0001,0.0001,0.0001,,0.0021,0.0021,0,6,0,6.074635
JU06660017,-1.0992,39.7301,9/10/2020,Estación punto de presa E. de Benagéber,DETERMINACION FÍSICO-QUÍMICA IN SITU,CLOROFILA A,0.27,µg/L,"0,27",0.029999999,Fluorescencia atómica,DISCRETA,49,9/12/2020,2,S2B_MSIL2A_20200912T104629_N0214_R051_T30TXK_20200912T135755,0.0059,0.0227,0.0297,0.0011,0.0001,0.0001,0.0001,0.0001,0.0001,,0.0021,0.0021,0,6,0,6.074635
JU06660017,-1.0992,39.7301,9/10/2020,Estación punto de presa E. de Benagéber,DETERMINACION FÍSICO-QUÍMICA IN SITU,CLOROFILA A,1.53,µg/L,"1,53",0.029999999,Fluorescencia atómica,DISCRETA,4,9/12/2020,2,S2B_MSIL2A_20200912T104629_N0214_R051_T30TXK_20200912T135755,0.0059,0.0227,0.0297,0.0011,0.0001,0.0001,0.0001,0.0001,0.0001,,0.0021,0.0021,0,6,0,6.074635
JU06660017,-1.0992,39.7301,9/10/2020,Estación punto de presa E. de Benagéber,DETERMINACION FÍSICO-QUÍMICA IN SITU,CLOROFILA A,2.01,µg/L,"2,01",0.029999999,Fluorescencia atómica,DISCRETA,9,9/12/2020,2,S2B_MSIL2A_20200912T104629_N0214_R051_T30TXK_20200912T135755,0.0059,0.0227,0.0297,0.0011,0.0001,0.0001,0.0001,0.0001,0.0001,,0.0021,0.0021,0,6,0,6.074635
JU06660017,-1.0992,39.7301,9/10/2020,Estación punto de presa E. de Benagéber,DETERMINACION FÍSICO-QUÍMICA IN SITU,CLOROFILA A,1.64,µg/L,"1,64",0.029999999,Fluorescencia atómica,DISCRETA,12,9/12/2020,2,S2B_MSIL2A_20200912T104629_N0214_R051_T30TXK_20200912T135755,0.0059,0.0227,0.0297,0.0011,0.0001,0.0001,0.0001,0.0001,0.0001,,0.0021,0.0021,0,6,0,6.074635
JU06660017,-1.0992,39.7301,9/10/2020,Estación punto de presa E. de Benagéber,DETERMINACION FÍSICO-QUÍMICA IN SITU,CLOROFILA A,0.64,µg/L,"0,64",0.029999999,Fluorescencia atómica,DISCRETA,15,9/12/2020,2,S2B_MSIL2A_20200912T104629_N0214_R051_T30TXK_20200912T135755,0.0059,0.0227,0.0297,0.0011,0.0001,0.0001,0.0001,0.0001,0.0001,,0.0021,0.0021,0,6,0,6.074635
JU06660017,-1.0992,39.7301,9/10/2020,Estación punto de presa E. de Benagéber,DETERMINACION FÍSICO-QUÍMICA IN SITU,CLOROFILA A,0.35,µg/L,"0,35",0.029999999,Fluorescencia atómica,DISCRETA,43,9/12/2020,2,S2B_MSIL2A_20200912T104629_N0214_R051_T30TXK_20200912T135755,0.0059,0.0227,0.0297,0.0011,0.0001,0.0001,0.0001,0.0001,0.0001,,0.0021,0.0021,0,6,0,6.074635
JU06660017,-1.0992,39.7301,9/10/2020,Estación punto de presa E. de Benagéber,TOMA DE MUESTRAS PARA LABORATORIO,FOSFORO TOTAL,0,mg P/l,"<0,02",0.02,Espectofotometría de absorción molecular,INTEGRADA,-1,9/12/2020,2,S2B_MSIL2A_20200912T104629_N0214_R051_T30TXK_20200912T135755,0.0059,0.0227,0.0297,0.0011,0.0001,0.0001,0.0001,0.0001,0.0001,,0.0021,0.0021,0,6,0,6.074635
JU06660017,-1.0992,39.7301,9/10/2020,Estación punto de presa E. de Benagéber,DETERMINACION FÍSICO-QUÍMICA IN SITU,Profundidad del disco de secchi,3.599999905,m,,,,INTEGRADA,-1,9/12/2020,2,S2B_MSIL2A_20200912T104629_N0214_R051_T30TXK_20200912T135755,0.0059,0.0227,0.0297,0.0011,0.0001,0.0001,0.0001,0.0001,0.0001,,0.0021,0.0021,0,6,0,6.074635
JU06160014,-0.164,40.0293,9/9/2020,Estación punto de presa E. de María Cristina,DETERMINACION FÍSICO-QUÍMICA IN SITU,CLOROFILA A,1.42,µg/L,"1,42",0.029999999,Fluorescencia atómica,DISCRETA,10,9/7/2020,2,S2A_MSIL2A_20200907T105031_N0214_R051_T30TYK_20200907T134456,0.0306,0.0462,0.0854,0.0245,0.0137,0.0001,0.0001,0.0001,0.0001,,0.0055,0.0077,0,6,1,26.666833
JU06160014,-0.164,40.0293,9/9/2020,Estación punto de presa E. de María Cristina,TOMA DE MUESTRAS PARA LABORATORIO,SOLIDOS EN SUSPENSION,2.4,mg/L,"2,4",2,Gravimetría,INTEGRADA,-1,9/7/2020,2,S2A_MSIL2A_20200907T105031_N0214_R051_T30TYK_20200907T134456,0.0306,0.0462,0.0854,0.0245,0.0137,0.0001,0.0001,0.0001,0.0001,,0.0055,0.0077,0,6,1,26.666833
JU06160014,-0.164,40.0293,9/9/2020,Estación punto de presa E. de María Cristina,DETERMINACION FÍSICO-QUÍMICA IN SITU,CLOROFILA A,4.73,µg/L,"4,73",0.029999999,Fluorescencia atómica,DISCRETA,7,9/7/2020,2,S2A_MSIL2A_20200907T105031_N0214_R051_T30TYK_20200907T134456,0.0306,0.0462,0.0854,0.0245,0.0137,0.0001,0.0001,0.0001,0.0001,,0.0055,0.0077,0,6,1,26.666833
JU06160014,-0.164,40.0293,9/9/2020,Estación punto de presa E. de María Cristina,DETERMINACION FÍSICO-QUÍMICA IN SITU,CLOROFILA A,2.42,µg/L,"2,42",0.029999999,Fluorescencia atómica,DISCRETA,3,9/7/2020,2,S2A_MSIL2A_20200907T105031_N0214_R051_T30TYK_20200907T134456,0.0306,0.0462,0.0854,0.0245,0.0137,0.0001,0.0001,0.0001,0.0001,,0.0055,0.0077,0,6,1,26.666833
JU06160014,-0.164,40.0293,9/9/2020,Estación punto de presa E. de María Cristina,DETERMINACION FÍSICO-QUÍMICA IN SITU,CLOROFILA A,3.04,µg/L,"3,04",0.029999999,Fluorescencia atómica,DISCRETA,5,9/7/2020,2,S2A_MSIL2A_20200907T105031_N0214_R051_T30TYK_20200907T134456,0.0306,0.0462,0.0854,0.0245,0.0137,0.0001,0.0001,0.0001,0.0001,,0.0055,0.0077,0,6,1,26.666833
JU06160014,-0.164,40.0293,9/9/2020,Estación punto de presa E. de María Cristina,DETERMINACION FÍSICO-QUÍMICA IN SITU,CLOROFILA A,3.14,µg/L,"3,14",0.029999999,Fluorescencia atómica,DISCRETA,6,9/7/2020,2,S2A_MSIL2A_20200907T105031_N0214_R051_T30TYK_20200907T134456,0.0306,0.0462,0.0854,0.0245,0.0137,0.0001,0.0001,0.0001,0.0001,,0.0055,0.0077,0,6,1,26.666833
JU06160014,-0.164,40.0293,9/9/2020,Estación punto de presa E. de María Cristina,DETERMINACION FÍSICO-QUÍMICA IN SITU,CLOROFILA A,2.1,µg/L,"2,1",0.029999999,Fluorescencia atómica,DISCRETA,2,9/7/2020,2,S2A_MSIL2A_20200907T105031_N0214_R051_T30TYK_20200907T134456,0.0306,0.0462,0.0854,0.0245,0.0137,0.0001,0.0001,0.0001,0.0001,,0.0055,0.0077,0,6,1,26.666833
JU06160014,-0.164,40.0293,9/9/2020,Estación punto de presa E. de María Cristina,DETERMINACION FÍSICO-QUÍMICA IN SITU,CLOROFILA A,2.67,µg/L,"2,67",0.029999999,Fluorescencia atómica,DISCRETA,4,9/7/2020,2,S2A_MSIL2A_20200907T105031_N0214_R051_T30TYK_20200907T134456,0.0306,0.0462,0.0854,0.0245,0.0137,0.0001,0.0001,0.0001,0.0001,,0.0055,0.0077,0,6,1,26.666833
JU06160014,-0.164,40.0293,9/9/2020,Estación punto de presa E. de María Cristina,DETERMINACION FÍSICO-QUÍMICA IN SITU,CLOROFILA A,1.63,µg/L,"1,63",0.029999999,Fluorescencia atómica,DISCRETA,0,9/7/2020,2,S2A_MSIL2A_20200907T105031_N0214_R051_T30TYK_20200907T134456,0.0306,0.0462,0.0854,0.0245,0.0137,0.0001,0.0001,0.0001,0.0001,,0.0055,0.0077,0,6,1,26.666833
JU06160014,-0.164,40.0293,9/9/2020,Estación punto de presa E. de María Cristina,DETERMINACION FÍSICO-QUÍMICA IN SITU,CLOROFILA A,1.84,µg/L,"1,84",0.029999999,Fluorescencia atómica,DISCRETA,1,9/7/2020,2,S2A_MSIL2A_20200907T105031_N0214_R051_T30TYK_20200907T134456,0.0306,0.0462,0.0854,0.0245,0.0137,0.0001,0.0001,0.0001,0.0001,,0.0055,0.0077,0,6,1,26.666833
JU06160014,-0.164,40.0293,9/9/2020,Estación punto de presa E. de María Cristina,DETERMINACION FÍSICO-QUÍMICA IN SITU,CLOROFILA A,3,µg/L,3,0.029999999,Fluorescencia atómica,DISCRETA,8,9/7/2020,2,S2A_MSIL2A_20200907T105031_N0214_R051_T30TYK_20200907T134456,0.0306,0.0462,0.0854,0.0245,0.0137,0.0001,0.0001,0.0001,0.0001,,0.0055,0.0077,0,6,1,26.666833
JU06160014,-0.164,40.0293,9/9/2020,Estación punto de presa E. de María Cristina,DETERMINACION FÍSICO-QUÍMICA IN SITU,CLOROFILA A,1.69,µg/L,"1,69",0.029999999,Fluorescencia atómica,DISCRETA,9,9/7/2020,2,S2A_MSIL2A_20200907T105031_N0214_R051_T30TYK_20200907T134456,0.0306,0.0462,0.0854,0.0245,0.0137,0.0001,0.0001,0.0001,0.0001,,0.0055,0.0077,0,6,1,26.666833
JU06160014,-0.164,40.0293,9/9/2020,Estación punto de presa E. de María Cristina,Fitoplancton,CLOROFILA A,0,µg/L,"<1,0",1,Espectofotometría de absorción molecular,INTEGRADA,-1,9/7/2020,2,S2A_MSIL2A_20200907T105031_N0214_R051_T30TYK_20200907T134456,0.0306,0.0462,0.0854,0.0245,0.0137,0.0001,0.0001,0.0001,0.0001,,0.0055,0.0077,0,6,1,26.666833
JU06160014,-0.164,40.0293,9/9/2020,Estación punto de presa E. de María Cristina,TOMA DE MUESTRAS PARA LABORATORIO,FOSFORO TOTAL,0.157,mg P/l,"0,157",0.02,Espectofotometría de absorción molecular,INTEGRADA,-1,9/7/2020,2,S2A_MSIL2A_20200907T105031_N0214_R051_T30TYK_20200907T134456,0.0306,0.0462,0.0854,0.0245,0.0137,0.0001,0.0001,0.0001,0.0001,,0.0055,0.0077,0,6,1,26.666833
JU06160014,-0.164,40.0293,9/9/2020,Estación punto de presa E. de María Cristina,DETERMINACION FÍSICO-QUÍMICA IN SITU,Profundidad del disco de secchi,3.599999905,m,,,,INTEGRADA,-1,9/7/2020,2,S2A_MSIL2A_20200907T105031_N0214_R051_T30TYK_20200907T134456,0.0306,0.0462,0.0854,0.0245,0.0137,0.0001,0.0001,0.0001,0.0001,,0.0055,0.0077,0,6,1,26.666833
JU06150028,-0.2307,40.0116,7/10/2020,Estación punto de presa E. de Sitjar,DETERMINACION FÍSICO-QUÍMICA IN SITU,CLOROFILA A,0.74,µg/L,"0,74",0.029999999,Fluorescencia atómica,DISCRETA,10,7/4/2020,6,S2B_MSIL2A_20200704T104619_N0214_R051_T30TYK_20200704T133959,1.2432,1.2592,1.1607,1.0848,1.0995,1.0307,1.0009,1.0832,0.9554,1.1936,0.7119,0.5779,1024,9,100,37.932468
JU06150028,-0.2307,40.0116,7/10/2020,Estación punto de presa E. de Sitjar,DETERMINACION FÍSICO-QUÍMICA IN SITU,CLOROFILA A,0.61,µg/L,"0,61",0.029999999,Fluorescencia atómica,DISCRETA,13,7/4/2020,6,S2B_MSIL2A_20200704T104619_N0214_R051_T30TYK_20200704T133959,1.2432,1.2592,1.1607,1.0848,1.0995,1.0307,1.0009,1.0832,0.9554,1.1936,0.7119,0.5779,1024,9,100,37.932468
JU06150028,-0.2307,40.0116,7/10/2020,Estación punto de presa E. de Sitjar,DETERMINACION FÍSICO-QUÍMICA IN SITU,CLOROFILA A,0.55,µg/L,"0,55",0.029999999,Fluorescencia atómica,DISCRETA,14,7/4/2020,6,S2B_MSIL2A_20200704T104619_N0214_R051_T30TYK_20200704T133959,1.2432,1.2592,1.1607,1.0848,1.0995,1.0307,1.0009,1.0832,0.9554,1.1936,0.7119,0.5779,1024,9,100,37.932468
JU06150028,-0.2307,40.0116,7/10/2020,Estación punto de presa E. de Sitjar,DETERMINACION FÍSICO-QUÍMICA IN SITU,CLOROFILA A,0.57,µg/L,"0,57",0.029999999,Fluorescencia atómica,DISCRETA,17,7/4/2020,6,S2B_MSIL2A_20200704T104619_N0214_R051_T30TYK_20200704T133959,1.2432,1.2592,1.1607,1.0848,1.0995,1.0307,1.0009,1.0832,0.9554,1.1936,0.7119,0.5779,1024,9,100,37.932468
JU06150028,-0.2307,40.0116,7/10/2020,Estación punto de presa E. de Sitjar,DETERMINACION FÍSICO-QUÍMICA IN SITU,CLOROFILA A,0.54,µg/L,"0,54",0.029999999,Fluorescencia atómica,DISCRETA,18,7/4/2020,6,S2B_MSIL2A_20200704T104619_N0214_R051_T30TYK_20200704T133959,1.2432,1.2592,1.1607,1.0848,1.0995,1.0307,1.0009,1.0832,0.9554,1.1936,0.7119,0.5779,1024,9,100,37.932468
JU06150028,-0.2307,40.0116,7/10/2020,Estación punto de presa E. de Sitjar,DETERMINACION FÍSICO-QUÍMICA IN SITU,CLOROFILA A,0.58,µg/L,"0,58",0.029999999,Fluorescencia atómica,DISCRETA,15,7/4/2020,6,S2B_MSIL2A_20200704T104619_N0214_R051_T30TYK_20200704T133959,1.2432,1.2592,1.1607,1.0848,1.0995,1.0307,1.0009,1.0832,0.9554,1.1936,0.7119,0.5779,1024,9,100,37.932468
JU06150028,-0.2307,40.0116,7/10/2020,Estación punto de presa E. de Sitjar,DETERMINACION FÍSICO-QUÍMICA IN SITU,CLOROFILA A,0.6,µg/L,"0,6",0.029999999,Fluorescencia atómica,DISCRETA,16,7/4/2020,6,S2B_MSIL2A_20200704T104619_N0214_R051_T30TYK_20200704T133959,1.2432,1.2592,1.1607,1.0848,1.0995,1.0307,1.0009,1.0832,0.9554,1.1936,0.7119,0.5779,1024,9,100,37.932468
JU06150028,-0.2307,40.0116,7/10/2020,Estación punto de presa E. de Sitjar,DETERMINACION FÍSICO-QUÍMICA IN SITU,CLOROFILA A,0.21,µg/L,"0,21",0.029999999,Fluorescencia atómica,DISCRETA,1,7/4/2020,6,S2B_MSIL2A_20200704T104619_N0214_R051_T30TYK_20200704T133959,1.2432,1.2592,1.1607,1.0848,1.0995,1.0307,1.0009,1.0832,0.9554,1.1936,0.7119,0.5779,1024,9,100,37.932468
JU06150028,-0.2307,40.0116,7/10/2020,Estación punto de presa E. de Sitjar,DETERMINACION FÍSICO-QUÍMICA IN SITU,CLOROFILA A,0.4,µg/L,"0,4",0.029999999,Fluorescencia atómica,DISCRETA,6,7/4/2020,6,S2B_MSIL2A_20200704T104619_N0214_R051_T30TYK_20200704T133959,1.2432,1.2592,1.1607,1.0848,1.0995,1.0307,1.0009,1.0832,0.9554,1.1936,0.7119,0.5779,1024,9,100,37.932468
JU06150028,-0.2307,40.0116,7/10/2020,Estación punto de presa E. de Sitjar,DETERMINACION FÍSICO-QUÍMICA IN SITU,CLOROFILA A,0.53,µg/L,"0,53",0.029999999,Fluorescencia atómica,DISCRETA,8,7/4/2020,6,S2B_MSIL2A_20200704T104619_N0214_R051_T30TYK_20200704T133959,1.2432,1.2592,1.1607,1.0848,1.0995,1.0307,1.0009,1.0832,0.9554,1.1936,0.7119,0.5779,1024,9,100,37.932468
JU06150028,-0.2307,40.0116,7/10/2020,Estación punto de presa E. de Sitjar,TOMA DE MUESTRAS PARA LABORATORIO,SOLIDOS EN SUSPENSION,3.8,mg/L,"3,8",2,Gravimetría,INTEGRADA,-1,7/4/2020,6,S2B_MSIL2A_20200704T104619_N0214_R051_T30TYK_20200704T133959,1.2432,1.2592,1.1607,1.0848,1.0995,1.0307,1.0009,1.0832,0.9554,1.1936,0.7119,0.5779,1024,9,100,37.932468
JU06150028,-0.2307,40.0116,7/10/2020,Estación punto de presa E. de Sitjar,Fitoplancton,CLOROFILA A,0,µg/L,"<1,0",1,Espectofotometría de absorción molecular,INTEGRADA,-1,7/4/2020,6,S2B_MSIL2A_20200704T104619_N0214_R051_T30TYK_20200704T133959,1.2432,1.2592,1.1607,1.0848,1.0995,1.0307,1.0009,1.0832,0.9554,1.1936,0.7119,0.5779,1024,9,100,37.932468
JU06150028,-0.2307,40.0116,7/10/2020,Estación punto de presa E. de Sitjar,DETERMINACION FÍSICO-QUÍMICA IN SITU,CLOROFILA A,0.42,µg/L,"0,42",0.029999999,Fluorescencia atómica,DISCRETA,20,7/4/2020,6,S2B_MSIL2A_20200704T104619_N0214_R051_T30TYK_20200704T133959,1.2432,1.2592,1.1607,1.0848,1.0995,1.0307,1.0009,1.0832,0.9554,1.1936,0.7119,0.5779,1024,9,100,37.932468
JU06150028,-0.2307,40.0116,7/10/2020,Estación punto de presa E. de Sitjar,DETERMINACION FÍSICO-QUÍMICA IN SITU,CLOROFILA A,0.39,µg/L,"0,39",0.029999999,Fluorescencia atómica,DISCRETA,26,7/4/2020,6,S2B_MSIL2A_20200704T104619_N0214_R051_T30TYK_20200704T133959,1.2432,1.2592,1.1607,1.0848,1.0995,1.0307,1.0009,1.0832,0.9554,1.1936,0.7119,0.5779,1024,9,100,37.932468
JU06150028,-0.2307,40.0116,7/10/2020,Estación punto de presa E. de Sitjar,DETERMINACION FÍSICO-QUÍMICA IN SITU,CLOROFILA A,0.64,µg/L,"0,64",0.029999999,Fluorescencia atómica,DISCRETA,9,7/4/2020,6,S2B_MSIL2A_20200704T104619_N0214_R051_T30TYK_20200704T133959,1.2432,1.2592,1.1607,1.0848,1.0995,1.0307,1.0009,1.0832,0.9554,1.1936,0.7119,0.5779,1024,9,100,37.932468
JU06150028,-0.2307,40.0116,7/10/2020,Estación punto de presa E. de Sitjar,DETERMINACION FÍSICO-QUÍMICA IN SITU,CLOROFILA A,0.33,µg/L,"0,33",0.029999999,Fluorescencia atómica,DISCRETA,23,7/4/2020,6,S2B_MSIL2A_20200704T104619_N0214_R051_T30TYK_20200704T133959,1.2432,1.2592,1.1607,1.0848,1.0995,1.0307,1.0009,1.0832,0.9554,1.1936,0.7119,0.5779,1024,9,100,37.932468
JU06150028,-0.2307,40.0116,7/10/2020,Estación punto de presa E. de Sitjar,DETERMINACION FÍSICO-QUÍMICA IN SITU,CLOROFILA A,0.35,µg/L,"0,35",0.029999999,Fluorescencia atómica,DISCRETA,24,7/4/2020,6,S2B_MSIL2A_20200704T104619_N0214_R051_T30TYK_20200704T133959,1.2432,1.2592,1.1607,1.0848,1.0995,1.0307,1.0009,1.0832,0.9554,1.1936,0.7119,0.5779,1024,9,100,37.932468
JU06150028,-0.2307,40.0116,7/10/2020,Estación punto de presa E. de Sitjar,DETERMINACION FÍSICO-QUÍMICA IN SITU,CLOROFILA A,0.23,µg/L,"0,23",0.029999999,Fluorescencia atómica,DISCRETA,3,7/4/2020,6,S2B_MSIL2A_20200704T104619_N0214_R051_T30TYK_20200704T133959,1.2432,1.2592,1.1607,1.0848,1.0995,1.0307,1.0009,1.0832,0.9554,1.1936,0.7119,0.5779,1024,9,100,37.932468
JU06150028,-0.2307,40.0116,7/10/2020,Estación punto de presa E. de Sitjar,DETERMINACION FÍSICO-QUÍMICA IN SITU,CLOROFILA A,0.32,µg/L,"0,32",0.029999999,Fluorescencia atómica,DISCRETA,5,7/4/2020,6,S2B_MSIL2A_20200704T104619_N0214_R051_T30TYK_20200704T133959,1.2432,1.2592,1.1607,1.0848,1.0995,1.0307,1.0009,1.0832,0.9554,1.1936,0.7119,0.5779,1024,9,100,37.932468
JU06150028,-0.2307,40.0116,7/10/2020,Estación punto de presa E. de Sitjar,DETERMINACION FÍSICO-QUÍMICA IN SITU,CLOROFILA A,0.17,µg/L,"0,17",0.029999999,Fluorescencia atómica,DISCRETA,0,7/4/2020,6,S2B_MSIL2A_20200704T104619_N0214_R051_T30TYK_20200704T133959,1.2432,1.2592,1.1607,1.0848,1.0995,1.0307,1.0009,1.0832,0.9554,1.1936,0.7119,0.5779,1024,9,100,37.932468
JU06150028,-0.2307,40.0116,7/10/2020,Estación punto de presa E. de Sitjar,DETERMINACION FÍSICO-QUÍMICA IN SITU,CLOROFILA A,0.35,µg/L,"0,35",0.029999999,Fluorescencia atómica,DISCRETA,25,7/4/2020,6,S2B_MSIL2A_20200704T104619_N0214_R051_T30TYK_20200704T133959,1.2432,1.2592,1.1607,1.0848,1.0995,1.0307,1.0009,1.0832,0.9554,1.1936,0.7119,0.5779,1024,9,100,37.932468
JU06150028,-0.2307,40.0116,7/10/2020,Estación punto de presa E. de Sitjar,DETERMINACION FÍSICO-QUÍMICA IN SITU,CLOROFILA A,0.41,µg/L,"0,41",0.029999999,Fluorescencia atómica,DISCRETA,27,7/4/2020,6,S2B_MSIL2A_20200704T104619_N0214_R051_T30TYK_20200704T133959,1.2432,1.2592,1.1607,1.0848,1.0995,1.0307,1.0009,1.0832,0.9554,1.1936,0.7119,0.5779,1024,9,100,37.932468
JU06150028,-0.2307,40.0116,7/10/2020,Estación punto de presa E. de Sitjar,DETERMINACION FÍSICO-QUÍMICA IN SITU,CLOROFILA A,0.69,µg/L,"0,69",0.029999999,Fluorescencia atómica,DISCRETA,11,7/4/2020,6,S2B_MSIL2A_20200704T104619_N0214_R051_T30TYK_20200704T133959,1.2432,1.2592,1.1607,1.0848,1.0995,1.0307,1.0009,1.0832,0.9554,1.1936,0.7119,0.5779,1024,9,100,37.932468
JU06150028,-0.2307,40.0116,7/10/2020,Estación punto de presa E. de Sitjar,DETERMINACION FÍSICO-QUÍMICA IN SITU,CLOROFILA A,0.29,µg/L,"0,29",0.029999999,Fluorescencia atómica,DISCRETA,4,7/4/2020,6,S2B_MSIL2A_20200704T104619_N0214_R051_T30TYK_20200704T133959,1.2432,1.2592,1.1607,1.0848,1.0995,1.0307,1.0009,1.0832,0.9554,1.1936,0.7119,0.5779,1024,9,100,37.932468
JU06150028,-0.2307,40.0116,7/10/2020,Estación punto de presa E. de Sitjar,DETERMINACION FÍSICO-QUÍMICA IN SITU,CLOROFILA A,0.43,µg/L,"0,43",0.029999999,Fluorescencia atómica,DISCRETA,7,7/4/2020,6,S2B_MSIL2A_20200704T104619_N0214_R051_T30TYK_20200704T133959,1.2432,1.2592,1.1607,1.0848,1.0995,1.0307,1.0009,1.0832,0.9554,1.1936,0.7119,0.5779,1024,9,100,37.932468
JU06150028,-0.2307,40.0116,7/10/2020,Estación punto de presa E. de Sitjar,DETERMINACION FÍSICO-QUÍMICA IN SITU,CLOROFILA A,0.65,µg/L,"0,65",0.029999999,Fluorescencia atómica,DISCRETA,12,7/4/2020,6,S2B_MSIL2A_20200704T104619_N0214_R051_T30TYK_20200704T133959,1.2432,1.2592,1.1607,1.0848,1.0995,1.0307,1.0009,1.0832,0.9554,1.1936,0.7119,0.5779,1024,9,100,37.932468
JU06150028,-0.2307,40.0116,7/10/2020,Estación punto de presa E. de Sitjar,DETERMINACION FÍSICO-QUÍMICA IN SITU,CLOROFILA A,0.34,µg/L,"0,34",0.029999999,Fluorescencia atómica,DISCRETA,21,7/4/2020,6,S2B_MSIL2A_20200704T104619_N0214_R051_T30TYK_20200704T133959,1.2432,1.2592,1.1607,1.0848,1.0995,1.0307,1.0009,1.0832,0.9554,1.1936,0.7119,0.5779,1024,9,100,37.932468
JU06150028,-0.2307,40.0116,7/10/2020,Estación punto de presa E. de Sitjar,DETERMINACION FÍSICO-QUÍMICA IN SITU,CLOROFILA A,0.5,µg/L,"0,5",0.029999999,Fluorescencia atómica,DISCRETA,19,7/4/2020,6,S2B_MSIL2A_20200704T104619_N0214_R051_T30TYK_20200704T133959,1.2432,1.2592,1.1607,1.0848,1.0995,1.0307,1.0009,1.0832,0.9554,1.1936,0.7119,0.5779,1024,9,100,37.932468
JU06150028,-0.2307,40.0116,7/10/2020,Estación punto de presa E. de Sitjar,DETERMINACION FÍSICO-QUÍMICA IN SITU,CLOROFILA A,0.35,µg/L,"0,35",0.029999999,Fluorescencia atómica,DISCRETA,22,7/4/2020,6,S2B_MSIL2A_20200704T104619_N0214_R051_T30TYK_20200704T133959,1.2432,1.2592,1.1607,1.0848,1.0995,1.0307,1.0009,1.0832,0.9554,1.1936,0.7119,0.5779,1024,9,100,37.932468
JU06150028,-0.2307,40.0116,7/10/2020,Estación punto de presa E. de Sitjar,DETERMINACION FÍSICO-QUÍMICA IN SITU,CLOROFILA A,0.22,µg/L,"0,22",0.029999999,Fluorescencia atómica,DISCRETA,2,7/4/2020,6,S2B_MSIL2A_20200704T104619_N0214_R051_T30TYK_20200704T133959,1.2432,1.2592,1.1607,1.0848,1.0995,1.0307,1.0009,1.0832,0.9554,1.1936,0.7119,0.5779,1024,9,100,37.932468
JU06150028,-0.2307,40.0116,7/10/2020,Estación punto de presa E. de Sitjar,TOMA DE MUESTRAS PARA LABORATORIO,FOSFORO TOTAL,0,mg P/l,"<0,02",0.02,Espectofotometría de absorción molecular,INTEGRADA,-1,7/4/2020,6,S2B_MSIL2A_20200704T104619_N0214_R051_T30TYK_20200704T133959,1.2432,1.2592,1.1607,1.0848,1.0995,1.0307,1.0009,1.0832,0.9554,1.1936,0.7119,0.5779,1024,9,100,37.932468
JU06150028,-0.2307,40.0116,7/10/2020,Estación punto de presa E. de Sitjar,DETERMINACION FÍSICO-QUÍMICA IN SITU,Profundidad del disco de secchi,5.300000191,m,,,,INTEGRADA,-1,7/4/2020,6,S2B_MSIL2A_20200704T104619_N0214_R051_T30TYK_20200704T133959,1.2432,1.2592,1.1607,1.0848,1.0995,1.0307,1.0009,1.0832,0.9554,1.1936,0.7119,0.5779,1024,9,100,37.932468
JU06160014,-0.164,40.0293,6/24/2020,Estación punto de presa E. de María Cristina,TOMA DE MUESTRAS PARA LABORATORIO,SOLIDOS EN SUSPENSION,3,mg/L,3,2,Gravimetría,INTEGRADA,-1,6/19/2020,5,S2A_MSIL2A_20200619T105031_N0214_R051_T30TYK_20200619T134906,1.5461,1.3779,1.2834,1.2371,1.2847,1.2287,1.2084,1.1524,1.1801,1.6014,0.7361,0.5677,1024,9,100,73.222318
JU06160014,-0.164,40.0293,6/24/2020,Estación punto de presa E. de María Cristina,Fitoplancton,CLOROFILA A,0,µg/L,"<1,0",1,Espectofotometría de absorción molecular,INTEGRADA,-1,6/19/2020,5,S2A_MSIL2A_20200619T105031_N0214_R051_T30TYK_20200619T134906,1.5461,1.3779,1.2834,1.2371,1.2847,1.2287,1.2084,1.1524,1.1801,1.6014,0.7361,0.5677,1024,9,100,73.222318
JU06160014,-0.164,40.0293,6/24/2020,Estación punto de presa E. de María Cristina,TOMA DE MUESTRAS PARA LABORATORIO,FOSFORO TOTAL,0.024,mg P/l,"0,024",0.02,Espectofotometría de absorción molecular,INTEGRADA,-1,6/19/2020,5,S2A_MSIL2A_20200619T105031_N0214_R051_T30TYK_20200619T134906,1.5461,1.3779,1.2834,1.2371,1.2847,1.2287,1.2084,1.1524,1.1801,1.6014,0.7361,0.5677,1024,9,100,73.222318
JU06160014,-0.164,40.0293,6/24/2020,Estación punto de presa E. de María Cristina,DETERMINACION FÍSICO-QUÍMICA IN SITU,Profundidad del disco de secchi,2.700000048,m,,,,INTEGRADA,-1,6/19/2020,5,S2A_MSIL2A_20200619T105031_N0214_R051_T30TYK_20200619T134906,1.5461,1.3779,1.2834,1.2371,1.2847,1.2287,1.2084,1.1524,1.1801,1.6014,0.7361,0.5677,1024,9,100,73.222318
JU06660017,-1.0992,39.7301,6/22/2020,Estación punto de presa E. de Benagéber,TOMA DE MUESTRAS PARA LABORATORIO,SOLIDOS EN SUSPENSION,4.2,mg/L,"4,2",2,Gravimetría,INTEGRADA,-1,6/27/2020,5,S2B_MSIL2A_20200627T105619_N0214_R094_T30SXJ_20200627T134914,0.0528,0.058,0.067,0.0353,0.0371,0.031,0.0331,0.0232,0.0309,0.0239,0.0281,0.0314,0,6,5,27.228479
JU06660017,-1.0992,39.7301,6/22/2020,Estación punto de presa E. de Benagéber,Fitoplancton,CLOROFILA A,0,µg/L,"<1,0",1,Espectofotometría de absorción molecular,INTEGRADA,-1,6/27/2020,5,S2B_MSIL2A_20200627T105619_N0214_R094_T30SXJ_20200627T134914,0.0528,0.058,0.067,0.0353,0.0371,0.031,0.0331,0.0232,0.0309,0.0239,0.0281,0.0314,0,6,5,27.228479
JU06660017,-1.0992,39.7301,6/22/2020,Estación punto de presa E. de Benagéber,TOMA DE MUESTRAS PARA LABORATORIO,FOSFORO TOTAL,0,mg P/l,"<0,02",0.02,Espectofotometría de absorción molecular,INTEGRADA,-1,6/27/2020,5,S2B_MSIL2A_20200627T105619_N0214_R094_T30SXJ_20200627T134914,0.0528,0.058,0.067,0.0353,0.0371,0.031,0.0331,0.0232,0.0309,0.0239,0.0281,0.0314,0,6,5,27.228479
JU06660017,-1.0992,39.7301,6/22/2020,Estación punto de presa E. de Benagéber,DETERMINACION FÍSICO-QUÍMICA IN SITU,Profundidad del disco de secchi,4.099999905,m,,,,INTEGRADA,-1,6/27/2020,5,S2B_MSIL2A_20200627T105619_N0214_R094_T30SXJ_20200627T134914,0.0528,0.058,0.067,0.0353,0.0371,0.031,0.0331,0.0232,0.0309,0.0239,0.0281,0.0314,0,6,5,27.228479
JU06660017,-1.0992,39.7301,3/4/2020,Estación punto de presa E. de Benagéber,DETERMINACION FÍSICO-QUÍMICA IN SITU,CLOROFILA A,0.81,µg/L,"0,81",0.029999999,Fluorescencia atómica,DISCRETA,0,3/6/2020,2,S2B_MSIL2A_20200306T104819_N0214_R051_T30TXK_20200306T133852,0.0969,0.0799,0.0882,0.0878,0.1038,0.1294,0.143,0.1199,0.1549,0.1759,0.1364,0.1303,0,10,39,61.56733
JU06660017,-1.0992,39.7301,3/4/2020,Estación punto de presa E. de Benagéber,DETERMINACION FÍSICO-QUÍMICA IN SITU,CLOROFILA A,1.58,µg/L,"1,58",0.029999999,Fluorescencia atómica,DISCRETA,16,3/6/2020,2,S2B_MSIL2A_20200306T104819_N0214_R051_T30TXK_20200306T133852,0.0969,0.0799,0.0882,0.0878,0.1038,0.1294,0.143,0.1199,0.1549,0.1759,0.1364,0.1303,0,10,39,61.56733
JU06660017,-1.0992,39.7301,3/4/2020,Estación punto de presa E. de Benagéber,DETERMINACION FÍSICO-QUÍMICA IN SITU,CLOROFILA A,0.91,µg/L,"0,91",0.029999999,Fluorescencia atómica,DISCRETA,1,3/6/2020,2,S2B_MSIL2A_20200306T104819_N0214_R051_T30TXK_20200306T133852,0.0969,0.0799,0.0882,0.0878,0.1038,0.1294,0.143,0.1199,0.1549,0.1759,0.1364,0.1303,0,10,39,61.56733
JU06660017,-1.0992,39.7301,3/4/2020,Estación punto de presa E. de Benagéber,DETERMINACION FÍSICO-QUÍMICA IN SITU,CLOROFILA A,0.45,µg/L,"0,45",0.029999999,Fluorescencia atómica,DISCRETA,37,3/6/2020,2,S2B_MSIL2A_20200306T104819_N0214_R051_T30TXK_20200306T133852,0.0969,0.0799,0.0882,0.0878,0.1038,0.1294,0.143,0.1199,0.1549,0.1759,0.1364,0.1303,0,10,39,61.56733
JU06660017,-1.0992,39.7301,3/4/2020,Estación punto de presa E. de Benagéber,DETERMINACION FÍSICO-QUÍMICA IN SITU,CLOROFILA A,0.27,µg/L,"0,27",0.029999999,Fluorescencia atómica,DISCRETA,56,3/6/2020,2,S2B_MSIL2A_20200306T104819_N0214_R051_T30TXK_20200306T133852,0.0969,0.0799,0.0882,0.0878,0.1038,0.1294,0.143,0.1199,0.1549,0.1759,0.1364,0.1303,0,10,39,61.56733
JU06660017,-1.0992,39.7301,3/4/2020,Estación punto de presa E. de Benagéber,DETERMINACION FÍSICO-QUÍMICA IN SITU,CLOROFILA A,1.49,µg/L,"1,49",0.029999999,Fluorescencia atómica,DISCRETA,14,3/6/2020,2,S2B_MSIL2A_20200306T104819_N0214_R051_T30TXK_20200306T133852,0.0969,0.0799,0.0882,0.0878,0.1038,0.1294,0.143,0.1199,0.1549,0.1759,0.1364,0.1303,0,10,39,61.56733
JU06660017,-1.0992,39.7301,3/4/2020,Estación punto de presa E. de Benagéber,DETERMINACION FÍSICO-QUÍMICA IN SITU,CLOROFILA A,0.37,µg/L,"0,37",0.029999999,Fluorescencia atómica,DISCRETA,50,3/6/2020,2,S2B_MSIL2A_20200306T104819_N0214_R051_T30TXK_20200306T133852,0.0969,0.0799,0.0882,0.0878,0.1038,0.1294,0.143,0.1199,0.1549,0.1759,0.1364,0.1303,0,10,39,61.56733
JU06660017,-1.0992,39.7301,3/4/2020,Estación punto de presa E. de Benagéber,DETERMINACION FÍSICO-QUÍMICA IN SITU,CLOROFILA A,1.51,µg/L,"1,51",0.029999999,Fluorescencia atómica,DISCRETA,13,3/6/2020,2,S2B_MSIL2A_20200306T104819_N0214_R051_T30TXK_20200306T133852,0.0969,0.0799,0.0882,0.0878,0.1038,0.1294,0.143,0.1199,0.1549,0.1759,0.1364,0.1303,0,10,39,61.56733
JU06660017,-1.0992,39.7301,3/4/2020,Estación punto de presa E. de Benagéber,DETERMINACION FÍSICO-QUÍMICA IN SITU,CLOROFILA A,1.26,µg/L,"1,26",0.029999999,Fluorescencia atómica,DISCRETA,21,3/6/2020,2,S2B_MSIL2A_20200306T104819_N0214_R051_T30TXK_20200306T133852,0.0969,0.0799,0.0882,0.0878,0.1038,0.1294,0.143,0.1199,0.1549,0.1759,0.1364,0.1303,0,10,39,61.56733
JU06660017,-1.0992,39.7301,3/4/2020,Estación punto de presa E. de Benagéber,DETERMINACION FÍSICO-QUÍMICA IN SITU,CLOROFILA A,0.96,µg/L,"0,96",0.029999999,Fluorescencia atómica,DISCRETA,23,3/6/2020,2,S2B_MSIL2A_20200306T104819_N0214_R051_T30TXK_20200306T133852,0.0969,0.0799,0.0882,0.0878,0.1038,0.1294,0.143,0.1199,0.1549,0.1759,0.1364,0.1303,0,10,39,61.56733
JU06660017,-1.0992,39.7301,3/4/2020,Estación punto de presa E. de Benagéber,DETERMINACION FÍSICO-QUÍMICA IN SITU,CLOROFILA A,0.8,µg/L,"0,8",0.029999999,Fluorescencia atómica,DISCRETA,25,3/6/2020,2,S2B_MSIL2A_20200306T104819_N0214_R051_T30TXK_20200306T133852,0.0969,0.0799,0.0882,0.0878,0.1038,0.1294,0.143,0.1199,0.1549,0.1759,0.1364,0.1303,0,10,39,61.56733
JU06660017,-1.0992,39.7301,3/4/2020,Estación punto de presa E. de Benagéber,DETERMINACION FÍSICO-QUÍMICA IN SITU,CLOROFILA A,0.69,µg/L,"0,69",0.029999999,Fluorescencia atómica,DISCRETA,26,3/6/2020,2,S2B_MSIL2A_20200306T104819_N0214_R051_T30TXK_20200306T133852,0.0969,0.0799,0.0882,0.0878,0.1038,0.1294,0.143,0.1199,0.1549,0.1759,0.1364,0.1303,0,10,39,61.56733
JU06660017,-1.0992,39.7301,3/4/2020,Estación punto de presa E. de Benagéber,DETERMINACION FÍSICO-QUÍMICA IN SITU,CLOROFILA A,0.42,µg/L,"0,42",0.029999999,Fluorescencia atómica,DISCRETA,40,3/6/2020,2,S2B_MSIL2A_20200306T104819_N0214_R051_T30TXK_20200306T133852,0.0969,0.0799,0.0882,0.0878,0.1038,0.1294,0.143,0.1199,0.1549,0.1759,0.1364,0.1303,0,10,39,61.56733
JU06660017,-1.0992,39.7301,3/4/2020,Estación punto de presa E. de Benagéber,DETERMINACION FÍSICO-QUÍMICA IN SITU,CLOROFILA A,0.41,µg/L,"0,41",0.029999999,Fluorescencia atómica,DISCRETA,42,3/6/2020,2,S2B_MSIL2A_20200306T104819_N0214_R051_T30TXK_20200306T133852,0.0969,0.0799,0.0882,0.0878,0.1038,0.1294,0.143,0.1199,0.1549,0.1759,0.1364,0.1303,0,10,39,61.56733
JU06660017,-1.0992,39.7301,3/4/2020,Estación punto de presa E. de Benagéber,DETERMINACION FÍSICO-QUÍMICA IN SITU,CLOROFILA A,0.36,µg/L,"0,36",0.029999999,Fluorescencia atómica,DISCRETA,49,3/6/2020,2,S2B_MSIL2A_20200306T104819_N0214_R051_T30TXK_20200306T133852,0.0969,0.0799,0.0882,0.0878,0.1038,0.1294,0.143,0.1199,0.1549,0.1759,0.1364,0.1303,0,10,39,61.56733
JU06660017,-1.0992,39.7301,3/4/2020,Estación punto de presa E. de Benagéber,DETERMINACION FÍSICO-QUÍMICA IN SITU,CLOROFILA A,0.33,µg/L,"0,33",0.029999999,Fluorescencia atómica,DISCRETA,51,3/6/2020,2,S2B_MSIL2A_20200306T104819_N0214_R051_T30TXK_20200306T133852,0.0969,0.0799,0.0882,0.0878,0.1038,0.1294,0.143,0.1199,0.1549,0.1759,0.1364,0.1303,0,10,39,61.56733
JU06660017,-1.0992,39.7301,3/4/2020,Estación punto de presa E. de Benagéber,DETERMINACION FÍSICO-QUÍMICA IN SITU,CLOROFILA A,0.26,µg/L,"0,26",0.029999999,Fluorescencia atómica,DISCRETA,57,3/6/2020,2,S2B_MSIL2A_20200306T104819_N0214_R051_T30TXK_20200306T133852,0.0969,0.0799,0.0882,0.0878,0.1038,0.1294,0.143,0.1199,0.1549,0.1759,0.1364,0.1303,0,10,39,61.56733
JU06660017,-1.0992,39.7301,3/4/2020,Estación punto de presa E. de Benagéber,DETERMINACION FÍSICO-QUÍMICA IN SITU,CLOROFILA A,1.55,µg/L,"1,55",0.029999999,Fluorescencia atómica,DISCRETA,15,3/6/2020,2,S2B_MSIL2A_20200306T104819_N0214_R051_T30TXK_20200306T133852,0.0969,0.0799,0.0882,0.0878,0.1038,0.1294,0.143,0.1199,0.1549,0.1759,0.1364,0.1303,0,10,39,61.56733
JU06660017,-1.0992,39.7301,3/4/2020,Estación punto de presa E. de Benagéber,DETERMINACION FÍSICO-QUÍMICA IN SITU,CLOROFILA A,1.72,µg/L,"1,72",0.029999999,Fluorescencia atómica,DISCRETA,18,3/6/2020,2,S2B_MSIL2A_20200306T104819_N0214_R051_T30TXK_20200306T133852,0.0969,0.0799,0.0882,0.0878,0.1038,0.1294,0.143,0.1199,0.1549,0.1759,0.1364,0.1303,0,10,39,61.56733
JU06660017,-1.0992,39.7301,3/4/2020,Estación punto de presa E. de Benagéber,DETERMINACION FÍSICO-QUÍMICA IN SITU,CLOROFILA A,1.18,µg/L,"1,18",0.029999999,Fluorescencia atómica,DISCRETA,22,3/6/2020,2,S2B_MSIL2A_20200306T104819_N0214_R051_T30TXK_20200306T133852,0.0969,0.0799,0.0882,0.0878,0.1038,0.1294,0.143,0.1199,0.1549,0.1759,0.1364,0.1303,0,10,39,61.56733
JU06660017,-1.0992,39.7301,3/4/2020,Estación punto de presa E. de Benagéber,DETERMINACION FÍSICO-QUÍMICA IN SITU,CLOROFILA A,0.61,µg/L,"0,61",0.029999999,Fluorescencia atómica,DISCRETA,27,3/6/2020,2,S2B_MSIL2A_20200306T104819_N0214_R051_T30TXK_20200306T133852,0.0969,0.0799,0.0882,0.0878,0.1038,0.1294,0.143,0.1199,0.1549,0.1759,0.1364,0.1303,0,10,39,61.56733
JU06660017,-1.0992,39.7301,3/4/2020,Estación punto de presa E. de Benagéber,DETERMINACION FÍSICO-QUÍMICA IN SITU,CLOROFILA A,1.07,µg/L,"1,07",0.029999999,Fluorescencia atómica,DISCRETA,2,3/6/2020,2,S2B_MSIL2A_20200306T104819_N0214_R051_T30TXK_20200306T133852,0.0969,0.0799,0.0882,0.0878,0.1038,0.1294,0.143,0.1199,0.1549,0.1759,0.1364,0.1303,0,10,39,61.56733
JU06660017,-1.0992,39.7301,3/4/2020,Estación punto de presa E. de Benagéber,DETERMINACION FÍSICO-QUÍMICA IN SITU,CLOROFILA A,0.4,µg/L,"0,4",0.029999999,Fluorescencia atómica,DISCRETA,45,3/6/2020,2,S2B_MSIL2A_20200306T104819_N0214_R051_T30TXK_20200306T133852,0.0969,0.0799,0.0882,0.0878,0.1038,0.1294,0.143,0.1199,0.1549,0.1759,0.1364,0.1303,0,10,39,61.56733
JU06660017,-1.0992,39.7301,3/4/2020,Estación punto de presa E. de Benagéber,DETERMINACION FÍSICO-QUÍMICA IN SITU,CLOROFILA A,1.44,µg/L,"1,44",0.029999999,Fluorescencia atómica,DISCRETA,4,3/6/2020,2,S2B_MSIL2A_20200306T104819_N0214_R051_T30TXK_20200306T133852,0.0969,0.0799,0.0882,0.0878,0.1038,0.1294,0.143,0.1199,0.1549,0.1759,0.1364,0.1303,0,10,39,61.56733
JU06660017,-1.0992,39.7301,3/4/2020,Estación punto de presa E. de Benagéber,DETERMINACION FÍSICO-QUÍMICA IN SITU,CLOROFILA A,0.34,µg/L,"0,34",0.029999999,Fluorescencia atómica,DISCRETA,53,3/6/2020,2,S2B_MSIL2A_20200306T104819_N0214_R051_T30TXK_20200306T133852,0.0969,0.0799,0.0882,0.0878,0.1038,0.1294,0.143,0.1199,0.1549,0.1759,0.1364,0.1303,0,10,39,61.56733
JU06660017,-1.0992,39.7301,3/4/2020,Estación punto de presa E. de Benagéber,DETERMINACION FÍSICO-QUÍMICA IN SITU,CLOROFILA A,1.43,µg/L,"1,43",0.029999999,Fluorescencia atómica,DISCRETA,5,3/6/2020,2,S2B_MSIL2A_20200306T104819_N0214_R051_T30TXK_20200306T133852,0.0969,0.0799,0.0882,0.0878,0.1038,0.1294,0.143,0.1199,0.1549,0.1759,0.1364,0.1303,0,10,39,61.56733
JU06660017,-1.0992,39.7301,3/4/2020,Estación punto de presa E. de Benagéber,DETERMINACION FÍSICO-QUÍMICA IN SITU,CLOROFILA A,1.42,µg/L,"1,42",0.029999999,Fluorescencia atómica,DISCRETA,7,3/6/2020,2,S2B_MSIL2A_20200306T104819_N0214_R051_T30TXK_20200306T133852,0.0969,0.0799,0.0882,0.0878,0.1038,0.1294,0.143,0.1199,0.1549,0.1759,0.1364,0.1303,0,10,39,61.56733
JU06660017,-1.0992,39.7301,3/4/2020,Estación punto de presa E. de Benagéber,DETERMINACION FÍSICO-QUÍMICA IN SITU,CLOROFILA A,1.47,µg/L,"1,47",0.029999999,Fluorescencia atómica,DISCRETA,10,3/6/2020,2,S2B_MSIL2A_20200306T104819_N0214_R051_T30TXK_20200306T133852,0.0969,0.0799,0.0882,0.0878,0.1038,0.1294,0.143,0.1199,0.1549,0.1759,0.1364,0.1303,0,10,39,61.56733
JU06660017,-1.0992,39.7301,3/4/2020,Estación punto de presa E. de Benagéber,DETERMINACION FÍSICO-QUÍMICA IN SITU,CLOROFILA A,1.53,µg/L,"1,53",0.029999999,Fluorescencia atómica,DISCRETA,11,3/6/2020,2,S2B_MSIL2A_20200306T104819_N0214_R051_T30TXK_20200306T133852,0.0969,0.0799,0.0882,0.0878,0.1038,0.1294,0.143,0.1199,0.1549,0.1759,0.1364,0.1303,0,10,39,61.56733
JU06660017,-1.0992,39.7301,3/4/2020,Estación punto de presa E. de Benagéber,DETERMINACION FÍSICO-QUÍMICA IN SITU,CLOROFILA A,1.41,µg/L,"1,41",0.029999999,Fluorescencia atómica,DISCRETA,12,3/6/2020,2,S2B_MSIL2A_20200306T104819_N0214_R051_T30TXK_20200306T133852,0.0969,0.0799,0.0882,0.0878,0.1038,0.1294,0.143,0.1199,0.1549,0.1759,0.1364,0.1303,0,10,39,61.56733
JU06660017,-1.0992,39.7301,3/4/2020,Estación punto de presa E. de Benagéber,DETERMINACION FÍSICO-QUÍMICA IN SITU,CLOROFILA A,0.92,µg/L,"0,92",0.029999999,Fluorescencia atómica,DISCRETA,24,3/6/2020,2,S2B_MSIL2A_20200306T104819_N0214_R051_T30TXK_20200306T133852,0.0969,0.0799,0.0882,0.0878,0.1038,0.1294,0.143,0.1199,0.1549,0.1759,0.1364,0.1303,0,10,39,61.56733
JU06660017,-1.0992,39.7301,3/4/2020,Estación punto de presa E. de Benagéber,DETERMINACION FÍSICO-QUÍMICA IN SITU,CLOROFILA A,0.49,µg/L,"0,49",0.029999999,Fluorescencia atómica,DISCRETA,29,3/6/2020,2,S2B_MSIL2A_20200306T104819_N0214_R051_T30TXK_20200306T133852,0.0969,0.0799,0.0882,0.0878,0.1038,0.1294,0.143,0.1199,0.1549,0.1759,0.1364,0.1303,0,10,39,61.56733
JU06660017,-1.0992,39.7301,3/4/2020,Estación punto de presa E. de Benagéber,DETERMINACION FÍSICO-QUÍMICA IN SITU,CLOROFILA A,0.52,µg/L,"0,52",0.029999999,Fluorescencia atómica,DISCRETA,31,3/6/2020,2,S2B_MSIL2A_20200306T104819_N0214_R051_T30TXK_20200306T133852,0.0969,0.0799,0.0882,0.0878,0.1038,0.1294,0.143,0.1199,0.1549,0.1759,0.1364,0.1303,0,10,39,61.56733
JU06660017,-1.0992,39.7301,3/4/2020,Estación punto de presa E. de Benagéber,DETERMINACION FÍSICO-QUÍMICA IN SITU,CLOROFILA A,0.53,µg/L,"0,53",0.029999999,Fluorescencia atómica,DISCRETA,32,3/6/2020,2,S2B_MSIL2A_20200306T104819_N0214_R051_T30TXK_20200306T133852,0.0969,0.0799,0.0882,0.0878,0.1038,0.1294,0.143,0.1199,0.1549,0.1759,0.1364,0.1303,0,10,39,61.56733
JU06660017,-1.0992,39.7301,3/4/2020,Estación punto de presa E. de Benagéber,DETERMINACION FÍSICO-QUÍMICA IN SITU,CLOROFILA A,0.37,µg/L,"0,37",0.029999999,Fluorescencia atómica,DISCRETA,48,3/6/2020,2,S2B_MSIL2A_20200306T104819_N0214_R051_T30TXK_20200306T133852,0.0969,0.0799,0.0882,0.0878,0.1038,0.1294,0.143,0.1199,0.1549,0.1759,0.1364,0.1303,0,10,39,61.56733
JU06660017,-1.0992,39.7301,3/4/2020,Estación punto de presa E. de Benagéber,DETERMINACION FÍSICO-QUÍMICA IN SITU,CLOROFILA A,0.34,µg/L,"0,34",0.029999999,Fluorescencia atómica,DISCRETA,52,3/6/2020,2,S2B_MSIL2A_20200306T104819_N0214_R051_T30TXK_20200306T133852,0.0969,0.0799,0.0882,0.0878,0.1038,0.1294,0.143,0.1199,0.1549,0.1759,0.1364,0.1303,0,10,39,61.56733
JU06660017,-1.0992,39.7301,3/4/2020,Estación punto de presa E. de Benagéber,DETERMINACION FÍSICO-QUÍMICA IN SITU,CLOROFILA A,0.3,µg/L,"0,3",0.029999999,Fluorescencia atómica,DISCRETA,55,3/6/2020,2,S2B_MSIL2A_20200306T104819_N0214_R051_T30TXK_20200306T133852,0.0969,0.0799,0.0882,0.0878,0.1038,0.1294,0.143,0.1199,0.1549,0.1759,0.1364,0.1303,0,10,39,61.56733
JU06660017,-1.0992,39.7301,3/4/2020,Estación punto de presa E. de Benagéber,DETERMINACION FÍSICO-QUÍMICA IN SITU,CLOROFILA A,1.4,µg/L,"1,4",0.029999999,Fluorescencia atómica,DISCRETA,6,3/6/2020,2,S2B_MSIL2A_20200306T104819_N0214_R051_T30TXK_20200306T133852,0.0969,0.0799,0.0882,0.0878,0.1038,0.1294,0.143,0.1199,0.1549,0.1759,0.1364,0.1303,0,10,39,61.56733
JU06660017,-1.0992,39.7301,3/4/2020,Estación punto de presa E. de Benagéber,DETERMINACION FÍSICO-QUÍMICA IN SITU,CLOROFILA A,1.54,µg/L,"1,54",0.029999999,Fluorescencia atómica,DISCRETA,20,3/6/2020,2,S2B_MSIL2A_20200306T104819_N0214_R051_T30TXK_20200306T133852,0.0969,0.0799,0.0882,0.0878,0.1038,0.1294,0.143,0.1199,0.1549,0.1759,0.1364,0.1303,0,10,39,61.56733
JU06660017,-1.0992,39.7301,3/4/2020,Estación punto de presa E. de Benagéber,DETERMINACION FÍSICO-QUÍMICA IN SITU,CLOROFILA A,1.19,µg/L,"1,19",0.029999999,Fluorescencia atómica,DISCRETA,3,3/6/2020,2,S2B_MSIL2A_20200306T104819_N0214_R051_T30TXK_20200306T133852,0.0969,0.0799,0.0882,0.0878,0.1038,0.1294,0.143,0.1199,0.1549,0.1759,0.1364,0.1303,0,10,39,61.56733
JU06660017,-1.0992,39.7301,3/4/2020,Estación punto de presa E. de Benagéber,DETERMINACION FÍSICO-QUÍMICA IN SITU,CLOROFILA A,0.39,µg/L,"0,39",0.029999999,Fluorescencia atómica,DISCRETA,41,3/6/2020,2,S2B_MSIL2A_20200306T104819_N0214_R051_T30TXK_20200306T133852,0.0969,0.0799,0.0882,0.0878,0.1038,0.1294,0.143,0.1199,0.1549,0.1759,0.1364,0.1303,0,10,39,61.56733
JU06660017,-1.0992,39.7301,3/4/2020,Estación punto de presa E. de Benagéber,DETERMINACION FÍSICO-QUÍMICA IN SITU,CLOROFILA A,0.41,µg/L,"0,41",0.029999999,Fluorescencia atómica,DISCRETA,46,3/6/2020,2,S2B_MSIL2A_20200306T104819_N0214_R051_T30TXK_20200306T133852,0.0969,0.0799,0.0882,0.0878,0.1038,0.1294,0.143,0.1199,0.1549,0.1759,0.1364,0.1303,0,10,39,61.56733
JU06660017,-1.0992,39.7301,3/4/2020,Estación punto de presa E. de Benagéber,DETERMINACION FÍSICO-QUÍMICA IN SITU,CLOROFILA A,0.52,µg/L,"0,52",0.029999999,Fluorescencia atómica,DISCRETA,30,3/6/2020,2,S2B_MSIL2A_20200306T104819_N0214_R051_T30TXK_20200306T133852,0.0969,0.0799,0.0882,0.0878,0.1038,0.1294,0.143,0.1199,0.1549,0.1759,0.1364,0.1303,0,10,39,61.56733
JU06660017,-1.0992,39.7301,3/4/2020,Estación punto de presa E. de Benagéber,DETERMINACION FÍSICO-QUÍMICA IN SITU,CLOROFILA A,0.45,µg/L,"0,45",0.029999999,Fluorescencia atómica,DISCRETA,34,3/6/2020,2,S2B_MSIL2A_20200306T104819_N0214_R051_T30TXK_20200306T133852,0.0969,0.0799,0.0882,0.0878,0.1038,0.1294,0.143,0.1199,0.1549,0.1759,0.1364,0.1303,0,10,39,61.56733
JU06660017,-1.0992,39.7301,3/4/2020,Estación punto de presa E. de Benagéber,DETERMINACION FÍSICO-QUÍMICA IN SITU,CLOROFILA A,0.44,µg/L,"0,44",0.029999999,Fluorescencia atómica,DISCRETA,39,3/6/2020,2,S2B_MSIL2A_20200306T104819_N0214_R051_T30TXK_20200306T133852,0.0969,0.0799,0.0882,0.0878,0.1038,0.1294,0.143,0.1199,0.1549,0.1759,0.1364,0.1303,0,10,39,61.56733
JU06660017,-1.0992,39.7301,3/4/2020,Estación punto de presa E. de Benagéber,DETERMINACION FÍSICO-QUÍMICA IN SITU,CLOROFILA A,0.39,µg/L,"0,39",0.029999999,Fluorescencia atómica,DISCRETA,44,3/6/2020,2,S2B_MSIL2A_20200306T104819_N0214_R051_T30TXK_20200306T133852,0.0969,0.0799,0.0882,0.0878,0.1038,0.1294,0.143,0.1199,0.1549,0.1759,0.1364,0.1303,0,10,39,61.56733
JU06660017,-1.0992,39.7301,3/4/2020,Estación punto de presa E. de Benagéber,DETERMINACION FÍSICO-QUÍMICA IN SITU,CLOROFILA A,0.4,µg/L,"0,4",0.029999999,Fluorescencia atómica,DISCRETA,47,3/6/2020,2,S2B_MSIL2A_20200306T104819_N0214_R051_T30TXK_20200306T133852,0.0969,0.0799,0.0882,0.0878,0.1038,0.1294,0.143,0.1199,0.1549,0.1759,0.1364,0.1303,0,10,39,61.56733
JU06660017,-1.0992,39.7301,3/4/2020,Estación punto de presa E. de Benagéber,DETERMINACION FÍSICO-QUÍMICA IN SITU,CLOROFILA A,1.36,µg/L,"1,36",0.029999999,Fluorescencia atómica,DISCRETA,8,3/6/2020,2,S2B_MSIL2A_20200306T104819_N0214_R051_T30TXK_20200306T133852,0.0969,0.0799,0.0882,0.0878,0.1038,0.1294,0.143,0.1199,0.1549,0.1759,0.1364,0.1303,0,10,39,61.56733
JU06660017,-1.0992,39.7301,3/4/2020,Estación punto de presa E. de Benagéber,DETERMINACION FÍSICO-QUÍMICA IN SITU,CLOROFILA A,1.39,µg/L,"1,39",0.029999999,Fluorescencia atómica,DISCRETA,9,3/6/2020,2,S2B_MSIL2A_20200306T104819_N0214_R051_T30TXK_20200306T133852,0.0969,0.0799,0.0882,0.0878,0.1038,0.1294,0.143,0.1199,0.1549,0.1759,0.1364,0.1303,0,10,39,61.56733
JU06660017,-1.0992,39.7301,3/4/2020,Estación punto de presa E. de Benagéber,TOMA DE MUESTRAS PARA LABORATORIO,SOLIDOS EN SUSPENSION,4,mg/L,4,2,Gravimetría,INTEGRADA,-1,3/6/2020,2,S2B_MSIL2A_20200306T104819_N0214_R051_T30TXK_20200306T133852,0.0969,0.0799,0.0882,0.0878,0.1038,0.1294,0.143,0.1199,0.1549,0.1759,0.1364,0.1303,0,10,39,61.56733
JU06660017,-1.0992,39.7301,3/4/2020,Estación punto de presa E. de Benagéber,DETERMINACION FÍSICO-QUÍMICA IN SITU,CLOROFILA A,1.62,µg/L,"1,62",0.029999999,Fluorescencia atómica,DISCRETA,17,3/6/2020,2,S2B_MSIL2A_20200306T104819_N0214_R051_T30TXK_20200306T133852,0.0969,0.0799,0.0882,0.0878,0.1038,0.1294,0.143,0.1199,0.1549,0.1759,0.1364,0.1303,0,10,39,61.56733
JU06660017,-1.0992,39.7301,3/4/2020,Estación punto de presa E. de Benagéber,DETERMINACION FÍSICO-QUÍMICA IN SITU,CLOROFILA A,1.68,µg/L,"1,68",0.029999999,Fluorescencia atómica,DISCRETA,19,3/6/2020,2,S2B_MSIL2A_20200306T104819_N0214_R051_T30TXK_20200306T133852,0.0969,0.0799,0.0882,0.0878,0.1038,0.1294,0.143,0.1199,0.1549,0.1759,0.1364,0.1303,0,10,39,61.56733
JU06660017,-1.0992,39.7301,3/4/2020,Estación punto de presa E. de Benagéber,DETERMINACION FÍSICO-QUÍMICA IN SITU,CLOROFILA A,0.5,µg/L,"0,5",0.029999999,Fluorescencia atómica,DISCRETA,28,3/6/2020,2,S2B_MSIL2A_20200306T104819_N0214_R051_T30TXK_20200306T133852,0.0969,0.0799,0.0882,0.0878,0.1038,0.1294,0.143,0.1199,0.1549,0.1759,0.1364,0.1303,0,10,39,61.56733
JU06660017,-1.0992,39.7301,3/4/2020,Estación punto de presa E. de Benagéber,DETERMINACION FÍSICO-QUÍMICA IN SITU,CLOROFILA A,0.52,µg/L,"0,52",0.029999999,Fluorescencia atómica,DISCRETA,33,3/6/2020,2,S2B_MSIL2A_20200306T104819_N0214_R051_T30TXK_20200306T133852,0.0969,0.0799,0.0882,0.0878,0.1038,0.1294,0.143,0.1199,0.1549,0.1759,0.1364,0.1303,0,10,39,61.56733
JU06660017,-1.0992,39.7301,3/4/2020,Estación punto de presa E. de Benagéber,DETERMINACION FÍSICO-QUÍMICA IN SITU,CLOROFILA A,0.43,µg/L,"0,43",0.029999999,Fluorescencia atómica,DISCRETA,35,3/6/2020,2,S2B_MSIL2A_20200306T104819_N0214_R051_T30TXK_20200306T133852,0.0969,0.0799,0.0882,0.0878,0.1038,0.1294,0.143,0.1199,0.1549,0.1759,0.1364,0.1303,0,10,39,61.56733
JU06660017,-1.0992,39.7301,3/4/2020,Estación punto de presa E. de Benagéber,DETERMINACION FÍSICO-QUÍMICA IN SITU,CLOROFILA A,0.47,µg/L,"0,47",0.029999999,Fluorescencia atómica,DISCRETA,36,3/6/2020,2,S2B_MSIL2A_20200306T104819_N0214_R051_T30TXK_20200306T133852,0.0969,0.0799,0.0882,0.0878,0.1038,0.1294,0.143,0.1199,0.1549,0.1759,0.1364,0.1303,0,10,39,61.56733
JU06660017,-1.0992,39.7301,3/4/2020,Estación punto de presa E. de Benagéber,DETERMINACION FÍSICO-QUÍMICA IN SITU,CLOROFILA A,0.43,µg/L,"0,43",0.029999999,Fluorescencia atómica,DISCRETA,38,3/6/2020,2,S2B_MSIL2A_20200306T104819_N0214_R051_T30TXK_20200306T133852,0.0969,0.0799,0.0882,0.0878,0.1038,0.1294,0.143,0.1199,0.1549,0.1759,0.1364,0.1303,0,10,39,61.56733
JU06660017,-1.0992,39.7301,3/4/2020,Estación punto de presa E. de Benagéber,DETERMINACION FÍSICO-QUÍMICA IN SITU,CLOROFILA A,0.36,µg/L,"0,36",0.029999999,Fluorescencia atómica,DISCRETA,43,3/6/2020,2,S2B_MSIL2A_20200306T104819_N0214_R051_T30TXK_20200306T133852,0.0969,0.0799,0.0882,0.0878,0.1038,0.1294,0.143,0.1199,0.1549,0.1759,0.1364,0.1303,0,10,39,61.56733
JU06660017,-1.0992,39.7301,3/4/2020,Estación punto de presa E. de Benagéber,DETERMINACION FÍSICO-QUÍMICA IN SITU,CLOROFILA A,0.33,µg/L,"0,33",0.029999999,Fluorescencia atómica,DISCRETA,54,3/6/2020,2,S2B_MSIL2A_20200306T104819_N0214_R051_T30TXK_20200306T133852,0.0969,0.0799,0.0882,0.0878,0.1038,0.1294,0.143,0.1199,0.1549,0.1759,0.1364,0.1303,0,10,39,61.56733
JU06660017,-1.0992,39.7301,3/4/2020,Estación punto de presa E. de Benagéber,TOMA DE MUESTRAS PARA LABORATORIO,FOSFORO TOTAL,0,mg P/l,"<0,02",0.02,Espectofotometría de absorción molecular,INTEGRADA,-1,3/6/2020,2,S2B_MSIL2A_20200306T104819_N0214_R051_T30TXK_20200306T133852,0.0969,0.0799,0.0882,0.0878,0.1038,0.1294,0.143,0.1199,0.1549,0.1759,0.1364,0.1303,0,10,39,61.56733
JU06660017,-1.0992,39.7301,3/4/2020,Estación punto de presa E. de Benagéber,DETERMINACION FÍSICO-QUÍMICA IN SITU,Profundidad del disco de secchi,4,m,,,,INTEGRADA,-1,3/6/2020,2,S2B_MSIL2A_20200306T104819_N0214_R051_T30TXK_20200306T133852,0.0969,0.0799,0.0882,0.0878,0.1038,0.1294,0.143,0.1199,0.1549,0.1759,0.1364,0.1303,0,10,39,61.56733
JU06160014,-0.164,40.0293,2/27/2020,Estación punto de presa E. de María Cristina,DETERMINACION FÍSICO-QUÍMICA IN SITU,CLOROFILA A,1.41,µg/L,"1,41",0.029999999,Fluorescencia atómica,DISCRETA,5,2/25/2020,2,S2B_MSIL2A_20200225T104929_N0214_R051_T30TYK_20200225T134037,0.0878,0.0537,0.0737,0.0635,0.0653,0.0761,0.0917,0.0647,0.1082,0.1989,0.0761,0.0854,0,10,36,66.914193
JU06160014,-0.164,40.0293,2/27/2020,Estación punto de presa E. de María Cristina,DETERMINACION FÍSICO-QUÍMICA IN SITU,CLOROFILA A,0.91,µg/L,"0,91",0.029999999,Fluorescencia atómica,DISCRETA,7.5,2/25/2020,2,S2B_MSIL2A_20200225T104929_N0214_R051_T30TYK_20200225T134037,0.0878,0.0537,0.0737,0.0635,0.0653,0.0761,0.0917,0.0647,0.1082,0.1989,0.0761,0.0854,0,10,36,66.914193
JU06160014,-0.164,40.0293,2/27/2020,Estación punto de presa E. de María Cristina,DETERMINACION FÍSICO-QUÍMICA IN SITU,CLOROFILA A,1.01,µg/L,"1,01",0.029999999,Fluorescencia atómica,DISCRETA,1,2/25/2020,2,S2B_MSIL2A_20200225T104929_N0214_R051_T30TYK_20200225T134037,0.0878,0.0537,0.0737,0.0635,0.0653,0.0761,0.0917,0.0647,0.1082,0.1989,0.0761,0.0854,0,10,36,66.914193
JU06160014,-0.164,40.0293,2/27/2020,Estación punto de presa E. de María Cristina,DETERMINACION FÍSICO-QUÍMICA IN SITU,CLOROFILA A,1.59,µg/L,"1,59",0.029999999,Fluorescencia atómica,DISCRETA,4.5,2/25/2020,2,S2B_MSIL2A_20200225T104929_N0214_R051_T30TYK_20200225T134037,0.0878,0.0537,0.0737,0.0635,0.0653,0.0761,0.0917,0.0647,0.1082,0.1989,0.0761,0.0854,0,10,36,66.914193
JU06160014,-0.164,40.0293,2/27/2020,Estación punto de presa E. de María Cristina,DETERMINACION FÍSICO-QUÍMICA IN SITU,CLOROFILA A,0.93,µg/L,"0,93",0.029999999,Fluorescencia atómica,DISCRETA,8.5,2/25/2020,2,S2B_MSIL2A_20200225T104929_N0214_R051_T30TYK_20200225T134037,0.0878,0.0537,0.0737,0.0635,0.0653,0.0761,0.0917,0.0647,0.1082,0.1989,0.0761,0.0854,0,10,36,66.914193
JU06160014,-0.164,40.0293,2/27/2020,Estación punto de presa E. de María Cristina,DETERMINACION FÍSICO-QUÍMICA IN SITU,CLOROFILA A,0.86,µg/L,"0,86",0.029999999,Fluorescencia atómica,DISCRETA,0.5,2/25/2020,2,S2B_MSIL2A_20200225T104929_N0214_R051_T30TYK_20200225T134037,0.0878,0.0537,0.0737,0.0635,0.0653,0.0761,0.0917,0.0647,0.1082,0.1989,0.0761,0.0854,0,10,36,66.914193
JU06160014,-0.164,40.0293,2/27/2020,Estación punto de presa E. de María Cristina,DETERMINACION FÍSICO-QUÍMICA IN SITU,CLOROFILA A,0.63,µg/L,"0,63",0.029999999,Fluorescencia atómica,DISCRETA,0,2/25/2020,2,S2B_MSIL2A_20200225T104929_N0214_R051_T30TYK_20200225T134037,0.0878,0.0537,0.0737,0.0635,0.0653,0.0761,0.0917,0.0647,0.1082,0.1989,0.0761,0.0854,0,10,36,66.914193
JU06160014,-0.164,40.0293,2/27/2020,Estación punto de presa E. de María Cristina,DETERMINACION FÍSICO-QUÍMICA IN SITU,CLOROFILA A,1.61,µg/L,"1,61",0.029999999,Fluorescencia atómica,DISCRETA,4,2/25/2020,2,S2B_MSIL2A_20200225T104929_N0214_R051_T30TYK_20200225T134037,0.0878,0.0537,0.0737,0.0635,0.0653,0.0761,0.0917,0.0647,0.1082,0.1989,0.0761,0.0854,0,10,36,66.914193
JU06160014,-0.164,40.0293,2/27/2020,Estación punto de presa E. de María Cristina,DETERMINACION FÍSICO-QUÍMICA IN SITU,CLOROFILA A,1.31,µg/L,"1,31",0.029999999,Fluorescencia atómica,DISCRETA,5.5,2/25/2020,2,S2B_MSIL2A_20200225T104929_N0214_R051_T30TYK_20200225T134037,0.0878,0.0537,0.0737,0.0635,0.0653,0.0761,0.0917,0.0647,0.1082,0.1989,0.0761,0.0854,0,10,36,66.914193
JU06160014,-0.164,40.0293,2/27/2020,Estación punto de presa E. de María Cristina,DETERMINACION FÍSICO-QUÍMICA IN SITU,CLOROFILA A,1.5,µg/L,"1,5",0.029999999,Fluorescencia atómica,DISCRETA,3.5,2/25/2020,2,S2B_MSIL2A_20200225T104929_N0214_R051_T30TYK_20200225T134037,0.0878,0.0537,0.0737,0.0635,0.0653,0.0761,0.0917,0.0647,0.1082,0.1989,0.0761,0.0854,0,10,36,66.914193
JU06160014,-0.164,40.0293,2/27/2020,Estación punto de presa E. de María Cristina,DETERMINACION FÍSICO-QUÍMICA IN SITU,CLOROFILA A,1.02,µg/L,"1,02",0.029999999,Fluorescencia atómica,DISCRETA,6,2/25/2020,2,S2B_MSIL2A_20200225T104929_N0214_R051_T30TYK_20200225T134037,0.0878,0.0537,0.0737,0.0635,0.0653,0.0761,0.0917,0.0647,0.1082,0.1989,0.0761,0.0854,0,10,36,66.914193
JU06160014,-0.164,40.0293,2/27/2020,Estación punto de presa E. de María Cristina,DETERMINACION FÍSICO-QUÍMICA IN SITU,CLOROFILA A,0.9,µg/L,"0,9",0.029999999,Fluorescencia atómica,DISCRETA,8,2/25/2020,2,S2B_MSIL2A_20200225T104929_N0214_R051_T30TYK_20200225T134037,0.0878,0.0537,0.0737,0.0635,0.0653,0.0761,0.0917,0.0647,0.1082,0.1989,0.0761,0.0854,0,10,36,66.914193
JU06160014,-0.164,40.0293,2/27/2020,Estación punto de presa E. de María Cristina,DETERMINACION FÍSICO-QUÍMICA IN SITU,CLOROFILA A,1.01,µg/L,"1,01",0.029999999,Fluorescencia atómica,DISCRETA,9,2/25/2020,2,S2B_MSIL2A_20200225T104929_N0214_R051_T30TYK_20200225T134037,0.0878,0.0537,0.0737,0.0635,0.0653,0.0761,0.0917,0.0647,0.1082,0.1989,0.0761,0.0854,0,10,36,66.914193
JU06160014,-0.164,40.0293,2/27/2020,Estación punto de presa E. de María Cristina,TOMA DE MUESTRAS PARA LABORATORIO,SOLIDOS EN SUSPENSION,0,mg/L,<2,2,Gravimetría,INTEGRADA,-1,2/25/2020,2,S2B_MSIL2A_20200225T104929_N0214_R051_T30TYK_20200225T134037,0.0878,0.0537,0.0737,0.0635,0.0653,0.0761,0.0917,0.0647,0.1082,0.1989,0.0761,0.0854,0,10,36,66.914193
JU06160014,-0.164,40.0293,2/27/2020,Estación punto de presa E. de María Cristina,DETERMINACION FÍSICO-QUÍMICA IN SITU,CLOROFILA A,0.98,µg/L,"0,98",0.029999999,Fluorescencia atómica,DISCRETA,6.5,2/25/2020,2,S2B_MSIL2A_20200225T104929_N0214_R051_T30TYK_20200225T134037,0.0878,0.0537,0.0737,0.0635,0.0653,0.0761,0.0917,0.0647,0.1082,0.1989,0.0761,0.0854,0,10,36,66.914193
JU06160014,-0.164,40.0293,2/27/2020,Estación punto de presa E. de María Cristina,DETERMINACION FÍSICO-QUÍMICA IN SITU,CLOROFILA A,0.93,µg/L,"0,93",0.029999999,Fluorescencia atómica,DISCRETA,7,2/25/2020,2,S2B_MSIL2A_20200225T104929_N0214_R051_T30TYK_20200225T134037,0.0878,0.0537,0.0737,0.0635,0.0653,0.0761,0.0917,0.0647,0.1082,0.1989,0.0761,0.0854,0,10,36,66.914193
JU06160014,-0.164,40.0293,2/27/2020,Estación punto de presa E. de María Cristina,DETERMINACION FÍSICO-QUÍMICA IN SITU,CLOROFILA A,1.22,µg/L,"1,22",0.029999999,Fluorescencia atómica,DISCRETA,1.5,2/25/2020,2,S2B_MSIL2A_20200225T104929_N0214_R051_T30TYK_20200225T134037,0.0878,0.0537,0.0737,0.0635,0.0653,0.0761,0.0917,0.0647,0.1082,0.1989,0.0761,0.0854,0,10,36,66.914193
JU06160014,-0.164,40.0293,2/27/2020,Estación punto de presa E. de María Cristina,DETERMINACION FÍSICO-QUÍMICA IN SITU,CLOROFILA A,1.49,µg/L,"1,49",0.029999999,Fluorescencia atómica,DISCRETA,2.5,2/25/2020,2,S2B_MSIL2A_20200225T104929_N0214_R051_T30TYK_20200225T134037,0.0878,0.0537,0.0737,0.0635,0.0653,0.0761,0.0917,0.0647,0.1082,0.1989,0.0761,0.0854,0,10,36,66.914193
JU06160014,-0.164,40.0293,2/27/2020,Estación punto de presa E. de María Cristina,DETERMINACION FÍSICO-QUÍMICA IN SITU,CLOROFILA A,1.4,µg/L,"1,4",0.029999999,Fluorescencia atómica,DISCRETA,2,2/25/2020,2,S2B_MSIL2A_20200225T104929_N0214_R051_T30TYK_20200225T134037,0.0878,0.0537,0.0737,0.0635,0.0653,0.0761,0.0917,0.0647,0.1082,0.1989,0.0761,0.0854,0,10,36,66.914193
JU06160014,-0.164,40.0293,2/27/2020,Estación punto de presa E. de María Cristina,DETERMINACION FÍSICO-QUÍMICA IN SITU,CLOROFILA A,1.51,µg/L,"1,51",0.029999999,Fluorescencia atómica,DISCRETA,3,2/25/2020,2,S2B_MSIL2A_20200225T104929_N0214_R051_T30TYK_20200225T134037,0.0878,0.0537,0.0737,0.0635,0.0653,0.0761,0.0917,0.0647,0.1082,0.1989,0.0761,0.0854,0,10,36,66.914193
JU06160014,-0.164,40.0293,2/27/2020,Estación punto de presa E. de María Cristina,TOMA DE MUESTRAS PARA LABORATORIO,FOSFORO TOTAL,0.039,mg P/l,"0,039",0.02,Espectofotometría de absorción molecular,INTEGRADA,-1,2/25/2020,2,S2B_MSIL2A_20200225T104929_N0214_R051_T30TYK_20200225T134037,0.0878,0.0537,0.0737,0.0635,0.0653,0.0761,0.0917,0.0647,0.1082,0.1989,0.0761,0.0854,0,10,36,66.914193
JU06160014,-0.164,40.0293,2/27/2020,Estación punto de presa E. de María Cristina,DETERMINACION FÍSICO-QUÍMICA IN SITU,Profundidad del disco de secchi,3.700000048,m,,,,INTEGRADA,-1,2/25/2020,2,S2B_MSIL2A_20200225T104929_N0214_R051_T30TYK_20200225T134037,0.0878,0.0537,0.0737,0.0635,0.0653,0.0761,0.0917,0.0647,0.1082,0.1989,0.0761,0.0854,0,10,36,66.914193
JU06150028,-0.2307,40.0116,12/16/2019,Estación punto de presa E. de Sitjar,DETERMINACION FÍSICO-QUÍMICA IN SITU,CLOROFILA A,0.41,µg/L,"0,41",,Fluorescencia atómica,DISCRETA,12,12/17/2019,1,S2B_MSIL2A_20191217T105349_N0213_R051_T30TYK_20191217T123333,0.1523,0.1687,0.1678,0.1468,0.1546,0.1593,0.161,0.1644,0.1593,0.3006,0.1167,0.1038,2048,8,100,88.914634
JU06150028,-0.2307,40.0116,12/16/2019,Estación punto de presa E. de Sitjar,DETERMINACION FÍSICO-QUÍMICA IN SITU,CLOROFILA A,0.37,µg/L,"0,37",,Fluorescencia atómica,DISCRETA,18,12/17/2019,1,S2B_MSIL2A_20191217T105349_N0213_R051_T30TYK_20191217T123333,0.1523,0.1687,0.1678,0.1468,0.1546,0.1593,0.161,0.1644,0.1593,0.3006,0.1167,0.1038,2048,8,100,88.914634
JU06150028,-0.2307,40.0116,12/16/2019,Estación punto de presa E. de Sitjar,DETERMINACION FÍSICO-QUÍMICA IN SITU,CLOROFILA A,0.39,µg/L,"0,39",,Fluorescencia atómica,DISCRETA,21,12/17/2019,1,S2B_MSIL2A_20191217T105349_N0213_R051_T30TYK_20191217T123333,0.1523,0.1687,0.1678,0.1468,0.1546,0.1593,0.161,0.1644,0.1593,0.3006,0.1167,0.1038,2048,8,100,88.914634
JU06150028,-0.2307,40.0116,12/16/2019,Estación punto de presa E. de Sitjar,DETERMINACION FÍSICO-QUÍMICA IN SITU,CLOROFILA A,0.39,µg/L,"0,39",,Fluorescencia atómica,DISCRETA,4,12/17/2019,1,S2B_MSIL2A_20191217T105349_N0213_R051_T30TYK_20191217T123333,0.1523,0.1687,0.1678,0.1468,0.1546,0.1593,0.161,0.1644,0.1593,0.3006,0.1167,0.1038,2048,8,100,88.914634
JU06150028,-0.2307,40.0116,12/16/2019,Estación punto de presa E. de Sitjar,DETERMINACION FÍSICO-QUÍMICA IN SITU,CLOROFILA A,0.38,µg/L,"0,38",,Fluorescencia atómica,DISCRETA,9,12/17/2019,1,S2B_MSIL2A_20191217T105349_N0213_R051_T30TYK_20191217T123333,0.1523,0.1687,0.1678,0.1468,0.1546,0.1593,0.161,0.1644,0.1593,0.3006,0.1167,0.1038,2048,8,100,88.914634
JU06150028,-0.2307,40.0116,12/16/2019,Estación punto de presa E. de Sitjar,DETERMINACION FÍSICO-QUÍMICA IN SITU,CLOROFILA A,0.39,µg/L,"0,39",,Fluorescencia atómica,DISCRETA,13,12/17/2019,1,S2B_MSIL2A_20191217T105349_N0213_R051_T30TYK_20191217T123333,0.1523,0.1687,0.1678,0.1468,0.1546,0.1593,0.161,0.1644,0.1593,0.3006,0.1167,0.1038,2048,8,100,88.914634
JU06150028,-0.2307,40.0116,12/16/2019,Estación punto de presa E. de Sitjar,DETERMINACION FÍSICO-QUÍMICA IN SITU,CLOROFILA A,1.45,µg/L,"1,45",,Fluorescencia atómica,DISCRETA,26,12/17/2019,1,S2B_MSIL2A_20191217T105349_N0213_R051_T30TYK_20191217T123333,0.1523,0.1687,0.1678,0.1468,0.1546,0.1593,0.161,0.1644,0.1593,0.3006,0.1167,0.1038,2048,8,100,88.914634
JU06150028,-0.2307,40.0116,12/16/2019,Estación punto de presa E. de Sitjar,DETERMINACION FÍSICO-QUÍMICA IN SITU,CLOROFILA A,0.44,µg/L,"0,44",,Fluorescencia atómica,DISCRETA,2,12/17/2019,1,S2B_MSIL2A_20191217T105349_N0213_R051_T30TYK_20191217T123333,0.1523,0.1687,0.1678,0.1468,0.1546,0.1593,0.161,0.1644,0.1593,0.3006,0.1167,0.1038,2048,8,100,88.914634
JU06150028,-0.2307,40.0116,12/16/2019,Estación punto de presa E. de Sitjar,DETERMINACION FÍSICO-QUÍMICA IN SITU,CLOROFILA A,0.41,µg/L,"0,41",,Fluorescencia atómica,DISCRETA,1,12/17/2019,1,S2B_MSIL2A_20191217T105349_N0213_R051_T30TYK_20191217T123333,0.1523,0.1687,0.1678,0.1468,0.1546,0.1593,0.161,0.1644,0.1593,0.3006,0.1167,0.1038,2048,8,100,88.914634
JU06150028,-0.2307,40.0116,12/16/2019,Estación punto de presa E. de Sitjar,DETERMINACION FÍSICO-QUÍMICA IN SITU,CLOROFILA A,0.44,µg/L,"0,44",,Fluorescencia atómica,DISCRETA,24,12/17/2019,1,S2B_MSIL2A_20191217T105349_N0213_R051_T30TYK_20191217T123333,0.1523,0.1687,0.1678,0.1468,0.1546,0.1593,0.161,0.1644,0.1593,0.3006,0.1167,0.1038,2048,8,100,88.914634
JU06150028,-0.2307,40.0116,12/16/2019,Estación punto de presa E. de Sitjar,DETERMINACION FÍSICO-QUÍMICA IN SITU,CLOROFILA A,0.34,µg/L,"0,34",,Fluorescencia atómica,DISCRETA,0,12/17/2019,1,S2B_MSIL2A_20191217T105349_N0213_R051_T30TYK_20191217T123333,0.1523,0.1687,0.1678,0.1468,0.1546,0.1593,0.161,0.1644,0.1593,0.3006,0.1167,0.1038,2048,8,100,88.914634
JU06150028,-0.2307,40.0116,12/16/2019,Estación punto de presa E. de Sitjar,DETERMINACION FÍSICO-QUÍMICA IN SITU,CLOROFILA A,0.4,µg/L,"0,4",,Fluorescencia atómica,DISCRETA,10,12/17/2019,1,S2B_MSIL2A_20191217T105349_N0213_R051_T30TYK_20191217T123333,0.1523,0.1687,0.1678,0.1468,0.1546,0.1593,0.161,0.1644,0.1593,0.3006,0.1167,0.1038,2048,8,100,88.914634
JU06150028,-0.2307,40.0116,12/16/2019,Estación punto de presa E. de Sitjar,DETERMINACION FÍSICO-QUÍMICA IN SITU,CLOROFILA A,0.36,µg/L,"0,36",,Fluorescencia atómica,DISCRETA,17,12/17/2019,1,S2B_MSIL2A_20191217T105349_N0213_R051_T30TYK_20191217T123333,0.1523,0.1687,0.1678,0.1468,0.1546,0.1593,0.161,0.1644,0.1593,0.3006,0.1167,0.1038,2048,8,100,88.914634
JU06150028,-0.2307,40.0116,12/16/2019,Estación punto de presa E. de Sitjar,DETERMINACION FÍSICO-QUÍMICA IN SITU,CLOROFILA A,0.4,µg/L,"0,4",,Fluorescencia atómica,DISCRETA,3,12/17/2019,1,S2B_MSIL2A_20191217T105349_N0213_R051_T30TYK_20191217T123333,0.1523,0.1687,0.1678,0.1468,0.1546,0.1593,0.161,0.1644,0.1593,0.3006,0.1167,0.1038,2048,8,100,88.914634
JU06150028,-0.2307,40.0116,12/16/2019,Estación punto de presa E. de Sitjar,DETERMINACION FÍSICO-QUÍMICA IN SITU,CLOROFILA A,0.39,µg/L,"0,39",,Fluorescencia atómica,DISCRETA,14,12/17/2019,1,S2B_MSIL2A_20191217T105349_N0213_R051_T30TYK_20191217T123333,0.1523,0.1687,0.1678,0.1468,0.1546,0.1593,0.161,0.1644,0.1593,0.3006,0.1167,0.1038,2048,8,100,88.914634
JU06150028,-0.2307,40.0116,12/16/2019,Estación punto de presa E. de Sitjar,DETERMINACION FÍSICO-QUÍMICA IN SITU,CLOROFILA A,0.59,µg/L,"0,59",,Fluorescencia atómica,DISCRETA,25,12/17/2019,1,S2B_MSIL2A_20191217T105349_N0213_R051_T30TYK_20191217T123333,0.1523,0.1687,0.1678,0.1468,0.1546,0.1593,0.161,0.1644,0.1593,0.3006,0.1167,0.1038,2048,8,100,88.914634
JU06150028,-0.2307,40.0116,12/16/2019,Estación punto de presa E. de Sitjar,DETERMINACION FÍSICO-QUÍMICA IN SITU,CLOROFILA A,0.4,µg/L,"0,4",,Fluorescencia atómica,DISCRETA,7,12/17/2019,1,S2B_MSIL2A_20191217T105349_N0213_R051_T30TYK_20191217T123333,0.1523,0.1687,0.1678,0.1468,0.1546,0.1593,0.161,0.1644,0.1593,0.3006,0.1167,0.1038,2048,8,100,88.914634
JU06150028,-0.2307,40.0116,12/16/2019,Estación punto de presa E. de Sitjar,DETERMINACION FÍSICO-QUÍMICA IN SITU,CLOROFILA A,0.39,µg/L,"0,39",,Fluorescencia atómica,DISCRETA,8,12/17/2019,1,S2B_MSIL2A_20191217T105349_N0213_R051_T30TYK_20191217T123333,0.1523,0.1687,0.1678,0.1468,0.1546,0.1593,0.161,0.1644,0.1593,0.3006,0.1167,0.1038,2048,8,100,88.914634
JU06150028,-0.2307,40.0116,12/16/2019,Estación punto de presa E. de Sitjar,DETERMINACION FÍSICO-QUÍMICA IN SITU,CLOROFILA A,0.36,µg/L,"0,36",,Fluorescencia atómica,DISCRETA,15,12/17/2019,1,S2B_MSIL2A_20191217T105349_N0213_R051_T30TYK_20191217T123333,0.1523,0.1687,0.1678,0.1468,0.1546,0.1593,0.161,0.1644,0.1593,0.3006,0.1167,0.1038,2048,8,100,88.914634
JU06150028,-0.2307,40.0116,12/16/2019,Estación punto de presa E. de Sitjar,DETERMINACION FÍSICO-QUÍMICA IN SITU,CLOROFILA A,0.38,µg/L,"0,38",,Fluorescencia atómica,DISCRETA,19,12/17/2019,1,S2B_MSIL2A_20191217T105349_N0213_R051_T30TYK_20191217T123333,0.1523,0.1687,0.1678,0.1468,0.1546,0.1593,0.161,0.1644,0.1593,0.3006,0.1167,0.1038,2048,8,100,88.914634
JU06150028,-0.2307,40.0116,12/16/2019,Estación punto de presa E. de Sitjar,DETERMINACION FÍSICO-QUÍMICA IN SITU,CLOROFILA A,0.37,µg/L,"0,37",,Fluorescencia atómica,DISCRETA,22,12/17/2019,1,S2B_MSIL2A_20191217T105349_N0213_R051_T30TYK_20191217T123333,0.1523,0.1687,0.1678,0.1468,0.1546,0.1593,0.161,0.1644,0.1593,0.3006,0.1167,0.1038,2048,8,100,88.914634
JU06150028,-0.2307,40.0116,12/16/2019,Estación punto de presa E. de Sitjar,DETERMINACION FÍSICO-QUÍMICA IN SITU,CLOROFILA A,0.36,µg/L,"0,36",,Fluorescencia atómica,DISCRETA,11,12/17/2019,1,S2B_MSIL2A_20191217T105349_N0213_R051_T30TYK_20191217T123333,0.1523,0.1687,0.1678,0.1468,0.1546,0.1593,0.161,0.1644,0.1593,0.3006,0.1167,0.1038,2048,8,100,88.914634
JU06150028,-0.2307,40.0116,12/16/2019,Estación punto de presa E. de Sitjar,DETERMINACION FÍSICO-QUÍMICA IN SITU,CLOROFILA A,0.43,µg/L,"0,43",,Fluorescencia atómica,DISCRETA,23,12/17/2019,1,S2B_MSIL2A_20191217T105349_N0213_R051_T30TYK_20191217T123333,0.1523,0.1687,0.1678,0.1468,0.1546,0.1593,0.161,0.1644,0.1593,0.3006,0.1167,0.1038,2048,8,100,88.914634
JU06150028,-0.2307,40.0116,12/16/2019,Estación punto de presa E. de Sitjar,DETERMINACION FÍSICO-QUÍMICA IN SITU,CLOROFILA A,0.41,µg/L,"0,41",,Fluorescencia atómica,DISCRETA,5,12/17/2019,1,S2B_MSIL2A_20191217T105349_N0213_R051_T30TYK_20191217T123333,0.1523,0.1687,0.1678,0.1468,0.1546,0.1593,0.161,0.1644,0.1593,0.3006,0.1167,0.1038,2048,8,100,88.914634
JU06150028,-0.2307,40.0116,12/16/2019,Estación punto de presa E. de Sitjar,DETERMINACION FÍSICO-QUÍMICA IN SITU,CLOROFILA A,0.42,µg/L,"0,42",,Fluorescencia atómica,DISCRETA,6,12/17/2019,1,S2B_MSIL2A_20191217T105349_N0213_R051_T30TYK_20191217T123333,0.1523,0.1687,0.1678,0.1468,0.1546,0.1593,0.161,0.1644,0.1593,0.3006,0.1167,0.1038,2048,8,100,88.914634
JU06150028,-0.2307,40.0116,12/16/2019,Estación punto de presa E. de Sitjar,TOMA DE MUESTRAS PARA LABORATORIO,SOLIDOS EN SUSPENSION,4.2,mg/L,"4,2",2,Gravimetría,INTEGRADA,-1,12/17/2019,1,S2B_MSIL2A_20191217T105349_N0213_R051_T30TYK_20191217T123333,0.1523,0.1687,0.1678,0.1468,0.1546,0.1593,0.161,0.1644,0.1593,0.3006,0.1167,0.1038,2048,8,100,88.914634
JU06150028,-0.2307,40.0116,12/16/2019,Estación punto de presa E. de Sitjar,DETERMINACION FÍSICO-QUÍMICA IN SITU,CLOROFILA A,0.38,µg/L,"0,38",,Fluorescencia atómica,DISCRETA,16,12/17/2019,1,S2B_MSIL2A_20191217T105349_N0213_R051_T30TYK_20191217T123333,0.1523,0.1687,0.1678,0.1468,0.1546,0.1593,0.161,0.1644,0.1593,0.3006,0.1167,0.1038,2048,8,100,88.914634
JU06150028,-0.2307,40.0116,12/16/2019,Estación punto de presa E. de Sitjar,DETERMINACION FÍSICO-QUÍMICA IN SITU,CLOROFILA A,0.4,µg/L,"0,4",,Fluorescencia atómica,DISCRETA,20,12/17/2019,1,S2B_MSIL2A_20191217T105349_N0213_R051_T30TYK_20191217T123333,0.1523,0.1687,0.1678,0.1468,0.1546,0.1593,0.161,0.1644,0.1593,0.3006,0.1167,0.1038,2048,8,100,88.914634
JU06150028,-0.2307,40.0116,12/16/2019,Estación punto de presa E. de Sitjar,TOMA DE MUESTRAS PARA LABORATORIO,FOSFORO TOTAL,0,mg P/l,"<0,02",0.02,Espectofotometría de absorción molecular,INTEGRADA,-1,12/17/2019,1,S2B_MSIL2A_20191217T105349_N0213_R051_T30TYK_20191217T123333,0.1523,0.1687,0.1678,0.1468,0.1546,0.1593,0.161,0.1644,0.1593,0.3006,0.1167,0.1038,2048,8,100,88.914634
JU06150028,-0.2307,40.0116,12/16/2019,Estación punto de presa E. de Sitjar,DETERMINACION FÍSICO-QUÍMICA IN SITU,Profundidad del disco de secchi,2.799999952,m,,,,INTEGRADA,-1,12/17/2019,1,S2B_MSIL2A_20191217T105349_N0213_R051_T30TYK_20191217T123333,0.1523,0.1687,0.1678,0.1468,0.1546,0.1593,0.161,0.1644,0.1593,0.3006,0.1167,0.1038,2048,8,100,88.914634
JU06660017,-1.0992,39.7301,11/21/2019,Estación punto de presa E. de Benagéber,DETERMINACION FÍSICO-QUÍMICA IN SITU,CLOROFILA A,1.59,µg/L,"1,59",,Fluorescencia atómica,DISCRETA,11,11/20/2019,1,S2B_MSIL2A_20191120T110249_N0213_R094_T30SXJ_20191121T142043,0.0173,0.039,0.042,0.012,0.0095,0.0056,0.0083,0.0065,0.0047,0.0052,0.0043,0.0034,0,6,0,3.744102
JU06660017,-1.0992,39.7301,11/21/2019,Estación punto de presa E. de Benagéber,DETERMINACION FÍSICO-QUÍMICA IN SITU,CLOROFILA A,1.23,µg/L,"1,23",,Fluorescencia atómica,DISCRETA,1,11/20/2019,1,S2B_MSIL2A_20191120T110249_N0213_R094_T30SXJ_20191121T142043,0.0173,0.039,0.042,0.012,0.0095,0.0056,0.0083,0.0065,0.0047,0.0052,0.0043,0.0034,0,6,0,3.744102
JU06660017,-1.0992,39.7301,11/21/2019,Estación punto de presa E. de Benagéber,DETERMINACION FÍSICO-QUÍMICA IN SITU,CLOROFILA A,1.33,µg/L,"1,33",,Fluorescencia atómica,DISCRETA,19,11/20/2019,1,S2B_MSIL2A_20191120T110249_N0213_R094_T30SXJ_20191121T142043,0.0173,0.039,0.042,0.012,0.0095,0.0056,0.0083,0.0065,0.0047,0.0052,0.0043,0.0034,0,6,0,3.744102
JU06660017,-1.0992,39.7301,11/21/2019,Estación punto de presa E. de Benagéber,DETERMINACION FÍSICO-QUÍMICA IN SITU,CLOROFILA A,1.38,µg/L,"1,38",,Fluorescencia atómica,DISCRETA,26,11/20/2019,1,S2B_MSIL2A_20191120T110249_N0213_R094_T30SXJ_20191121T142043,0.0173,0.039,0.042,0.012,0.0095,0.0056,0.0083,0.0065,0.0047,0.0052,0.0043,0.0034,0,6,0,3.744102
JU06660017,-1.0992,39.7301,11/21/2019,Estación punto de presa E. de Benagéber,DETERMINACION FÍSICO-QUÍMICA IN SITU,CLOROFILA A,1.2,µg/L,"1,2",,Fluorescencia atómica,DISCRETA,2,11/20/2019,1,S2B_MSIL2A_20191120T110249_N0213_R094_T30SXJ_20191121T142043,0.0173,0.039,0.042,0.012,0.0095,0.0056,0.0083,0.0065,0.0047,0.0052,0.0043,0.0034,0,6,0,3.744102
JU06660017,-1.0992,39.7301,11/21/2019,Estación punto de presa E. de Benagéber,DETERMINACION FÍSICO-QUÍMICA IN SITU,CLOROFILA A,2.06,µg/L,"2,06",,Fluorescencia atómica,DISCRETA,52,11/20/2019,1,S2B_MSIL2A_20191120T110249_N0213_R094_T30SXJ_20191121T142043,0.0173,0.039,0.042,0.012,0.0095,0.0056,0.0083,0.0065,0.0047,0.0052,0.0043,0.0034,0,6,0,3.744102
JU06660017,-1.0992,39.7301,11/21/2019,Estación punto de presa E. de Benagéber,DETERMINACION FÍSICO-QUÍMICA IN SITU,CLOROFILA A,1.44,µg/L,"1,44",,Fluorescencia atómica,DISCRETA,8,11/20/2019,1,S2B_MSIL2A_20191120T110249_N0213_R094_T30SXJ_20191121T142043,0.0173,0.039,0.042,0.012,0.0095,0.0056,0.0083,0.0065,0.0047,0.0052,0.0043,0.0034,0,6,0,3.744102
JU06660017,-1.0992,39.7301,11/21/2019,Estación punto de presa E. de Benagéber,DETERMINACION FÍSICO-QUÍMICA IN SITU,CLOROFILA A,1.23,µg/L,"1,23",,Fluorescencia atómica,DISCRETA,28,11/20/2019,1,S2B_MSIL2A_20191120T110249_N0213_R094_T30SXJ_20191121T142043,0.0173,0.039,0.042,0.012,0.0095,0.0056,0.0083,0.0065,0.0047,0.0052,0.0043,0.0034,0,6,0,3.744102
JU06660017,-1.0992,39.7301,11/21/2019,Estación punto de presa E. de Benagéber,DETERMINACION FÍSICO-QUÍMICA IN SITU,CLOROFILA A,0.68,µg/L,"0,68",,Fluorescencia atómica,DISCRETA,41,11/20/2019,1,S2B_MSIL2A_20191120T110249_N0213_R094_T30SXJ_20191121T142043,0.0173,0.039,0.042,0.012,0.0095,0.0056,0.0083,0.0065,0.0047,0.0052,0.0043,0.0034,0,6,0,3.744102
JU06660017,-1.0992,39.7301,11/21/2019,Estación punto de presa E. de Benagéber,DETERMINACION FÍSICO-QUÍMICA IN SITU,CLOROFILA A,1.29,µg/L,"1,29",,Fluorescencia atómica,DISCRETA,4,11/20/2019,1,S2B_MSIL2A_20191120T110249_N0213_R094_T30SXJ_20191121T142043,0.0173,0.039,0.042,0.012,0.0095,0.0056,0.0083,0.0065,0.0047,0.0052,0.0043,0.0034,0,6,0,3.744102
JU06660017,-1.0992,39.7301,11/21/2019,Estación punto de presa E. de Benagéber,DETERMINACION FÍSICO-QUÍMICA IN SITU,CLOROFILA A,1.4,µg/L,"1,4",,Fluorescencia atómica,DISCRETA,13,11/20/2019,1,S2B_MSIL2A_20191120T110249_N0213_R094_T30SXJ_20191121T142043,0.0173,0.039,0.042,0.012,0.0095,0.0056,0.0083,0.0065,0.0047,0.0052,0.0043,0.0034,0,6,0,3.744102
JU06660017,-1.0992,39.7301,11/21/2019,Estación punto de presa E. de Benagéber,DETERMINACION FÍSICO-QUÍMICA IN SITU,CLOROFILA A,0.81,µg/L,"0,81",,Fluorescencia atómica,DISCRETA,31,11/20/2019,1,S2B_MSIL2A_20191120T110249_N0213_R094_T30SXJ_20191121T142043,0.0173,0.039,0.042,0.012,0.0095,0.0056,0.0083,0.0065,0.0047,0.0052,0.0043,0.0034,0,6,0,3.744102
JU06660017,-1.0992,39.7301,11/21/2019,Estación punto de presa E. de Benagéber,DETERMINACION FÍSICO-QUÍMICA IN SITU,CLOROFILA A,0.79,µg/L,"0,79",,Fluorescencia atómica,DISCRETA,33,11/20/2019,1,S2B_MSIL2A_20191120T110249_N0213_R094_T30SXJ_20191121T142043,0.0173,0.039,0.042,0.012,0.0095,0.0056,0.0083,0.0065,0.0047,0.0052,0.0043,0.0034,0,6,0,3.744102
JU06660017,-1.0992,39.7301,11/21/2019,Estación punto de presa E. de Benagéber,DETERMINACION FÍSICO-QUÍMICA IN SITU,CLOROFILA A,0.76,µg/L,"0,76",,Fluorescencia atómica,DISCRETA,34,11/20/2019,1,S2B_MSIL2A_20191120T110249_N0213_R094_T30SXJ_20191121T142043,0.0173,0.039,0.042,0.012,0.0095,0.0056,0.0083,0.0065,0.0047,0.0052,0.0043,0.0034,0,6,0,3.744102
JU06660017,-1.0992,39.7301,11/21/2019,Estación punto de presa E. de Benagéber,DETERMINACION FÍSICO-QUÍMICA IN SITU,CLOROFILA A,0.68,µg/L,"0,68",,Fluorescencia atómica,DISCRETA,38,11/20/2019,1,S2B_MSIL2A_20191120T110249_N0213_R094_T30SXJ_20191121T142043,0.0173,0.039,0.042,0.012,0.0095,0.0056,0.0083,0.0065,0.0047,0.0052,0.0043,0.0034,0,6,0,3.744102
JU06660017,-1.0992,39.7301,11/21/2019,Estación punto de presa E. de Benagéber,DETERMINACION FÍSICO-QUÍMICA IN SITU,CLOROFILA A,0.64,µg/L,"0,64",,Fluorescencia atómica,DISCRETA,39,11/20/2019,1,S2B_MSIL2A_20191120T110249_N0213_R094_T30SXJ_20191121T142043,0.0173,0.039,0.042,0.012,0.0095,0.0056,0.0083,0.0065,0.0047,0.0052,0.0043,0.0034,0,6,0,3.744102
JU06660017,-1.0992,39.7301,11/21/2019,Estación punto de presa E. de Benagéber,DETERMINACION FÍSICO-QUÍMICA IN SITU,CLOROFILA A,0.77,µg/L,"0,77",,Fluorescencia atómica,DISCRETA,43,11/20/2019,1,S2B_MSIL2A_20191120T110249_N0213_R094_T30SXJ_20191121T142043,0.0173,0.039,0.042,0.012,0.0095,0.0056,0.0083,0.0065,0.0047,0.0052,0.0043,0.0034,0,6,0,3.744102
JU06660017,-1.0992,39.7301,11/21/2019,Estación punto de presa E. de Benagéber,DETERMINACION FÍSICO-QUÍMICA IN SITU,CLOROFILA A,1.35,µg/L,"1,35",,Fluorescencia atómica,DISCRETA,24,11/20/2019,1,S2B_MSIL2A_20191120T110249_N0213_R094_T30SXJ_20191121T142043,0.0173,0.039,0.042,0.012,0.0095,0.0056,0.0083,0.0065,0.0047,0.0052,0.0043,0.0034,0,6,0,3.744102
JU06660017,-1.0992,39.7301,11/21/2019,Estación punto de presa E. de Benagéber,DETERMINACION FÍSICO-QUÍMICA IN SITU,CLOROFILA A,1.33,µg/L,"1,33",,Fluorescencia atómica,DISCRETA,3,11/20/2019,1,S2B_MSIL2A_20191120T110249_N0213_R094_T30SXJ_20191121T142043,0.0173,0.039,0.042,0.012,0.0095,0.0056,0.0083,0.0065,0.0047,0.0052,0.0043,0.0034,0,6,0,3.744102
JU06660017,-1.0992,39.7301,11/21/2019,Estación punto de presa E. de Benagéber,DETERMINACION FÍSICO-QUÍMICA IN SITU,CLOROFILA A,0.75,µg/L,"0,75",,Fluorescencia atómica,DISCRETA,44,11/20/2019,1,S2B_MSIL2A_20191120T110249_N0213_R094_T30SXJ_20191121T142043,0.0173,0.039,0.042,0.012,0.0095,0.0056,0.0083,0.0065,0.0047,0.0052,0.0043,0.0034,0,6,0,3.744102
JU06660017,-1.0992,39.7301,11/21/2019,Estación punto de presa E. de Benagéber,DETERMINACION FÍSICO-QUÍMICA IN SITU,CLOROFILA A,1.42,µg/L,"1,42",,Fluorescencia atómica,DISCRETA,16,11/20/2019,1,S2B_MSIL2A_20191120T110249_N0213_R094_T30SXJ_20191121T142043,0.0173,0.039,0.042,0.012,0.0095,0.0056,0.0083,0.0065,0.0047,0.0052,0.0043,0.0034,0,6,0,3.744102
JU06660017,-1.0992,39.7301,11/21/2019,Estación punto de presa E. de Benagéber,DETERMINACION FÍSICO-QUÍMICA IN SITU,CLOROFILA A,1.47,µg/L,"1,47",,Fluorescencia atómica,DISCRETA,17,11/20/2019,1,S2B_MSIL2A_20191120T110249_N0213_R094_T30SXJ_20191121T142043,0.0173,0.039,0.042,0.012,0.0095,0.0056,0.0083,0.0065,0.0047,0.0052,0.0043,0.0034,0,6,0,3.744102
JU06660017,-1.0992,39.7301,11/21/2019,Estación punto de presa E. de Benagéber,DETERMINACION FÍSICO-QUÍMICA IN SITU,CLOROFILA A,1.36,µg/L,"1,36",,Fluorescencia atómica,DISCRETA,18,11/20/2019,1,S2B_MSIL2A_20191120T110249_N0213_R094_T30SXJ_20191121T142043,0.0173,0.039,0.042,0.012,0.0095,0.0056,0.0083,0.0065,0.0047,0.0052,0.0043,0.0034,0,6,0,3.744102
JU06660017,-1.0992,39.7301,11/21/2019,Estación punto de presa E. de Benagéber,DETERMINACION FÍSICO-QUÍMICA IN SITU,CLOROFILA A,1.37,µg/L,"1,37",,Fluorescencia atómica,DISCRETA,20,11/20/2019,1,S2B_MSIL2A_20191120T110249_N0213_R094_T30SXJ_20191121T142043,0.0173,0.039,0.042,0.012,0.0095,0.0056,0.0083,0.0065,0.0047,0.0052,0.0043,0.0034,0,6,0,3.744102
JU06660017,-1.0992,39.7301,11/21/2019,Estación punto de presa E. de Benagéber,DETERMINACION FÍSICO-QUÍMICA IN SITU,CLOROFILA A,0.69,µg/L,"0,69",,Fluorescencia atómica,DISCRETA,37,11/20/2019,1,S2B_MSIL2A_20191120T110249_N0213_R094_T30SXJ_20191121T142043,0.0173,0.039,0.042,0.012,0.0095,0.0056,0.0083,0.0065,0.0047,0.0052,0.0043,0.0034,0,6,0,3.744102
JU06660017,-1.0992,39.7301,11/21/2019,Estación punto de presa E. de Benagéber,DETERMINACION FÍSICO-QUÍMICA IN SITU,CLOROFILA A,0.47,µg/L,"0,47",,Fluorescencia atómica,DISCRETA,49,11/20/2019,1,S2B_MSIL2A_20191120T110249_N0213_R094_T30SXJ_20191121T142043,0.0173,0.039,0.042,0.012,0.0095,0.0056,0.0083,0.0065,0.0047,0.0052,0.0043,0.0034,0,6,0,3.744102
JU06660017,-1.0992,39.7301,11/21/2019,Estación punto de presa E. de Benagéber,DETERMINACION FÍSICO-QUÍMICA IN SITU,CLOROFILA A,0.42,µg/L,"0,42",,Fluorescencia atómica,DISCRETA,50,11/20/2019,1,S2B_MSIL2A_20191120T110249_N0213_R094_T30SXJ_20191121T142043,0.0173,0.039,0.042,0.012,0.0095,0.0056,0.0083,0.0065,0.0047,0.0052,0.0043,0.0034,0,6,0,3.744102
JU06660017,-1.0992,39.7301,11/21/2019,Estación punto de presa E. de Benagéber,DETERMINACION FÍSICO-QUÍMICA IN SITU,CLOROFILA A,1.36,µg/L,"1,36",,Fluorescencia atómica,DISCRETA,5,11/20/2019,1,S2B_MSIL2A_20191120T110249_N0213_R094_T30SXJ_20191121T142043,0.0173,0.039,0.042,0.012,0.0095,0.0056,0.0083,0.0065,0.0047,0.0052,0.0043,0.0034,0,6,0,3.744102
JU06660017,-1.0992,39.7301,11/21/2019,Estación punto de presa E. de Benagéber,DETERMINACION FÍSICO-QUÍMICA IN SITU,CLOROFILA A,0.82,µg/L,"0,82",,Fluorescencia atómica,DISCRETA,0,11/20/2019,1,S2B_MSIL2A_20191120T110249_N0213_R094_T30SXJ_20191121T142043,0.0173,0.039,0.042,0.012,0.0095,0.0056,0.0083,0.0065,0.0047,0.0052,0.0043,0.0034,0,6,0,3.744102
JU06660017,-1.0992,39.7301,11/21/2019,Estación punto de presa E. de Benagéber,DETERMINACION FÍSICO-QUÍMICA IN SITU,CLOROFILA A,1.33,µg/L,"1,33",,Fluorescencia atómica,DISCRETA,15,11/20/2019,1,S2B_MSIL2A_20191120T110249_N0213_R094_T30SXJ_20191121T142043,0.0173,0.039,0.042,0.012,0.0095,0.0056,0.0083,0.0065,0.0047,0.0052,0.0043,0.0034,0,6,0,3.744102
JU06660017,-1.0992,39.7301,11/21/2019,Estación punto de presa E. de Benagéber,DETERMINACION FÍSICO-QUÍMICA IN SITU,CLOROFILA A,1.28,µg/L,"1,28",,Fluorescencia atómica,DISCRETA,21,11/20/2019,1,S2B_MSIL2A_20191120T110249_N0213_R094_T30SXJ_20191121T142043,0.0173,0.039,0.042,0.012,0.0095,0.0056,0.0083,0.0065,0.0047,0.0052,0.0043,0.0034,0,6,0,3.744102
JU06660017,-1.0992,39.7301,11/21/2019,Estación punto de presa E. de Benagéber,DETERMINACION FÍSICO-QUÍMICA IN SITU,CLOROFILA A,1.43,µg/L,"1,43",,Fluorescencia atómica,DISCRETA,23,11/20/2019,1,S2B_MSIL2A_20191120T110249_N0213_R094_T30SXJ_20191121T142043,0.0173,0.039,0.042,0.012,0.0095,0.0056,0.0083,0.0065,0.0047,0.0052,0.0043,0.0034,0,6,0,3.744102
JU06660017,-1.0992,39.7301,11/21/2019,Estación punto de presa E. de Benagéber,DETERMINACION FÍSICO-QUÍMICA IN SITU,CLOROFILA A,1.2,µg/L,"1,2",,Fluorescencia atómica,DISCRETA,29,11/20/2019,1,S2B_MSIL2A_20191120T110249_N0213_R094_T30SXJ_20191121T142043,0.0173,0.039,0.042,0.012,0.0095,0.0056,0.0083,0.0065,0.0047,0.0052,0.0043,0.0034,0,6,0,3.744102
JU06660017,-1.0992,39.7301,11/21/2019,Estación punto de presa E. de Benagéber,DETERMINACION FÍSICO-QUÍMICA IN SITU,CLOROFILA A,1.06,µg/L,"1,06",,Fluorescencia atómica,DISCRETA,30,11/20/2019,1,S2B_MSIL2A_20191120T110249_N0213_R094_T30SXJ_20191121T142043,0.0173,0.039,0.042,0.012,0.0095,0.0056,0.0083,0.0065,0.0047,0.0052,0.0043,0.0034,0,6,0,3.744102
JU06660017,-1.0992,39.7301,11/21/2019,Estación punto de presa E. de Benagéber,DETERMINACION FÍSICO-QUÍMICA IN SITU,CLOROFILA A,0.85,µg/L,"0,85",,Fluorescencia atómica,DISCRETA,35,11/20/2019,1,S2B_MSIL2A_20191120T110249_N0213_R094_T30SXJ_20191121T142043,0.0173,0.039,0.042,0.012,0.0095,0.0056,0.0083,0.0065,0.0047,0.0052,0.0043,0.0034,0,6,0,3.744102
JU06660017,-1.0992,39.7301,11/21/2019,Estación punto de presa E. de Benagéber,DETERMINACION FÍSICO-QUÍMICA IN SITU,CLOROFILA A,0.67,µg/L,"0,67",,Fluorescencia atómica,DISCRETA,40,11/20/2019,1,S2B_MSIL2A_20191120T110249_N0213_R094_T30SXJ_20191121T142043,0.0173,0.039,0.042,0.012,0.0095,0.0056,0.0083,0.0065,0.0047,0.0052,0.0043,0.0034,0,6,0,3.744102
JU06660017,-1.0992,39.7301,11/21/2019,Estación punto de presa E. de Benagéber,DETERMINACION FÍSICO-QUÍMICA IN SITU,CLOROFILA A,0.74,µg/L,"0,74",,Fluorescencia atómica,DISCRETA,46,11/20/2019,1,S2B_MSIL2A_20191120T110249_N0213_R094_T30SXJ_20191121T142043,0.0173,0.039,0.042,0.012,0.0095,0.0056,0.0083,0.0065,0.0047,0.0052,0.0043,0.0034,0,6,0,3.744102
JU06660017,-1.0992,39.7301,11/21/2019,Estación punto de presa E. de Benagéber,DETERMINACION FÍSICO-QUÍMICA IN SITU,CLOROFILA A,0.79,µg/L,"0,79",,Fluorescencia atómica,DISCRETA,48,11/20/2019,1,S2B_MSIL2A_20191120T110249_N0213_R094_T30SXJ_20191121T142043,0.0173,0.039,0.042,0.012,0.0095,0.0056,0.0083,0.0065,0.0047,0.0052,0.0043,0.0034,0,6,0,3.744102
JU06660017,-1.0992,39.7301,11/21/2019,Estación punto de presa E. de Benagéber,DETERMINACION FÍSICO-QUÍMICA IN SITU,CLOROFILA A,0.52,µg/L,"0,52",,Fluorescencia atómica,DISCRETA,51,11/20/2019,1,S2B_MSIL2A_20191120T110249_N0213_R094_T30SXJ_20191121T142043,0.0173,0.039,0.042,0.012,0.0095,0.0056,0.0083,0.0065,0.0047,0.0052,0.0043,0.0034,0,6,0,3.744102
JU06660017,-1.0992,39.7301,11/21/2019,Estación punto de presa E. de Benagéber,DETERMINACION FÍSICO-QUÍMICA IN SITU,CLOROFILA A,0.79,µg/L,"0,79",,Fluorescencia atómica,DISCRETA,32,11/20/2019,1,S2B_MSIL2A_20191120T110249_N0213_R094_T30SXJ_20191121T142043,0.0173,0.039,0.042,0.012,0.0095,0.0056,0.0083,0.0065,0.0047,0.0052,0.0043,0.0034,0,6,0,3.744102
JU06660017,-1.0992,39.7301,11/21/2019,Estación punto de presa E. de Benagéber,DETERMINACION FÍSICO-QUÍMICA IN SITU,CLOROFILA A,0.71,µg/L,"0,71",,Fluorescencia atómica,DISCRETA,42,11/20/2019,1,S2B_MSIL2A_20191120T110249_N0213_R094_T30SXJ_20191121T142043,0.0173,0.039,0.042,0.012,0.0095,0.0056,0.0083,0.0065,0.0047,0.0052,0.0043,0.0034,0,6,0,3.744102
JU06660017,-1.0992,39.7301,11/21/2019,Estación punto de presa E. de Benagéber,DETERMINACION FÍSICO-QUÍMICA IN SITU,CLOROFILA A,1.39,µg/L,"1,39",,Fluorescencia atómica,DISCRETA,6,11/20/2019,1,S2B_MSIL2A_20191120T110249_N0213_R094_T30SXJ_20191121T142043,0.0173,0.039,0.042,0.012,0.0095,0.0056,0.0083,0.0065,0.0047,0.0052,0.0043,0.0034,0,6,0,3.744102
JU06660017,-1.0992,39.7301,11/21/2019,Estación punto de presa E. de Benagéber,DETERMINACION FÍSICO-QUÍMICA IN SITU,CLOROFILA A,1.48,µg/L,"1,48",,Fluorescencia atómica,DISCRETA,10,11/20/2019,1,S2B_MSIL2A_20191120T110249_N0213_R094_T30SXJ_20191121T142043,0.0173,0.039,0.042,0.012,0.0095,0.0056,0.0083,0.0065,0.0047,0.0052,0.0043,0.0034,0,6,0,3.744102
JU06660017,-1.0992,39.7301,11/21/2019,Estación punto de presa E. de Benagéber,DETERMINACION FÍSICO-QUÍMICA IN SITU,CLOROFILA A,1.43,µg/L,"1,43",,Fluorescencia atómica,DISCRETA,12,11/20/2019,1,S2B_MSIL2A_20191120T110249_N0213_R094_T30SXJ_20191121T142043,0.0173,0.039,0.042,0.012,0.0095,0.0056,0.0083,0.0065,0.0047,0.0052,0.0043,0.0034,0,6,0,3.744102
JU06660017,-1.0992,39.7301,11/21/2019,Estación punto de presa E. de Benagéber,DETERMINACION FÍSICO-QUÍMICA IN SITU,CLOROFILA A,1.46,µg/L,"1,46",,Fluorescencia atómica,DISCRETA,14,11/20/2019,1,S2B_MSIL2A_20191120T110249_N0213_R094_T30SXJ_20191121T142043,0.0173,0.039,0.042,0.012,0.0095,0.0056,0.0083,0.0065,0.0047,0.0052,0.0043,0.0034,0,6,0,3.744102
JU06660017,-1.0992,39.7301,11/21/2019,Estación punto de presa E. de Benagéber,DETERMINACION FÍSICO-QUÍMICA IN SITU,CLOROFILA A,1.37,µg/L,"1,37",,Fluorescencia atómica,DISCRETA,22,11/20/2019,1,S2B_MSIL2A_20191120T110249_N0213_R094_T30SXJ_20191121T142043,0.0173,0.039,0.042,0.012,0.0095,0.0056,0.0083,0.0065,0.0047,0.0052,0.0043,0.0034,0,6,0,3.744102
JU06660017,-1.0992,39.7301,11/21/2019,Estación punto de presa E. de Benagéber,DETERMINACION FÍSICO-QUÍMICA IN SITU,CLOROFILA A,1.27,µg/L,"1,27",,Fluorescencia atómica,DISCRETA,25,11/20/2019,1,S2B_MSIL2A_20191120T110249_N0213_R094_T30SXJ_20191121T142043,0.0173,0.039,0.042,0.012,0.0095,0.0056,0.0083,0.0065,0.0047,0.0052,0.0043,0.0034,0,6,0,3.744102
JU06660017,-1.0992,39.7301,11/21/2019,Estación punto de presa E. de Benagéber,DETERMINACION FÍSICO-QUÍMICA IN SITU,CLOROFILA A,1.39,µg/L,"1,39",,Fluorescencia atómica,DISCRETA,27,11/20/2019,1,S2B_MSIL2A_20191120T110249_N0213_R094_T30SXJ_20191121T142043,0.0173,0.039,0.042,0.012,0.0095,0.0056,0.0083,0.0065,0.0047,0.0052,0.0043,0.0034,0,6,0,3.744102
JU06660017,-1.0992,39.7301,11/21/2019,Estación punto de presa E. de Benagéber,DETERMINACION FÍSICO-QUÍMICA IN SITU,CLOROFILA A,0.73,µg/L,"0,73",,Fluorescencia atómica,DISCRETA,36,11/20/2019,1,S2B_MSIL2A_20191120T110249_N0213_R094_T30SXJ_20191121T142043,0.0173,0.039,0.042,0.012,0.0095,0.0056,0.0083,0.0065,0.0047,0.0052,0.0043,0.0034,0,6,0,3.744102
JU06660017,-1.0992,39.7301,11/21/2019,Estación punto de presa E. de Benagéber,DETERMINACION FÍSICO-QUÍMICA IN SITU,CLOROFILA A,0.78,µg/L,"0,78",,Fluorescencia atómica,DISCRETA,45,11/20/2019,1,S2B_MSIL2A_20191120T110249_N0213_R094_T30SXJ_20191121T142043,0.0173,0.039,0.042,0.012,0.0095,0.0056,0.0083,0.0065,0.0047,0.0052,0.0043,0.0034,0,6,0,3.744102
JU06660017,-1.0992,39.7301,11/21/2019,Estación punto de presa E. de Benagéber,DETERMINACION FÍSICO-QUÍMICA IN SITU,CLOROFILA A,1.33,µg/L,"1,33",,Fluorescencia atómica,DISCRETA,7,11/20/2019,1,S2B_MSIL2A_20191120T110249_N0213_R094_T30SXJ_20191121T142043,0.0173,0.039,0.042,0.012,0.0095,0.0056,0.0083,0.0065,0.0047,0.0052,0.0043,0.0034,0,6,0,3.744102
JU06660017,-1.0992,39.7301,11/21/2019,Estación punto de presa E. de Benagéber,DETERMINACION FÍSICO-QUÍMICA IN SITU,CLOROFILA A,1.37,µg/L,"1,37",,Fluorescencia atómica,DISCRETA,9,11/20/2019,1,S2B_MSIL2A_20191120T110249_N0213_R094_T30SXJ_20191121T142043,0.0173,0.039,0.042,0.012,0.0095,0.0056,0.0083,0.0065,0.0047,0.0052,0.0043,0.0034,0,6,0,3.744102
JU06660017,-1.0992,39.7301,11/21/2019,Estación punto de presa E. de Benagéber,DETERMINACION FÍSICO-QUÍMICA IN SITU,CLOROFILA A,0.94,µg/L,"0,94",,Fluorescencia atómica,DISCRETA,47,11/20/2019,1,S2B_MSIL2A_20191120T110249_N0213_R094_T30SXJ_20191121T142043,0.0173,0.039,0.042,0.012,0.0095,0.0056,0.0083,0.0065,0.0047,0.0052,0.0043,0.0034,0,6,0,3.744102
JU06660017,-1.0992,39.7301,11/21/2019,Estación punto de presa E. de Benagéber,TOMA DE MUESTRAS PARA LABORATORIO,SOLIDOS EN SUSPENSION,2.4,mg/L,"2,4",2,Gravimetría,INTEGRADA,-1,11/20/2019,1,S2B_MSIL2A_20191120T110249_N0213_R094_T30SXJ_20191121T142043,0.0173,0.039,0.042,0.012,0.0095,0.0056,0.0083,0.0065,0.0047,0.0052,0.0043,0.0034,0,6,0,3.744102
JU06660017,-1.0992,39.7301,11/21/2019,Estación punto de presa E. de Benagéber,TOMA DE MUESTRAS PARA LABORATORIO,FOSFORO TOTAL,0,mg P/l,"<0,02",0.02,Espectofotometría de absorción molecular,INTEGRADA,-1,11/20/2019,1,S2B_MSIL2A_20191120T110249_N0213_R094_T30SXJ_20191121T142043,0.0173,0.039,0.042,0.012,0.0095,0.0056,0.0083,0.0065,0.0047,0.0052,0.0043,0.0034,0,6,0,3.744102
JU06660017,-1.0992,39.7301,11/21/2019,Estación punto de presa E. de Benagéber,DETERMINACION FÍSICO-QUÍMICA IN SITU,Profundidad del disco de secchi,3.700000048,m,,,,INTEGRADA,-1,11/20/2019,1,S2B_MSIL2A_20191120T110249_N0213_R094_T30SXJ_20191121T142043,0.0173,0.039,0.042,0.012,0.0095,0.0056,0.0083,0.0065,0.0047,0.0052,0.0043,0.0034,0,6,0,3.744102
JU06160014,-0.164,40.0293,11/20/2019,Estación punto de presa E. de María Cristina,DETERMINACION FÍSICO-QUÍMICA IN SITU,CLOROFILA A,1.58,µg/L,"1,58",,Fluorescencia atómica,DISCRETA,0.5,11/17/2019,3,S2B_MSIL2A_20191117T105229_N0213_R051_T30TYK_20191117T134337,0.1554,0.1463,0.1583,0.1419,0.1469,0.1352,0.1392,0.1346,0.1481,0.3172,0.1036,0.1051,2048,8,96,69.840077
JU06160014,-0.164,40.0293,11/20/2019,Estación punto de presa E. de María Cristina,DETERMINACION FÍSICO-QUÍMICA IN SITU,CLOROFILA A,5.25,µg/L,"5,25",,Fluorescencia atómica,DISCRETA,4.5,11/17/2019,3,S2B_MSIL2A_20191117T105229_N0213_R051_T30TYK_20191117T134337,0.1554,0.1463,0.1583,0.1419,0.1469,0.1352,0.1392,0.1346,0.1481,0.3172,0.1036,0.1051,2048,8,96,69.840077
JU06160014,-0.164,40.0293,11/20/2019,Estación punto de presa E. de María Cristina,DETERMINACION FÍSICO-QUÍMICA IN SITU,CLOROFILA A,5.4,µg/L,"5,4",,Fluorescencia atómica,DISCRETA,3.5,11/17/2019,3,S2B_MSIL2A_20191117T105229_N0213_R051_T30TYK_20191117T134337,0.1554,0.1463,0.1583,0.1419,0.1469,0.1352,0.1392,0.1346,0.1481,0.3172,0.1036,0.1051,2048,8,96,69.840077
JU06160014,-0.164,40.0293,11/20/2019,Estación punto de presa E. de María Cristina,DETERMINACION FÍSICO-QUÍMICA IN SITU,CLOROFILA A,1.16,µg/L,"1,16",,Fluorescencia atómica,DISCRETA,0,11/17/2019,3,S2B_MSIL2A_20191117T105229_N0213_R051_T30TYK_20191117T134337,0.1554,0.1463,0.1583,0.1419,0.1469,0.1352,0.1392,0.1346,0.1481,0.3172,0.1036,0.1051,2048,8,96,69.840077
JU06160014,-0.164,40.0293,11/20/2019,Estación punto de presa E. de María Cristina,DETERMINACION FÍSICO-QUÍMICA IN SITU,CLOROFILA A,3.77,µg/L,"3,77",,Fluorescencia atómica,DISCRETA,1,11/17/2019,3,S2B_MSIL2A_20191117T105229_N0213_R051_T30TYK_20191117T134337,0.1554,0.1463,0.1583,0.1419,0.1469,0.1352,0.1392,0.1346,0.1481,0.3172,0.1036,0.1051,2048,8,96,69.840077
JU06160014,-0.164,40.0293,11/20/2019,Estación punto de presa E. de María Cristina,DETERMINACION FÍSICO-QUÍMICA IN SITU,CLOROFILA A,4.73,µg/L,"4,73",,Fluorescencia atómica,DISCRETA,2.5,11/17/2019,3,S2B_MSIL2A_20191117T105229_N0213_R051_T30TYK_20191117T134337,0.1554,0.1463,0.1583,0.1419,0.1469,0.1352,0.1392,0.1346,0.1481,0.3172,0.1036,0.1051,2048,8,96,69.840077
JU06160014,-0.164,40.0293,11/20/2019,Estación punto de presa E. de María Cristina,DETERMINACION FÍSICO-QUÍMICA IN SITU,CLOROFILA A,6.58,µg/L,"6,58",,Fluorescencia atómica,DISCRETA,1.5,11/17/2019,3,S2B_MSIL2A_20191117T105229_N0213_R051_T30TYK_20191117T134337,0.1554,0.1463,0.1583,0.1419,0.1469,0.1352,0.1392,0.1346,0.1481,0.3172,0.1036,0.1051,2048,8,96,69.840077
JU06160014,-0.164,40.0293,11/20/2019,Estación punto de presa E. de María Cristina,DETERMINACION FÍSICO-QUÍMICA IN SITU,CLOROFILA A,5.13,µg/L,"5,13",,Fluorescencia atómica,DISCRETA,2,11/17/2019,3,S2B_MSIL2A_20191117T105229_N0213_R051_T30TYK_20191117T134337,0.1554,0.1463,0.1583,0.1419,0.1469,0.1352,0.1392,0.1346,0.1481,0.3172,0.1036,0.1051,2048,8,96,69.840077
JU06160014,-0.164,40.0293,11/20/2019,Estación punto de presa E. de María Cristina,DETERMINACION FÍSICO-QUÍMICA IN SITU,CLOROFILA A,4.95,µg/L,"4,95",,Fluorescencia atómica,DISCRETA,3,11/17/2019,3,S2B_MSIL2A_20191117T105229_N0213_R051_T30TYK_20191117T134337,0.1554,0.1463,0.1583,0.1419,0.1469,0.1352,0.1392,0.1346,0.1481,0.3172,0.1036,0.1051,2048,8,96,69.840077
JU06160014,-0.164,40.0293,11/20/2019,Estación punto de presa E. de María Cristina,DETERMINACION FÍSICO-QUÍMICA IN SITU,CLOROFILA A,5.03,µg/L,"5,03",,Fluorescencia atómica,DISCRETA,4,11/17/2019,3,S2B_MSIL2A_20191117T105229_N0213_R051_T30TYK_20191117T134337,0.1554,0.1463,0.1583,0.1419,0.1469,0.1352,0.1392,0.1346,0.1481,0.3172,0.1036,0.1051,2048,8,96,69.840077
JU06160014,-0.164,40.0293,11/20/2019,Estación punto de presa E. de María Cristina,TOMA DE MUESTRAS PARA LABORATORIO,SOLIDOS EN SUSPENSION,6.6,mg/L,"6,6",2,Gravimetría,INTEGRADA,-1,11/17/2019,3,S2B_MSIL2A_20191117T105229_N0213_R051_T30TYK_20191117T134337,0.1554,0.1463,0.1583,0.1419,0.1469,0.1352,0.1392,0.1346,0.1481,0.3172,0.1036,0.1051,2048,8,96,69.840077
JU06160014,-0.164,40.0293,11/20/2019,Estación punto de presa E. de María Cristina,TOMA DE MUESTRAS PARA LABORATORIO,FOSFORO TOTAL,0.025,mg P/l,"0,025",0.02,Espectofotometría de absorción molecular,INTEGRADA,-1,11/17/2019,3,S2B_MSIL2A_20191117T105229_N0213_R051_T30TYK_20191117T134337,0.1554,0.1463,0.1583,0.1419,0.1469,0.1352,0.1392,0.1346,0.1481,0.3172,0.1036,0.1051,2048,8,96,69.840077
JU06160014,-0.164,40.0293,11/20/2019,Estación punto de presa E. de María Cristina,DETERMINACION FÍSICO-QUÍMICA IN SITU,Profundidad del disco de secchi,0.899999976,m,,,,INTEGRADA,-1,11/17/2019,3,S2B_MSIL2A_20191117T105229_N0213_R051_T30TYK_20191117T134337,0.1554,0.1463,0.1583,0.1419,0.1469,0.1352,0.1392,0.1346,0.1481,0.3172,0.1036,0.1051,2048,8,96,69.840077
JU06150028,-0.2307,40.0116,9/30/2019,Estación punto de presa E. de Sitjar,DETERMINACION FÍSICO-QUÍMICA IN SITU,CLOROFILA A,0.75,µg/L,"0,75",,Fluorescencia atómica,DISCRETA,13,9/28/2019,2,S2B_MSIL2A_20190928T105029_N0213_R051_T30TYK_20190928T140739,0.0443,0.047,0.0394,0.0184,0.0149,0.0146,0.0178,0.0143,0.0129,0.0044,0.0095,0.0064,0,6,1,22.311771
JU06150028,-0.2307,40.0116,9/30/2019,Estación punto de presa E. de Sitjar,DETERMINACION FÍSICO-QUÍMICA IN SITU,CLOROFILA A,0.63,µg/L,"0,63",,Fluorescencia atómica,DISCRETA,4,9/28/2019,2,S2B_MSIL2A_20190928T105029_N0213_R051_T30TYK_20190928T140739,0.0443,0.047,0.0394,0.0184,0.0149,0.0146,0.0178,0.0143,0.0129,0.0044,0.0095,0.0064,0,6,1,22.311771
JU06150028,-0.2307,40.0116,9/30/2019,Estación punto de presa E. de Sitjar,DETERMINACION FÍSICO-QUÍMICA IN SITU,CLOROFILA A,0.73,µg/L,"0,73",,Fluorescencia atómica,DISCRETA,20,9/28/2019,2,S2B_MSIL2A_20190928T105029_N0213_R051_T30TYK_20190928T140739,0.0443,0.047,0.0394,0.0184,0.0149,0.0146,0.0178,0.0143,0.0129,0.0044,0.0095,0.0064,0,6,1,22.311771
JU06150028,-0.2307,40.0116,9/30/2019,Estación punto de presa E. de Sitjar,DETERMINACION FÍSICO-QUÍMICA IN SITU,CLOROFILA A,0.97,µg/L,"0,97",,Fluorescencia atómica,DISCRETA,11,9/28/2019,2,S2B_MSIL2A_20190928T105029_N0213_R051_T30TYK_20190928T140739,0.0443,0.047,0.0394,0.0184,0.0149,0.0146,0.0178,0.0143,0.0129,0.0044,0.0095,0.0064,0,6,1,22.311771
JU06150028,-0.2307,40.0116,9/30/2019,Estación punto de presa E. de Sitjar,DETERMINACION FÍSICO-QUÍMICA IN SITU,CLOROFILA A,0.43,µg/L,"0,43",,Fluorescencia atómica,DISCRETA,15,9/28/2019,2,S2B_MSIL2A_20190928T105029_N0213_R051_T30TYK_20190928T140739,0.0443,0.047,0.0394,0.0184,0.0149,0.0146,0.0178,0.0143,0.0129,0.0044,0.0095,0.0064,0,6,1,22.311771
JU06150028,-0.2307,40.0116,9/30/2019,Estación punto de presa E. de Sitjar,DETERMINACION FÍSICO-QUÍMICA IN SITU,CLOROFILA A,0.38,µg/L,"0,38",,Fluorescencia atómica,DISCRETA,16,9/28/2019,2,S2B_MSIL2A_20190928T105029_N0213_R051_T30TYK_20190928T140739,0.0443,0.047,0.0394,0.0184,0.0149,0.0146,0.0178,0.0143,0.0129,0.0044,0.0095,0.0064,0,6,1,22.311771
JU06150028,-0.2307,40.0116,9/30/2019,Estación punto de presa E. de Sitjar,DETERMINACION FÍSICO-QUÍMICA IN SITU,CLOROFILA A,0.45,µg/L,"0,45",,Fluorescencia atómica,DISCRETA,18,9/28/2019,2,S2B_MSIL2A_20190928T105029_N0213_R051_T30TYK_20190928T140739,0.0443,0.047,0.0394,0.0184,0.0149,0.0146,0.0178,0.0143,0.0129,0.0044,0.0095,0.0064,0,6,1,22.311771
JU06150028,-0.2307,40.0116,9/30/2019,Estación punto de presa E. de Sitjar,DETERMINACION FÍSICO-QUÍMICA IN SITU,CLOROFILA A,0.49,µg/L,"0,49",,Fluorescencia atómica,DISCRETA,3,9/28/2019,2,S2B_MSIL2A_20190928T105029_N0213_R051_T30TYK_20190928T140739,0.0443,0.047,0.0394,0.0184,0.0149,0.0146,0.0178,0.0143,0.0129,0.0044,0.0095,0.0064,0,6,1,22.311771
JU06150028,-0.2307,40.0116,9/30/2019,Estación punto de presa E. de Sitjar,DETERMINACION FÍSICO-QUÍMICA IN SITU,CLOROFILA A,0.69,µg/L,"0,69",,Fluorescencia atómica,DISCRETA,5,9/28/2019,2,S2B_MSIL2A_20190928T105029_N0213_R051_T30TYK_20190928T140739,0.0443,0.047,0.0394,0.0184,0.0149,0.0146,0.0178,0.0143,0.0129,0.0044,0.0095,0.0064,0,6,1,22.311771
JU06150028,-0.2307,40.0116,9/30/2019,Estación punto de presa E. de Sitjar,DETERMINACION FÍSICO-QUÍMICA IN SITU,CLOROFILA A,0.35,µg/L,"0,35",,Fluorescencia atómica,DISCRETA,1,9/28/2019,2,S2B_MSIL2A_20190928T105029_N0213_R051_T30TYK_20190928T140739,0.0443,0.047,0.0394,0.0184,0.0149,0.0146,0.0178,0.0143,0.0129,0.0044,0.0095,0.0064,0,6,1,22.311771
JU06150028,-0.2307,40.0116,9/30/2019,Estación punto de presa E. de Sitjar,DETERMINACION FÍSICO-QUÍMICA IN SITU,CLOROFILA A,0.4,µg/L,"0,4",,Fluorescencia atómica,DISCRETA,2,9/28/2019,2,S2B_MSIL2A_20190928T105029_N0213_R051_T30TYK_20190928T140739,0.0443,0.047,0.0394,0.0184,0.0149,0.0146,0.0178,0.0143,0.0129,0.0044,0.0095,0.0064,0,6,1,22.311771
JU06150028,-0.2307,40.0116,9/30/2019,Estación punto de presa E. de Sitjar,DETERMINACION FÍSICO-QUÍMICA IN SITU,CLOROFILA A,0.85,µg/L,"0,85",,Fluorescencia atómica,DISCRETA,8,9/28/2019,2,S2B_MSIL2A_20190928T105029_N0213_R051_T30TYK_20190928T140739,0.0443,0.047,0.0394,0.0184,0.0149,0.0146,0.0178,0.0143,0.0129,0.0044,0.0095,0.0064,0,6,1,22.311771
JU06150028,-0.2307,40.0116,9/30/2019,Estación punto de presa E. de Sitjar,DETERMINACION FÍSICO-QUÍMICA IN SITU,CLOROFILA A,1.01,µg/L,"1,01",,Fluorescencia atómica,DISCRETA,9,9/28/2019,2,S2B_MSIL2A_20190928T105029_N0213_R051_T30TYK_20190928T140739,0.0443,0.047,0.0394,0.0184,0.0149,0.0146,0.0178,0.0143,0.0129,0.0044,0.0095,0.0064,0,6,1,22.311771
JU06150028,-0.2307,40.0116,9/30/2019,Estación punto de presa E. de Sitjar,DETERMINACION FÍSICO-QUÍMICA IN SITU,CLOROFILA A,0.33,µg/L,"0,33",,Fluorescencia atómica,DISCRETA,0,9/28/2019,2,S2B_MSIL2A_20190928T105029_N0213_R051_T30TYK_20190928T140739,0.0443,0.047,0.0394,0.0184,0.0149,0.0146,0.0178,0.0143,0.0129,0.0044,0.0095,0.0064,0,6,1,22.311771
JU06150028,-0.2307,40.0116,9/30/2019,Estación punto de presa E. de Sitjar,DETERMINACION FÍSICO-QUÍMICA IN SITU,CLOROFILA A,0.74,µg/L,"0,74",,Fluorescencia atómica,DISCRETA,7,9/28/2019,2,S2B_MSIL2A_20190928T105029_N0213_R051_T30TYK_20190928T140739,0.0443,0.047,0.0394,0.0184,0.0149,0.0146,0.0178,0.0143,0.0129,0.0044,0.0095,0.0064,0,6,1,22.311771
JU06150028,-0.2307,40.0116,9/30/2019,Estación punto de presa E. de Sitjar,DETERMINACION FÍSICO-QUÍMICA IN SITU,CLOROFILA A,1.02,µg/L,"1,02",,Fluorescencia atómica,DISCRETA,10,9/28/2019,2,S2B_MSIL2A_20190928T105029_N0213_R051_T30TYK_20190928T140739,0.0443,0.047,0.0394,0.0184,0.0149,0.0146,0.0178,0.0143,0.0129,0.0044,0.0095,0.0064,0,6,1,22.311771
JU06150028,-0.2307,40.0116,9/30/2019,Estación punto de presa E. de Sitjar,DETERMINACION FÍSICO-QUÍMICA IN SITU,CLOROFILA A,0.83,µg/L,"0,83",,Fluorescencia atómica,DISCRETA,12,9/28/2019,2,S2B_MSIL2A_20190928T105029_N0213_R051_T30TYK_20190928T140739,0.0443,0.047,0.0394,0.0184,0.0149,0.0146,0.0178,0.0143,0.0129,0.0044,0.0095,0.0064,0,6,1,22.311771
JU06150028,-0.2307,40.0116,9/30/2019,Estación punto de presa E. de Sitjar,DETERMINACION FÍSICO-QUÍMICA IN SITU,CLOROFILA A,0.46,µg/L,"0,46",,Fluorescencia atómica,DISCRETA,19,9/28/2019,2,S2B_MSIL2A_20190928T105029_N0213_R051_T30TYK_20190928T140739,0.0443,0.047,0.0394,0.0184,0.0149,0.0146,0.0178,0.0143,0.0129,0.0044,0.0095,0.0064,0,6,1,22.311771
JU06150028,-0.2307,40.0116,9/30/2019,Estación punto de presa E. de Sitjar,DETERMINACION FÍSICO-QUÍMICA IN SITU,CLOROFILA A,0.6,µg/L,"0,6",,Fluorescencia atómica,DISCRETA,14,9/28/2019,2,S2B_MSIL2A_20190928T105029_N0213_R051_T30TYK_20190928T140739,0.0443,0.047,0.0394,0.0184,0.0149,0.0146,0.0178,0.0143,0.0129,0.0044,0.0095,0.0064,0,6,1,22.311771
JU06150028,-0.2307,40.0116,9/30/2019,Estación punto de presa E. de Sitjar,DETERMINACION FÍSICO-QUÍMICA IN SITU,CLOROFILA A,0.4,µg/L,"0,4",,Fluorescencia atómica,DISCRETA,17,9/28/2019,2,S2B_MSIL2A_20190928T105029_N0213_R051_T30TYK_20190928T140739,0.0443,0.047,0.0394,0.0184,0.0149,0.0146,0.0178,0.0143,0.0129,0.0044,0.0095,0.0064,0,6,1,22.311771
JU06150028,-0.2307,40.0116,9/30/2019,Estación punto de presa E. de Sitjar,TOMA DE MUESTRAS PARA LABORATORIO,SOLIDOS EN SUSPENSION,0,mg/L,<2,2,Gravimetría,INTEGRADA,-1,9/28/2019,2,S2B_MSIL2A_20190928T105029_N0213_R051_T30TYK_20190928T140739,0.0443,0.047,0.0394,0.0184,0.0149,0.0146,0.0178,0.0143,0.0129,0.0044,0.0095,0.0064,0,6,1,22.311771
JU06150028,-0.2307,40.0116,9/30/2019,Estación punto de presa E. de Sitjar,DETERMINACION FÍSICO-QUÍMICA IN SITU,CLOROFILA A,0.76,µg/L,"0,76",,Fluorescencia atómica,DISCRETA,6,9/28/2019,2,S2B_MSIL2A_20190928T105029_N0213_R051_T30TYK_20190928T140739,0.0443,0.047,0.0394,0.0184,0.0149,0.0146,0.0178,0.0143,0.0129,0.0044,0.0095,0.0064,0,6,1,22.311771
JU06150028,-0.2307,40.0116,9/30/2019,Estación punto de presa E. de Sitjar,Fitoplancton,CLOROFILA A,0,µg/L,<1,1,Espectofotometría de absorción molecular,INTEGRADA,-1,9/28/2019,2,S2B_MSIL2A_20190928T105029_N0213_R051_T30TYK_20190928T140739,0.0443,0.047,0.0394,0.0184,0.0149,0.0146,0.0178,0.0143,0.0129,0.0044,0.0095,0.0064,0,6,1,22.311771
JU06150028,-0.2307,40.0116,9/30/2019,Estación punto de presa E. de Sitjar,TOMA DE MUESTRAS PARA LABORATORIO,FOSFORO TOTAL,0,mg P/l,"<0,02",0.02,Espectofotometría de absorción molecular,INTEGRADA,-1,9/28/2019,2,S2B_MSIL2A_20190928T105029_N0213_R051_T30TYK_20190928T140739,0.0443,0.047,0.0394,0.0184,0.0149,0.0146,0.0178,0.0143,0.0129,0.0044,0.0095,0.0064,0,6,1,22.311771
JU06150028,-0.2307,40.0116,9/30/2019,Estación punto de presa E. de Sitjar,DETERMINACION FÍSICO-QUÍMICA IN SITU,Profundidad del disco de secchi,4,m,,,,INTEGRADA,-1,9/28/2019,2,S2B_MSIL2A_20190928T105029_N0213_R051_T30TYK_20190928T140739,0.0443,0.047,0.0394,0.0184,0.0149,0.0146,0.0178,0.0143,0.0129,0.0044,0.0095,0.0064,0,6,1,22.311771
JU06660017,-1.0992,39.7301,9/16/2019,Estación punto de presa E. de Benagéber,DETERMINACION FÍSICO-QUÍMICA IN SITU,CLOROFILA A,0.69,µg/L,"0,69",,Fluorescencia atómica,DISCRETA,25,9/18/2019,2,S2B_MSIL2A_20190918T105029_N0213_R051_T30TXK_20190918T135152,0.0023,0.0192,0.0259,0.0046,0.0015,0.0001,0.0001,0.0001,0.0003,0.0003,0.0062,0.0053,0,6,1,30.690536
JU06660017,-1.0992,39.7301,9/16/2019,Estación punto de presa E. de Benagéber,DETERMINACION FÍSICO-QUÍMICA IN SITU,CLOROFILA A,3.33,µg/L,"3,33",,Fluorescencia atómica,DISCRETA,2,9/18/2019,2,S2B_MSIL2A_20190918T105029_N0213_R051_T30TXK_20190918T135152,0.0023,0.0192,0.0259,0.0046,0.0015,0.0001,0.0001,0.0001,0.0003,0.0003,0.0062,0.0053,0,6,1,30.690536
JU06660017,-1.0992,39.7301,9/16/2019,Estación punto de presa E. de Benagéber,DETERMINACION FÍSICO-QUÍMICA IN SITU,CLOROFILA A,0.52,µg/L,"0,52",,Fluorescencia atómica,DISCRETA,30,9/18/2019,2,S2B_MSIL2A_20190918T105029_N0213_R051_T30TXK_20190918T135152,0.0023,0.0192,0.0259,0.0046,0.0015,0.0001,0.0001,0.0001,0.0003,0.0003,0.0062,0.0053,0,6,1,30.690536
JU06660017,-1.0992,39.7301,9/16/2019,Estación punto de presa E. de Benagéber,DETERMINACION FÍSICO-QUÍMICA IN SITU,CLOROFILA A,0.5,µg/L,"0,5",,Fluorescencia atómica,DISCRETA,37,9/18/2019,2,S2B_MSIL2A_20190918T105029_N0213_R051_T30TXK_20190918T135152,0.0023,0.0192,0.0259,0.0046,0.0015,0.0001,0.0001,0.0001,0.0003,0.0003,0.0062,0.0053,0,6,1,30.690536
JU06660017,-1.0992,39.7301,9/16/2019,Estación punto de presa E. de Benagéber,DETERMINACION FÍSICO-QUÍMICA IN SITU,CLOROFILA A,0.44,µg/L,"0,44",,Fluorescencia atómica,DISCRETA,42,9/18/2019,2,S2B_MSIL2A_20190918T105029_N0213_R051_T30TXK_20190918T135152,0.0023,0.0192,0.0259,0.0046,0.0015,0.0001,0.0001,0.0001,0.0003,0.0003,0.0062,0.0053,0,6,1,30.690536
JU06660017,-1.0992,39.7301,9/16/2019,Estación punto de presa E. de Benagéber,DETERMINACION FÍSICO-QUÍMICA IN SITU,CLOROFILA A,0.5,µg/L,"0,5",,Fluorescencia atómica,DISCRETA,50,9/18/2019,2,S2B_MSIL2A_20190918T105029_N0213_R051_T30TXK_20190918T135152,0.0023,0.0192,0.0259,0.0046,0.0015,0.0001,0.0001,0.0001,0.0003,0.0003,0.0062,0.0053,0,6,1,30.690536
JU06660017,-1.0992,39.7301,9/16/2019,Estación punto de presa E. de Benagéber,DETERMINACION FÍSICO-QUÍMICA IN SITU,CLOROFILA A,0.52,µg/L,"0,52",,Fluorescencia atómica,DISCRETA,38,9/18/2019,2,S2B_MSIL2A_20190918T105029_N0213_R051_T30TXK_20190918T135152,0.0023,0.0192,0.0259,0.0046,0.0015,0.0001,0.0001,0.0001,0.0003,0.0003,0.0062,0.0053,0,6,1,30.690536
JU06660017,-1.0992,39.7301,9/16/2019,Estación punto de presa E. de Benagéber,DETERMINACION FÍSICO-QUÍMICA IN SITU,CLOROFILA A,0.47,µg/L,"0,47",,Fluorescencia atómica,DISCRETA,45,9/18/2019,2,S2B_MSIL2A_20190918T105029_N0213_R051_T30TXK_20190918T135152,0.0023,0.0192,0.0259,0.0046,0.0015,0.0001,0.0001,0.0001,0.0003,0.0003,0.0062,0.0053,0,6,1,30.690536
JU06660017,-1.0992,39.7301,9/16/2019,Estación punto de presa E. de Benagéber,DETERMINACION FÍSICO-QUÍMICA IN SITU,CLOROFILA A,0.51,µg/L,"0,51",,Fluorescencia atómica,DISCRETA,46,9/18/2019,2,S2B_MSIL2A_20190918T105029_N0213_R051_T30TXK_20190918T135152,0.0023,0.0192,0.0259,0.0046,0.0015,0.0001,0.0001,0.0001,0.0003,0.0003,0.0062,0.0053,0,6,1,30.690536
JU06660017,-1.0992,39.7301,9/16/2019,Estación punto de presa E. de Benagéber,DETERMINACION FÍSICO-QUÍMICA IN SITU,CLOROFILA A,0.5,µg/L,"0,5",,Fluorescencia atómica,DISCRETA,47,9/18/2019,2,S2B_MSIL2A_20190918T105029_N0213_R051_T30TXK_20190918T135152,0.0023,0.0192,0.0259,0.0046,0.0015,0.0001,0.0001,0.0001,0.0003,0.0003,0.0062,0.0053,0,6,1,30.690536
JU06660017,-1.0992,39.7301,9/16/2019,Estación punto de presa E. de Benagéber,DETERMINACION FÍSICO-QUÍMICA IN SITU,CLOROFILA A,0,µg/L,"<0,03",0.029999999,Fluorescencia atómica,DISCRETA,53,9/18/2019,2,S2B_MSIL2A_20190918T105029_N0213_R051_T30TXK_20190918T135152,0.0023,0.0192,0.0259,0.0046,0.0015,0.0001,0.0001,0.0001,0.0003,0.0003,0.0062,0.0053,0,6,1,30.690536
JU06660017,-1.0992,39.7301,9/16/2019,Estación punto de presa E. de Benagéber,DETERMINACION FÍSICO-QUÍMICA IN SITU,CLOROFILA A,0.85,µg/L,"0,85",,Fluorescencia atómica,DISCRETA,17,9/18/2019,2,S2B_MSIL2A_20190918T105029_N0213_R051_T30TXK_20190918T135152,0.0023,0.0192,0.0259,0.0046,0.0015,0.0001,0.0001,0.0001,0.0003,0.0003,0.0062,0.0053,0,6,1,30.690536
JU06660017,-1.0992,39.7301,9/16/2019,Estación punto de presa E. de Benagéber,DETERMINACION FÍSICO-QUÍMICA IN SITU,CLOROFILA A,0.72,µg/L,"0,72",,Fluorescencia atómica,DISCRETA,23,9/18/2019,2,S2B_MSIL2A_20190918T105029_N0213_R051_T30TXK_20190918T135152,0.0023,0.0192,0.0259,0.0046,0.0015,0.0001,0.0001,0.0001,0.0003,0.0003,0.0062,0.0053,0,6,1,30.690536
JU06660017,-1.0992,39.7301,9/16/2019,Estación punto de presa E. de Benagéber,DETERMINACION FÍSICO-QUÍMICA IN SITU,CLOROFILA A,0.53,µg/L,"0,53",,Fluorescencia atómica,DISCRETA,29,9/18/2019,2,S2B_MSIL2A_20190918T105029_N0213_R051_T30TXK_20190918T135152,0.0023,0.0192,0.0259,0.0046,0.0015,0.0001,0.0001,0.0001,0.0003,0.0003,0.0062,0.0053,0,6,1,30.690536
JU06660017,-1.0992,39.7301,9/16/2019,Estación punto de presa E. de Benagéber,DETERMINACION FÍSICO-QUÍMICA IN SITU,CLOROFILA A,0.52,µg/L,"0,52",,Fluorescencia atómica,DISCRETA,33,9/18/2019,2,S2B_MSIL2A_20190918T105029_N0213_R051_T30TXK_20190918T135152,0.0023,0.0192,0.0259,0.0046,0.0015,0.0001,0.0001,0.0001,0.0003,0.0003,0.0062,0.0053,0,6,1,30.690536
JU06660017,-1.0992,39.7301,9/16/2019,Estación punto de presa E. de Benagéber,DETERMINACION FÍSICO-QUÍMICA IN SITU,CLOROFILA A,0.56,µg/L,"0,56",,Fluorescencia atómica,DISCRETA,35,9/18/2019,2,S2B_MSIL2A_20190918T105029_N0213_R051_T30TXK_20190918T135152,0.0023,0.0192,0.0259,0.0046,0.0015,0.0001,0.0001,0.0001,0.0003,0.0003,0.0062,0.0053,0,6,1,30.690536
JU06660017,-1.0992,39.7301,9/16/2019,Estación punto de presa E. de Benagéber,DETERMINACION FÍSICO-QUÍMICA IN SITU,CLOROFILA A,1.08,µg/L,"1,08",,Fluorescencia atómica,DISCRETA,16,9/18/2019,2,S2B_MSIL2A_20190918T105029_N0213_R051_T30TXK_20190918T135152,0.0023,0.0192,0.0259,0.0046,0.0015,0.0001,0.0001,0.0001,0.0003,0.0003,0.0062,0.0053,0,6,1,30.690536
JU06660017,-1.0992,39.7301,9/16/2019,Estación punto de presa E. de Benagéber,DETERMINACION FÍSICO-QUÍMICA IN SITU,CLOROFILA A,0.54,µg/L,"0,54",,Fluorescencia atómica,DISCRETA,31,9/18/2019,2,S2B_MSIL2A_20190918T105029_N0213_R051_T30TXK_20190918T135152,0.0023,0.0192,0.0259,0.0046,0.0015,0.0001,0.0001,0.0001,0.0003,0.0003,0.0062,0.0053,0,6,1,30.690536
JU06660017,-1.0992,39.7301,9/16/2019,Estación punto de presa E. de Benagéber,DETERMINACION FÍSICO-QUÍMICA IN SITU,CLOROFILA A,0.44,µg/L,"0,44",,Fluorescencia atómica,DISCRETA,44,9/18/2019,2,S2B_MSIL2A_20190918T105029_N0213_R051_T30TXK_20190918T135152,0.0023,0.0192,0.0259,0.0046,0.0015,0.0001,0.0001,0.0001,0.0003,0.0003,0.0062,0.0053,0,6,1,30.690536
JU06660017,-1.0992,39.7301,9/16/2019,Estación punto de presa E. de Benagéber,DETERMINACION FÍSICO-QUÍMICA IN SITU,CLOROFILA A,3.26,µg/L,"3,26",,Fluorescencia atómica,DISCRETA,4,9/18/2019,2,S2B_MSIL2A_20190918T105029_N0213_R051_T30TXK_20190918T135152,0.0023,0.0192,0.0259,0.0046,0.0015,0.0001,0.0001,0.0001,0.0003,0.0003,0.0062,0.0053,0,6,1,30.690536
JU06660017,-1.0992,39.7301,9/16/2019,Estación punto de presa E. de Benagéber,DETERMINACION FÍSICO-QUÍMICA IN SITU,CLOROFILA A,3.31,µg/L,"3,31",,Fluorescencia atómica,DISCRETA,5,9/18/2019,2,S2B_MSIL2A_20190918T105029_N0213_R051_T30TXK_20190918T135152,0.0023,0.0192,0.0259,0.0046,0.0015,0.0001,0.0001,0.0001,0.0003,0.0003,0.0062,0.0053,0,6,1,30.690536
JU06660017,-1.0992,39.7301,9/16/2019,Estación punto de presa E. de Benagéber,DETERMINACION FÍSICO-QUÍMICA IN SITU,CLOROFILA A,2.9,µg/L,"2,9",,Fluorescencia atómica,DISCRETA,7,9/18/2019,2,S2B_MSIL2A_20190918T105029_N0213_R051_T30TXK_20190918T135152,0.0023,0.0192,0.0259,0.0046,0.0015,0.0001,0.0001,0.0001,0.0003,0.0003,0.0062,0.0053,0,6,1,30.690536
JU06660017,-1.0992,39.7301,9/16/2019,Estación punto de presa E. de Benagéber,TOMA DE MUESTRAS PARA LABORATORIO,SOLIDOS EN SUSPENSION,0,mg/L,<2,2,Gravimetría,INTEGRADA,-1,9/18/2019,2,S2B_MSIL2A_20190918T105029_N0213_R051_T30TXK_20190918T135152,0.0023,0.0192,0.0259,0.0046,0.0015,0.0001,0.0001,0.0001,0.0003,0.0003,0.0062,0.0053,0,6,1,30.690536
JU06660017,-1.0992,39.7301,9/16/2019,Estación punto de presa E. de Benagéber,Fitoplancton,CLOROFILA A,0,µg/L,<1,1,Espectofotometría de absorción molecular,INTEGRADA,-1,9/18/2019,2,S2B_MSIL2A_20190918T105029_N0213_R051_T30TXK_20190918T135152,0.0023,0.0192,0.0259,0.0046,0.0015,0.0001,0.0001,0.0001,0.0003,0.0003,0.0062,0.0053,0,6,1,30.690536
JU06660017,-1.0992,39.7301,9/16/2019,Estación punto de presa E. de Benagéber,DETERMINACION FÍSICO-QUÍMICA IN SITU,CLOROFILA A,0.79,µg/L,"0,79",,Fluorescencia atómica,DISCRETA,18,9/18/2019,2,S2B_MSIL2A_20190918T105029_N0213_R051_T30TXK_20190918T135152,0.0023,0.0192,0.0259,0.0046,0.0015,0.0001,0.0001,0.0001,0.0003,0.0003,0.0062,0.0053,0,6,1,30.690536
JU06660017,-1.0992,39.7301,9/16/2019,Estación punto de presa E. de Benagéber,DETERMINACION FÍSICO-QUÍMICA IN SITU,CLOROFILA A,0.85,µg/L,"0,85",,Fluorescencia atómica,DISCRETA,22,9/18/2019,2,S2B_MSIL2A_20190918T105029_N0213_R051_T30TXK_20190918T135152,0.0023,0.0192,0.0259,0.0046,0.0015,0.0001,0.0001,0.0001,0.0003,0.0003,0.0062,0.0053,0,6,1,30.690536
JU06660017,-1.0992,39.7301,9/16/2019,Estación punto de presa E. de Benagéber,DETERMINACION FÍSICO-QUÍMICA IN SITU,CLOROFILA A,0.66,µg/L,"0,66",,Fluorescencia atómica,DISCRETA,24,9/18/2019,2,S2B_MSIL2A_20190918T105029_N0213_R051_T30TXK_20190918T135152,0.0023,0.0192,0.0259,0.0046,0.0015,0.0001,0.0001,0.0001,0.0003,0.0003,0.0062,0.0053,0,6,1,30.690536
JU06660017,-1.0992,39.7301,9/16/2019,Estación punto de presa E. de Benagéber,DETERMINACION FÍSICO-QUÍMICA IN SITU,CLOROFILA A,0.58,µg/L,"0,58",,Fluorescencia atómica,DISCRETA,28,9/18/2019,2,S2B_MSIL2A_20190918T105029_N0213_R051_T30TXK_20190918T135152,0.0023,0.0192,0.0259,0.0046,0.0015,0.0001,0.0001,0.0001,0.0003,0.0003,0.0062,0.0053,0,6,1,30.690536
JU06660017,-1.0992,39.7301,9/16/2019,Estación punto de presa E. de Benagéber,DETERMINACION FÍSICO-QUÍMICA IN SITU,CLOROFILA A,0.54,µg/L,"0,54",,Fluorescencia atómica,DISCRETA,52,9/18/2019,2,S2B_MSIL2A_20190918T105029_N0213_R051_T30TXK_20190918T135152,0.0023,0.0192,0.0259,0.0046,0.0015,0.0001,0.0001,0.0001,0.0003,0.0003,0.0062,0.0053,0,6,1,30.690536
JU06660017,-1.0992,39.7301,9/16/2019,Estación punto de presa E. de Benagéber,DETERMINACION FÍSICO-QUÍMICA IN SITU,CLOROFILA A,3.34,µg/L,"3,34",,Fluorescencia atómica,DISCRETA,8,9/18/2019,2,S2B_MSIL2A_20190918T105029_N0213_R051_T30TXK_20190918T135152,0.0023,0.0192,0.0259,0.0046,0.0015,0.0001,0.0001,0.0001,0.0003,0.0003,0.0062,0.0053,0,6,1,30.690536
JU06660017,-1.0992,39.7301,9/16/2019,Estación punto de presa E. de Benagéber,DETERMINACION FÍSICO-QUÍMICA IN SITU,CLOROFILA A,0.74,µg/L,"0,74",,Fluorescencia atómica,DISCRETA,21,9/18/2019,2,S2B_MSIL2A_20190918T105029_N0213_R051_T30TXK_20190918T135152,0.0023,0.0192,0.0259,0.0046,0.0015,0.0001,0.0001,0.0001,0.0003,0.0003,0.0062,0.0053,0,6,1,30.690536
JU06660017,-1.0992,39.7301,9/16/2019,Estación punto de presa E. de Benagéber,DETERMINACION FÍSICO-QUÍMICA IN SITU,CLOROFILA A,0.63,µg/L,"0,63",,Fluorescencia atómica,DISCRETA,27,9/18/2019,2,S2B_MSIL2A_20190918T105029_N0213_R051_T30TXK_20190918T135152,0.0023,0.0192,0.0259,0.0046,0.0015,0.0001,0.0001,0.0001,0.0003,0.0003,0.0062,0.0053,0,6,1,30.690536
JU06660017,-1.0992,39.7301,9/16/2019,Estación punto de presa E. de Benagéber,DETERMINACION FÍSICO-QUÍMICA IN SITU,CLOROFILA A,0.5,µg/L,"0,5",,Fluorescencia atómica,DISCRETA,34,9/18/2019,2,S2B_MSIL2A_20190918T105029_N0213_R051_T30TXK_20190918T135152,0.0023,0.0192,0.0259,0.0046,0.0015,0.0001,0.0001,0.0001,0.0003,0.0003,0.0062,0.0053,0,6,1,30.690536
JU06660017,-1.0992,39.7301,9/16/2019,Estación punto de presa E. de Benagéber,DETERMINACION FÍSICO-QUÍMICA IN SITU,CLOROFILA A,0.52,µg/L,"0,52",,Fluorescencia atómica,DISCRETA,36,9/18/2019,2,S2B_MSIL2A_20190918T105029_N0213_R051_T30TXK_20190918T135152,0.0023,0.0192,0.0259,0.0046,0.0015,0.0001,0.0001,0.0001,0.0003,0.0003,0.0062,0.0053,0,6,1,30.690536
JU06660017,-1.0992,39.7301,9/16/2019,Estación punto de presa E. de Benagéber,DETERMINACION FÍSICO-QUÍMICA IN SITU,CLOROFILA A,3.37,µg/L,"3,37",,Fluorescencia atómica,DISCRETA,3,9/18/2019,2,S2B_MSIL2A_20190918T105029_N0213_R051_T30TXK_20190918T135152,0.0023,0.0192,0.0259,0.0046,0.0015,0.0001,0.0001,0.0001,0.0003,0.0003,0.0062,0.0053,0,6,1,30.690536
JU06660017,-1.0992,39.7301,9/16/2019,Estación punto de presa E. de Benagéber,DETERMINACION FÍSICO-QUÍMICA IN SITU,CLOROFILA A,0.48,µg/L,"0,48",,Fluorescencia atómica,DISCRETA,41,9/18/2019,2,S2B_MSIL2A_20190918T105029_N0213_R051_T30TXK_20190918T135152,0.0023,0.0192,0.0259,0.0046,0.0015,0.0001,0.0001,0.0001,0.0003,0.0003,0.0062,0.0053,0,6,1,30.690536
JU06660017,-1.0992,39.7301,9/16/2019,Estación punto de presa E. de Benagéber,DETERMINACION FÍSICO-QUÍMICA IN SITU,CLOROFILA A,0.54,µg/L,"0,54",,Fluorescencia atómica,DISCRETA,49,9/18/2019,2,S2B_MSIL2A_20190918T105029_N0213_R051_T30TXK_20190918T135152,0.0023,0.0192,0.0259,0.0046,0.0015,0.0001,0.0001,0.0001,0.0003,0.0003,0.0062,0.0053,0,6,1,30.690536
JU06660017,-1.0992,39.7301,9/16/2019,Estación punto de presa E. de Benagéber,DETERMINACION FÍSICO-QUÍMICA IN SITU,CLOROFILA A,0.76,µg/L,"0,76",,Fluorescencia atómica,DISCRETA,19,9/18/2019,2,S2B_MSIL2A_20190918T105029_N0213_R051_T30TXK_20190918T135152,0.0023,0.0192,0.0259,0.0046,0.0015,0.0001,0.0001,0.0001,0.0003,0.0003,0.0062,0.0053,0,6,1,30.690536
JU06660017,-1.0992,39.7301,9/16/2019,Estación punto de presa E. de Benagéber,DETERMINACION FÍSICO-QUÍMICA IN SITU,CLOROFILA A,0.73,µg/L,"0,73",,Fluorescencia atómica,DISCRETA,20,9/18/2019,2,S2B_MSIL2A_20190918T105029_N0213_R051_T30TXK_20190918T135152,0.0023,0.0192,0.0259,0.0046,0.0015,0.0001,0.0001,0.0001,0.0003,0.0003,0.0062,0.0053,0,6,1,30.690536
JU06660017,-1.0992,39.7301,9/16/2019,Estación punto de presa E. de Benagéber,DETERMINACION FÍSICO-QUÍMICA IN SITU,CLOROFILA A,0.52,µg/L,"0,52",,Fluorescencia atómica,DISCRETA,32,9/18/2019,2,S2B_MSIL2A_20190918T105029_N0213_R051_T30TXK_20190918T135152,0.0023,0.0192,0.0259,0.0046,0.0015,0.0001,0.0001,0.0001,0.0003,0.0003,0.0062,0.0053,0,6,1,30.690536
JU06660017,-1.0992,39.7301,9/16/2019,Estación punto de presa E. de Benagéber,DETERMINACION FÍSICO-QUÍMICA IN SITU,CLOROFILA A,0.46,µg/L,"0,46",,Fluorescencia atómica,DISCRETA,43,9/18/2019,2,S2B_MSIL2A_20190918T105029_N0213_R051_T30TXK_20190918T135152,0.0023,0.0192,0.0259,0.0046,0.0015,0.0001,0.0001,0.0001,0.0003,0.0003,0.0062,0.0053,0,6,1,30.690536
JU06660017,-1.0992,39.7301,9/16/2019,Estación punto de presa E. de Benagéber,DETERMINACION FÍSICO-QUÍMICA IN SITU,CLOROFILA A,0.49,µg/L,"0,49",,Fluorescencia atómica,DISCRETA,51,9/18/2019,2,S2B_MSIL2A_20190918T105029_N0213_R051_T30TXK_20190918T135152,0.0023,0.0192,0.0259,0.0046,0.0015,0.0001,0.0001,0.0001,0.0003,0.0003,0.0062,0.0053,0,6,1,30.690536
JU06660017,-1.0992,39.7301,9/16/2019,Estación punto de presa E. de Benagéber,DETERMINACION FÍSICO-QUÍMICA IN SITU,CLOROFILA A,2.81,µg/L,"2,81",,Fluorescencia atómica,DISCRETA,1,9/18/2019,2,S2B_MSIL2A_20190918T105029_N0213_R051_T30TXK_20190918T135152,0.0023,0.0192,0.0259,0.0046,0.0015,0.0001,0.0001,0.0001,0.0003,0.0003,0.0062,0.0053,0,6,1,30.690536
JU06660017,-1.0992,39.7301,9/16/2019,Estación punto de presa E. de Benagéber,DETERMINACION FÍSICO-QUÍMICA IN SITU,CLOROFILA A,0.61,µg/L,"0,61",,Fluorescencia atómica,DISCRETA,26,9/18/2019,2,S2B_MSIL2A_20190918T105029_N0213_R051_T30TXK_20190918T135152,0.0023,0.0192,0.0259,0.0046,0.0015,0.0001,0.0001,0.0001,0.0003,0.0003,0.0062,0.0053,0,6,1,30.690536
JU06660017,-1.0992,39.7301,9/16/2019,Estación punto de presa E. de Benagéber,DETERMINACION FÍSICO-QUÍMICA IN SITU,CLOROFILA A,0.52,µg/L,"0,52",,Fluorescencia atómica,DISCRETA,39,9/18/2019,2,S2B_MSIL2A_20190918T105029_N0213_R051_T30TXK_20190918T135152,0.0023,0.0192,0.0259,0.0046,0.0015,0.0001,0.0001,0.0001,0.0003,0.0003,0.0062,0.0053,0,6,1,30.690536
JU06660017,-1.0992,39.7301,9/16/2019,Estación punto de presa E. de Benagéber,DETERMINACION FÍSICO-QUÍMICA IN SITU,CLOROFILA A,0.56,µg/L,"0,56",,Fluorescencia atómica,DISCRETA,40,9/18/2019,2,S2B_MSIL2A_20190918T105029_N0213_R051_T30TXK_20190918T135152,0.0023,0.0192,0.0259,0.0046,0.0015,0.0001,0.0001,0.0001,0.0003,0.0003,0.0062,0.0053,0,6,1,30.690536
JU06660017,-1.0992,39.7301,9/16/2019,Estación punto de presa E. de Benagéber,DETERMINACION FÍSICO-QUÍMICA IN SITU,CLOROFILA A,0.51,µg/L,"0,51",,Fluorescencia atómica,DISCRETA,48,9/18/2019,2,S2B_MSIL2A_20190918T105029_N0213_R051_T30TXK_20190918T135152,0.0023,0.0192,0.0259,0.0046,0.0015,0.0001,0.0001,0.0001,0.0003,0.0003,0.0062,0.0053,0,6,1,30.690536
JU06660017,-1.0992,39.7301,9/16/2019,Estación punto de presa E. de Benagéber,DETERMINACION FÍSICO-QUÍMICA IN SITU,CLOROFILA A,3.25,µg/L,"3,25",,Fluorescencia atómica,DISCRETA,6,9/18/2019,2,S2B_MSIL2A_20190918T105029_N0213_R051_T30TXK_20190918T135152,0.0023,0.0192,0.0259,0.0046,0.0015,0.0001,0.0001,0.0001,0.0003,0.0003,0.0062,0.0053,0,6,1,30.690536
JU06660017,-1.0992,39.7301,9/16/2019,Estación punto de presa E. de Benagéber,DETERMINACION FÍSICO-QUÍMICA IN SITU,CLOROFILA A,3.11,µg/L,"3,11",,Fluorescencia atómica,DISCRETA,9,9/18/2019,2,S2B_MSIL2A_20190918T105029_N0213_R051_T30TXK_20190918T135152,0.0023,0.0192,0.0259,0.0046,0.0015,0.0001,0.0001,0.0001,0.0003,0.0003,0.0062,0.0053,0,6,1,30.690536
JU06660017,-1.0992,39.7301,9/16/2019,Estación punto de presa E. de Benagéber,DETERMINACION FÍSICO-QUÍMICA IN SITU,CLOROFILA A,1.1,µg/L,"1,1",,Fluorescencia atómica,DISCRETA,15,9/18/2019,2,S2B_MSIL2A_20190918T105029_N0213_R051_T30TXK_20190918T135152,0.0023,0.0192,0.0259,0.0046,0.0015,0.0001,0.0001,0.0001,0.0003,0.0003,0.0062,0.0053,0,6,1,30.690536
JU06660017,-1.0992,39.7301,9/16/2019,Estación punto de presa E. de Benagéber,DETERMINACION FÍSICO-QUÍMICA IN SITU,CLOROFILA A,2.46,µg/L,"2,46",,Fluorescencia atómica,DISCRETA,0,9/18/2019,2,S2B_MSIL2A_20190918T105029_N0213_R051_T30TXK_20190918T135152,0.0023,0.0192,0.0259,0.0046,0.0015,0.0001,0.0001,0.0001,0.0003,0.0003,0.0062,0.0053,0,6,1,30.690536
JU06660017,-1.0992,39.7301,9/16/2019,Estación punto de presa E. de Benagéber,DETERMINACION FÍSICO-QUÍMICA IN SITU,CLOROFILA A,2.72,µg/L,"2,72",,Fluorescencia atómica,DISCRETA,11,9/18/2019,2,S2B_MSIL2A_20190918T105029_N0213_R051_T30TXK_20190918T135152,0.0023,0.0192,0.0259,0.0046,0.0015,0.0001,0.0001,0.0001,0.0003,0.0003,0.0062,0.0053,0,6,1,30.690536
JU06660017,-1.0992,39.7301,9/16/2019,Estación punto de presa E. de Benagéber,DETERMINACION FÍSICO-QUÍMICA IN SITU,CLOROFILA A,1.14,µg/L,"1,14",,Fluorescencia atómica,DISCRETA,13,9/18/2019,2,S2B_MSIL2A_20190918T105029_N0213_R051_T30TXK_20190918T135152,0.0023,0.0192,0.0259,0.0046,0.0015,0.0001,0.0001,0.0001,0.0003,0.0003,0.0062,0.0053,0,6,1,30.690536
JU06660017,-1.0992,39.7301,9/16/2019,Estación punto de presa E. de Benagéber,DETERMINACION FÍSICO-QUÍMICA IN SITU,CLOROFILA A,2.79,µg/L,"2,79",,Fluorescencia atómica,DISCRETA,10,9/18/2019,2,S2B_MSIL2A_20190918T105029_N0213_R051_T30TXK_20190918T135152,0.0023,0.0192,0.0259,0.0046,0.0015,0.0001,0.0001,0.0001,0.0003,0.0003,0.0062,0.0053,0,6,1,30.690536
JU06660017,-1.0992,39.7301,9/16/2019,Estación punto de presa E. de Benagéber,DETERMINACION FÍSICO-QUÍMICA IN SITU,CLOROFILA A,2.57,µg/L,"2,57",,Fluorescencia atómica,DISCRETA,12,9/18/2019,2,S2B_MSIL2A_20190918T105029_N0213_R051_T30TXK_20190918T135152,0.0023,0.0192,0.0259,0.0046,0.0015,0.0001,0.0001,0.0001,0.0003,0.0003,0.0062,0.0053,0,6,1,30.690536
JU06660017,-1.0992,39.7301,9/16/2019,Estación punto de presa E. de Benagéber,DETERMINACION FÍSICO-QUÍMICA IN SITU,CLOROFILA A,1.11,µg/L,"1,11",,Fluorescencia atómica,DISCRETA,14,9/18/2019,2,S2B_MSIL2A_20190918T105029_N0213_R051_T30TXK_20190918T135152,0.0023,0.0192,0.0259,0.0046,0.0015,0.0001,0.0001,0.0001,0.0003,0.0003,0.0062,0.0053,0,6,1,30.690536
JU06660017,-1.0992,39.7301,9/16/2019,Estación punto de presa E. de Benagéber,TOMA DE MUESTRAS PARA LABORATORIO,FOSFORO TOTAL,0,mg P/l,"<0,02",0.02,Espectofotometría de absorción molecular,INTEGRADA,-1,9/18/2019,2,S2B_MSIL2A_20190918T105029_N0213_R051_T30TXK_20190918T135152,0.0023,0.0192,0.0259,0.0046,0.0015,0.0001,0.0001,0.0001,0.0003,0.0003,0.0062,0.0053,0,6,1,30.690536
JU06660017,-1.0992,39.7301,9/16/2019,Estación punto de presa E. de Benagéber,DETERMINACION FÍSICO-QUÍMICA IN SITU,Profundidad del disco de secchi,3.5,m,,,,INTEGRADA,-1,9/18/2019,2,S2B_MSIL2A_20190918T105029_N0213_R051_T30TXK_20190918T135152,0.0023,0.0192,0.0259,0.0046,0.0015,0.0001,0.0001,0.0001,0.0003,0.0003,0.0062,0.0053,0,6,1,30.690536
JU06160014,-0.164,40.0293,9/10/2019,Estación punto de presa E. de María Cristina,DETERMINACION FÍSICO-QUÍMICA IN SITU,CLOROFILA A,1.85,µg/L,"1,85",,Fluorescencia atómica,DISCRETA,1.5,9/8/2019,2,S2B_MSIL2A_20190908T105029_N0213_R051_T30TYK_20190908T134000,0.5291,0.5877,0.5399,0.4968,0.499,0.496,0.4935,0.5556,0.4765,0.5089,0.4377,0.3566,1024,9,100,80.781254
JU06160014,-0.164,40.0293,9/10/2019,Estación punto de presa E. de María Cristina,DETERMINACION FÍSICO-QUÍMICA IN SITU,CLOROFILA A,1.65,µg/L,"1,65",,Fluorescencia atómica,DISCRETA,1,9/8/2019,2,S2B_MSIL2A_20190908T105029_N0213_R051_T30TYK_20190908T134000,0.5291,0.5877,0.5399,0.4968,0.499,0.496,0.4935,0.5556,0.4765,0.5089,0.4377,0.3566,1024,9,100,80.781254
JU06160014,-0.164,40.0293,9/10/2019,Estación punto de presa E. de María Cristina,DETERMINACION FÍSICO-QUÍMICA IN SITU,CLOROFILA A,3.46,µg/L,"3,46",,Fluorescencia atómica,DISCRETA,5.5,9/8/2019,2,S2B_MSIL2A_20190908T105029_N0213_R051_T30TYK_20190908T134000,0.5291,0.5877,0.5399,0.4968,0.499,0.496,0.4935,0.5556,0.4765,0.5089,0.4377,0.3566,1024,9,100,80.781254
JU06160014,-0.164,40.0293,9/10/2019,Estación punto de presa E. de María Cristina,DETERMINACION FÍSICO-QUÍMICA IN SITU,CLOROFILA A,1.97,µg/L,"1,97",,Fluorescencia atómica,DISCRETA,3,9/8/2019,2,S2B_MSIL2A_20190908T105029_N0213_R051_T30TYK_20190908T134000,0.5291,0.5877,0.5399,0.4968,0.499,0.496,0.4935,0.5556,0.4765,0.5089,0.4377,0.3566,1024,9,100,80.781254
JU06160014,-0.164,40.0293,9/10/2019,Estación punto de presa E. de María Cristina,DETERMINACION FÍSICO-QUÍMICA IN SITU,CLOROFILA A,1.98,µg/L,"1,98",,Fluorescencia atómica,DISCRETA,4,9/8/2019,2,S2B_MSIL2A_20190908T105029_N0213_R051_T30TYK_20190908T134000,0.5291,0.5877,0.5399,0.4968,0.499,0.496,0.4935,0.5556,0.4765,0.5089,0.4377,0.3566,1024,9,100,80.781254
JU06160014,-0.164,40.0293,9/10/2019,Estación punto de presa E. de María Cristina,Fitoplancton,CLOROFILA A,0,µg/L,<1,1,Espectofotometría de absorción molecular,INTEGRADA,-1,9/8/2019,2,S2B_MSIL2A_20190908T105029_N0213_R051_T30TYK_20190908T134000,0.5291,0.5877,0.5399,0.4968,0.499,0.496,0.4935,0.5556,0.4765,0.5089,0.4377,0.3566,1024,9,100,80.781254
JU06160014,-0.164,40.0293,9/10/2019,Estación punto de presa E. de María Cristina,DETERMINACION FÍSICO-QUÍMICA IN SITU,CLOROFILA A,1.58,µg/L,"1,58",,Fluorescencia atómica,DISCRETA,0.5,9/8/2019,2,S2B_MSIL2A_20190908T105029_N0213_R051_T30TYK_20190908T134000,0.5291,0.5877,0.5399,0.4968,0.499,0.496,0.4935,0.5556,0.4765,0.5089,0.4377,0.3566,1024,9,100,80.781254
JU06160014,-0.164,40.0293,9/10/2019,Estación punto de presa E. de María Cristina,DETERMINACION FÍSICO-QUÍMICA IN SITU,CLOROFILA A,2.23,µg/L,"2,23",,Fluorescencia atómica,DISCRETA,2.5,9/8/2019,2,S2B_MSIL2A_20190908T105029_N0213_R051_T30TYK_20190908T134000,0.5291,0.5877,0.5399,0.4968,0.499,0.496,0.4935,0.5556,0.4765,0.5089,0.4377,0.3566,1024,9,100,80.781254
JU06160014,-0.164,40.0293,9/10/2019,Estación punto de presa E. de María Cristina,DETERMINACION FÍSICO-QUÍMICA IN SITU,CLOROFILA A,1.4,µg/L,"1,4",,Fluorescencia atómica,DISCRETA,0,9/8/2019,2,S2B_MSIL2A_20190908T105029_N0213_R051_T30TYK_20190908T134000,0.5291,0.5877,0.5399,0.4968,0.499,0.496,0.4935,0.5556,0.4765,0.5089,0.4377,0.3566,1024,9,100,80.781254
JU06160014,-0.164,40.0293,9/10/2019,Estación punto de presa E. de María Cristina,DETERMINACION FÍSICO-QUÍMICA IN SITU,CLOROFILA A,1.79,µg/L,"1,79",,Fluorescencia atómica,DISCRETA,2,9/8/2019,2,S2B_MSIL2A_20190908T105029_N0213_R051_T30TYK_20190908T134000,0.5291,0.5877,0.5399,0.4968,0.499,0.496,0.4935,0.5556,0.4765,0.5089,0.4377,0.3566,1024,9,100,80.781254
JU06160014,-0.164,40.0293,9/10/2019,Estación punto de presa E. de María Cristina,DETERMINACION FÍSICO-QUÍMICA IN SITU,CLOROFILA A,1.63,µg/L,"1,63",,Fluorescencia atómica,DISCRETA,5,9/8/2019,2,S2B_MSIL2A_20190908T105029_N0213_R051_T30TYK_20190908T134000,0.5291,0.5877,0.5399,0.4968,0.499,0.496,0.4935,0.5556,0.4765,0.5089,0.4377,0.3566,1024,9,100,80.781254
JU06160014,-0.164,40.0293,9/10/2019,Estación punto de presa E. de María Cristina,DETERMINACION FÍSICO-QUÍMICA IN SITU,CLOROFILA A,2.06,µg/L,"2,06",,Fluorescencia atómica,DISCRETA,3.5,9/8/2019,2,S2B_MSIL2A_20190908T105029_N0213_R051_T30TYK_20190908T134000,0.5291,0.5877,0.5399,0.4968,0.499,0.496,0.4935,0.5556,0.4765,0.5089,0.4377,0.3566,1024,9,100,80.781254
JU06160014,-0.164,40.0293,9/10/2019,Estación punto de presa E. de María Cristina,DETERMINACION FÍSICO-QUÍMICA IN SITU,CLOROFILA A,1.98,µg/L,"1,98",,Fluorescencia atómica,DISCRETA,4.5,9/8/2019,2,S2B_MSIL2A_20190908T105029_N0213_R051_T30TYK_20190908T134000,0.5291,0.5877,0.5399,0.4968,0.499,0.496,0.4935,0.5556,0.4765,0.5089,0.4377,0.3566,1024,9,100,80.781254
JU06160014,-0.164,40.0293,9/10/2019,Estación punto de presa E. de María Cristina,TOMA DE MUESTRAS PARA LABORATORIO,SOLIDOS EN SUSPENSION,8,mg/L,8,2,Gravimetría,INTEGRADA,-1,9/8/2019,2,S2B_MSIL2A_20190908T105029_N0213_R051_T30TYK_20190908T134000,0.5291,0.5877,0.5399,0.4968,0.499,0.496,0.4935,0.5556,0.4765,0.5089,0.4377,0.3566,1024,9,100,80.781254
JU06160014,-0.164,40.0293,9/10/2019,Estación punto de presa E. de María Cristina,TOMA DE MUESTRAS PARA LABORATORIO,FOSFORO TOTAL,0.058,mg P/l,"0,058",0.02,Espectofotometría de absorción molecular,INTEGRADA,-1,9/8/2019,2,S2B_MSIL2A_20190908T105029_N0213_R051_T30TYK_20190908T134000,0.5291,0.5877,0.5399,0.4968,0.499,0.496,0.4935,0.5556,0.4765,0.5089,0.4377,0.3566,1024,9,100,80.781254
JU06160014,-0.164,40.0293,9/10/2019,Estación punto de presa E. de María Cristina,DETERMINACION FÍSICO-QUÍMICA IN SITU,Profundidad del disco de secchi,0.5,m,,,,INTEGRADA,-1,9/8/2019,2,S2B_MSIL2A_20190908T105029_N0213_R051_T30TYK_20190908T134000,0.5291,0.5877,0.5399,0.4968,0.499,0.496,0.4935,0.5556,0.4765,0.5089,0.4377,0.3566,1024,9,100,80.781254
JU06150028,-0.2307,40.0116,7/2/2019,Estación punto de presa E. de Sitjar,DETERMINACION FÍSICO-QUÍMICA IN SITU,CLOROFILA A,0.11,µg/L,"0,11",,Fluorescencia atómica,DISCRETA,10,6/30/2019,2,S2B_MSIL2A_20190630T105039_N0212_R051_T30TYK_20190630T133617,0.0625,0.0911,0.0914,0.05,0.0454,0.0379,0.0386,0.043,0.0366,0.0283,0.0467,0.0402,0,6,2,0.1884
JU06150028,-0.2307,40.0116,7/2/2019,Estación punto de presa E. de Sitjar,DETERMINACION FÍSICO-QUÍMICA IN SITU,CLOROFILA A,0,µg/L,"<0,03",0.029999999,Fluorescencia atómica,DISCRETA,23,6/30/2019,2,S2B_MSIL2A_20190630T105039_N0212_R051_T30TYK_20190630T133617,0.0625,0.0911,0.0914,0.05,0.0454,0.0379,0.0386,0.043,0.0366,0.0283,0.0467,0.0402,0,6,2,0.1884
JU06150028,-0.2307,40.0116,7/2/2019,Estación punto de presa E. de Sitjar,DETERMINACION FÍSICO-QUÍMICA IN SITU,CLOROFILA A,0,µg/L,"<0,03",0.029999999,Fluorescencia atómica,DISCRETA,4,6/30/2019,2,S2B_MSIL2A_20190630T105039_N0212_R051_T30TYK_20190630T133617,0.0625,0.0911,0.0914,0.05,0.0454,0.0379,0.0386,0.043,0.0366,0.0283,0.0467,0.0402,0,6,2,0.1884
JU06150028,-0.2307,40.0116,7/2/2019,Estación punto de presa E. de Sitjar,DETERMINACION FÍSICO-QUÍMICA IN SITU,CLOROFILA A,0.2,µg/L,"0,2",,Fluorescencia atómica,DISCRETA,13,6/30/2019,2,S2B_MSIL2A_20190630T105039_N0212_R051_T30TYK_20190630T133617,0.0625,0.0911,0.0914,0.05,0.0454,0.0379,0.0386,0.043,0.0366,0.0283,0.0467,0.0402,0,6,2,0.1884
JU06150028,-0.2307,40.0116,7/2/2019,Estación punto de presa E. de Sitjar,DETERMINACION FÍSICO-QUÍMICA IN SITU,CLOROFILA A,0.55,µg/L,"0,55",,Fluorescencia atómica,DISCRETA,16,6/30/2019,2,S2B_MSIL2A_20190630T105039_N0212_R051_T30TYK_20190630T133617,0.0625,0.0911,0.0914,0.05,0.0454,0.0379,0.0386,0.043,0.0366,0.0283,0.0467,0.0402,0,6,2,0.1884
JU06150028,-0.2307,40.0116,7/2/2019,Estación punto de presa E. de Sitjar,DETERMINACION FÍSICO-QUÍMICA IN SITU,CLOROFILA A,0.5,µg/L,"0,5",,Fluorescencia atómica,DISCRETA,17,6/30/2019,2,S2B_MSIL2A_20190630T105039_N0212_R051_T30TYK_20190630T133617,0.0625,0.0911,0.0914,0.05,0.0454,0.0379,0.0386,0.043,0.0366,0.0283,0.0467,0.0402,0,6,2,0.1884
JU06150028,-0.2307,40.0116,7/2/2019,Estación punto de presa E. de Sitjar,DETERMINACION FÍSICO-QUÍMICA IN SITU,CLOROFILA A,0.25,µg/L,"0,25",,Fluorescencia atómica,DISCRETA,19,6/30/2019,2,S2B_MSIL2A_20190630T105039_N0212_R051_T30TYK_20190630T133617,0.0625,0.0911,0.0914,0.05,0.0454,0.0379,0.0386,0.043,0.0366,0.0283,0.0467,0.0402,0,6,2,0.1884
JU06150028,-0.2307,40.0116,7/2/2019,Estación punto de presa E. de Sitjar,DETERMINACION FÍSICO-QUÍMICA IN SITU,CLOROFILA A,0,µg/L,"<0,03",0.029999999,Fluorescencia atómica,DISCRETA,25,6/30/2019,2,S2B_MSIL2A_20190630T105039_N0212_R051_T30TYK_20190630T133617,0.0625,0.0911,0.0914,0.05,0.0454,0.0379,0.0386,0.043,0.0366,0.0283,0.0467,0.0402,0,6,2,0.1884
JU06150028,-0.2307,40.0116,7/2/2019,Estación punto de presa E. de Sitjar,DETERMINACION FÍSICO-QUÍMICA IN SITU,CLOROFILA A,0.05,µg/L,"0,05",,Fluorescencia atómica,DISCRETA,8,6/30/2019,2,S2B_MSIL2A_20190630T105039_N0212_R051_T30TYK_20190630T133617,0.0625,0.0911,0.0914,0.05,0.0454,0.0379,0.0386,0.043,0.0366,0.0283,0.0467,0.0402,0,6,2,0.1884
JU06150028,-0.2307,40.0116,7/2/2019,Estación punto de presa E. de Sitjar,DETERMINACION FÍSICO-QUÍMICA IN SITU,CLOROFILA A,0.26,µg/L,"0,26",,Fluorescencia atómica,DISCRETA,12,6/30/2019,2,S2B_MSIL2A_20190630T105039_N0212_R051_T30TYK_20190630T133617,0.0625,0.0911,0.0914,0.05,0.0454,0.0379,0.0386,0.043,0.0366,0.0283,0.0467,0.0402,0,6,2,0.1884
JU06150028,-0.2307,40.0116,7/2/2019,Estación punto de presa E. de Sitjar,DETERMINACION FÍSICO-QUÍMICA IN SITU,CLOROFILA A,0.34,µg/L,"0,34",,Fluorescencia atómica,DISCRETA,15,6/30/2019,2,S2B_MSIL2A_20190630T105039_N0212_R051_T30TYK_20190630T133617,0.0625,0.0911,0.0914,0.05,0.0454,0.0379,0.0386,0.043,0.0366,0.0283,0.0467,0.0402,0,6,2,0.1884
JU06150028,-0.2307,40.0116,7/2/2019,Estación punto de presa E. de Sitjar,DETERMINACION FÍSICO-QUÍMICA IN SITU,CLOROFILA A,0,µg/L,"<0,03",0.029999999,Fluorescencia atómica,DISCRETA,1,6/30/2019,2,S2B_MSIL2A_20190630T105039_N0212_R051_T30TYK_20190630T133617,0.0625,0.0911,0.0914,0.05,0.0454,0.0379,0.0386,0.043,0.0366,0.0283,0.0467,0.0402,0,6,2,0.1884
JU06150028,-0.2307,40.0116,7/2/2019,Estación punto de presa E. de Sitjar,Fitoplancton,CLOROFILA A,0,µg/L,<1,1,Espectofotometría de absorción molecular,INTEGRADA,-1,6/30/2019,2,S2B_MSIL2A_20190630T105039_N0212_R051_T30TYK_20190630T133617,0.0625,0.0911,0.0914,0.05,0.0454,0.0379,0.0386,0.043,0.0366,0.0283,0.0467,0.0402,0,6,2,0.1884
JU06150028,-0.2307,40.0116,7/2/2019,Estación punto de presa E. de Sitjar,DETERMINACION FÍSICO-QUÍMICA IN SITU,CLOROFILA A,0.04,µg/L,"0,04",,Fluorescencia atómica,DISCRETA,9,6/30/2019,2,S2B_MSIL2A_20190630T105039_N0212_R051_T30TYK_20190630T133617,0.0625,0.0911,0.0914,0.05,0.0454,0.0379,0.0386,0.043,0.0366,0.0283,0.0467,0.0402,0,6,2,0.1884
JU06150028,-0.2307,40.0116,7/2/2019,Estación punto de presa E. de Sitjar,DETERMINACION FÍSICO-QUÍMICA IN SITU,CLOROFILA A,0,µg/L,"<0,03",0.029999999,Fluorescencia atómica,DISCRETA,22,6/30/2019,2,S2B_MSIL2A_20190630T105039_N0212_R051_T30TYK_20190630T133617,0.0625,0.0911,0.0914,0.05,0.0454,0.0379,0.0386,0.043,0.0366,0.0283,0.0467,0.0402,0,6,2,0.1884
JU06150028,-0.2307,40.0116,7/2/2019,Estación punto de presa E. de Sitjar,DETERMINACION FÍSICO-QUÍMICA IN SITU,CLOROFILA A,0,µg/L,"<0,03",0.029999999,Fluorescencia atómica,DISCRETA,3,6/30/2019,2,S2B_MSIL2A_20190630T105039_N0212_R051_T30TYK_20190630T133617,0.0625,0.0911,0.0914,0.05,0.0454,0.0379,0.0386,0.043,0.0366,0.0283,0.0467,0.0402,0,6,2,0.1884
JU06150028,-0.2307,40.0116,7/2/2019,Estación punto de presa E. de Sitjar,DETERMINACION FÍSICO-QUÍMICA IN SITU,CLOROFILA A,0.23,µg/L,"0,23",,Fluorescencia atómica,DISCRETA,11,6/30/2019,2,S2B_MSIL2A_20190630T105039_N0212_R051_T30TYK_20190630T133617,0.0625,0.0911,0.0914,0.05,0.0454,0.0379,0.0386,0.043,0.0366,0.0283,0.0467,0.0402,0,6,2,0.1884
JU06150028,-0.2307,40.0116,7/2/2019,Estación punto de presa E. de Sitjar,DETERMINACION FÍSICO-QUÍMICA IN SITU,CLOROFILA A,0,µg/L,"<0,03",0.029999999,Fluorescencia atómica,DISCRETA,20,6/30/2019,2,S2B_MSIL2A_20190630T105039_N0212_R051_T30TYK_20190630T133617,0.0625,0.0911,0.0914,0.05,0.0454,0.0379,0.0386,0.043,0.0366,0.0283,0.0467,0.0402,0,6,2,0.1884
JU06150028,-0.2307,40.0116,7/2/2019,Estación punto de presa E. de Sitjar,DETERMINACION FÍSICO-QUÍMICA IN SITU,CLOROFILA A,0,µg/L,"<0,03",0.029999999,Fluorescencia atómica,DISCRETA,24,6/30/2019,2,S2B_MSIL2A_20190630T105039_N0212_R051_T30TYK_20190630T133617,0.0625,0.0911,0.0914,0.05,0.0454,0.0379,0.0386,0.043,0.0366,0.0283,0.0467,0.0402,0,6,2,0.1884
JU06150028,-0.2307,40.0116,7/2/2019,Estación punto de presa E. de Sitjar,DETERMINACION FÍSICO-QUÍMICA IN SITU,CLOROFILA A,0,µg/L,"<0,03",0.029999999,Fluorescencia atómica,DISCRETA,26,6/30/2019,2,S2B_MSIL2A_20190630T105039_N0212_R051_T30TYK_20190630T133617,0.0625,0.0911,0.0914,0.05,0.0454,0.0379,0.0386,0.043,0.0366,0.0283,0.0467,0.0402,0,6,2,0.1884
JU06150028,-0.2307,40.0116,7/2/2019,Estación punto de presa E. de Sitjar,DETERMINACION FÍSICO-QUÍMICA IN SITU,CLOROFILA A,0,µg/L,"<0,03",0.029999999,Fluorescencia atómica,DISCRETA,0,6/30/2019,2,S2B_MSIL2A_20190630T105039_N0212_R051_T30TYK_20190630T133617,0.0625,0.0911,0.0914,0.05,0.0454,0.0379,0.0386,0.043,0.0366,0.0283,0.0467,0.0402,0,6,2,0.1884
JU06150028,-0.2307,40.0116,7/2/2019,Estación punto de presa E. de Sitjar,DETERMINACION FÍSICO-QUÍMICA IN SITU,CLOROFILA A,0.26,µg/L,"0,26",,Fluorescencia atómica,DISCRETA,14,6/30/2019,2,S2B_MSIL2A_20190630T105039_N0212_R051_T30TYK_20190630T133617,0.0625,0.0911,0.0914,0.05,0.0454,0.0379,0.0386,0.043,0.0366,0.0283,0.0467,0.0402,0,6,2,0.1884
JU06150028,-0.2307,40.0116,7/2/2019,Estación punto de presa E. de Sitjar,DETERMINACION FÍSICO-QUÍMICA IN SITU,CLOROFILA A,0.46,µg/L,"0,46",,Fluorescencia atómica,DISCRETA,18,6/30/2019,2,S2B_MSIL2A_20190630T105039_N0212_R051_T30TYK_20190630T133617,0.0625,0.0911,0.0914,0.05,0.0454,0.0379,0.0386,0.043,0.0366,0.0283,0.0467,0.0402,0,6,2,0.1884
JU06150028,-0.2307,40.0116,7/2/2019,Estación punto de presa E. de Sitjar,DETERMINACION FÍSICO-QUÍMICA IN SITU,CLOROFILA A,0,µg/L,"<0,03",0.029999999,Fluorescencia atómica,DISCRETA,21,6/30/2019,2,S2B_MSIL2A_20190630T105039_N0212_R051_T30TYK_20190630T133617,0.0625,0.0911,0.0914,0.05,0.0454,0.0379,0.0386,0.043,0.0366,0.0283,0.0467,0.0402,0,6,2,0.1884
JU06150028,-0.2307,40.0116,7/2/2019,Estación punto de presa E. de Sitjar,DETERMINACION FÍSICO-QUÍMICA IN SITU,CLOROFILA A,0,µg/L,"<0,03",0.029999999,Fluorescencia atómica,DISCRETA,2,6/30/2019,2,S2B_MSIL2A_20190630T105039_N0212_R051_T30TYK_20190630T133617,0.0625,0.0911,0.0914,0.05,0.0454,0.0379,0.0386,0.043,0.0366,0.0283,0.0467,0.0402,0,6,2,0.1884
JU06150028,-0.2307,40.0116,7/2/2019,Estación punto de presa E. de Sitjar,TOMA DE MUESTRAS PARA LABORATORIO,SOLIDOS EN SUSPENSION,2.6,mg/L,"2,6",2,Gravimetría,INTEGRADA,-1,6/30/2019,2,S2B_MSIL2A_20190630T105039_N0212_R051_T30TYK_20190630T133617,0.0625,0.0911,0.0914,0.05,0.0454,0.0379,0.0386,0.043,0.0366,0.0283,0.0467,0.0402,0,6,2,0.1884
JU06150028,-0.2307,40.0116,7/2/2019,Estación punto de presa E. de Sitjar,DETERMINACION FÍSICO-QUÍMICA IN SITU,CLOROFILA A,0,µg/L,"<0,03",0.029999999,Fluorescencia atómica,DISCRETA,27,6/30/2019,2,S2B_MSIL2A_20190630T105039_N0212_R051_T30TYK_20190630T133617,0.0625,0.0911,0.0914,0.05,0.0454,0.0379,0.0386,0.043,0.0366,0.0283,0.0467,0.0402,0,6,2,0.1884
JU06150028,-0.2307,40.0116,7/2/2019,Estación punto de presa E. de Sitjar,DETERMINACION FÍSICO-QUÍMICA IN SITU,CLOROFILA A,1.67,µg/L,"1,67",,Fluorescencia atómica,DISCRETA,28,6/30/2019,2,S2B_MSIL2A_20190630T105039_N0212_R051_T30TYK_20190630T133617,0.0625,0.0911,0.0914,0.05,0.0454,0.0379,0.0386,0.043,0.0366,0.0283,0.0467,0.0402,0,6,2,0.1884
JU06150028,-0.2307,40.0116,7/2/2019,Estación punto de presa E. de Sitjar,DETERMINACION FÍSICO-QUÍMICA IN SITU,CLOROFILA A,0,µg/L,"<0,03",0.029999999,Fluorescencia atómica,DISCRETA,5,6/30/2019,2,S2B_MSIL2A_20190630T105039_N0212_R051_T30TYK_20190630T133617,0.0625,0.0911,0.0914,0.05,0.0454,0.0379,0.0386,0.043,0.0366,0.0283,0.0467,0.0402,0,6,2,0.1884
JU06150028,-0.2307,40.0116,7/2/2019,Estación punto de presa E. de Sitjar,DETERMINACION FÍSICO-QUÍMICA IN SITU,CLOROFILA A,0,µg/L,"<0,03",0.029999999,Fluorescencia atómica,DISCRETA,7,6/30/2019,2,S2B_MSIL2A_20190630T105039_N0212_R051_T30TYK_20190630T133617,0.0625,0.0911,0.0914,0.05,0.0454,0.0379,0.0386,0.043,0.0366,0.0283,0.0467,0.0402,0,6,2,0.1884
JU06150028,-0.2307,40.0116,7/2/2019,Estación punto de presa E. de Sitjar,DETERMINACION FÍSICO-QUÍMICA IN SITU,CLOROFILA A,0,µg/L,"<0,03",0.029999999,Fluorescencia atómica,DISCRETA,6,6/30/2019,2,S2B_MSIL2A_20190630T105039_N0212_R051_T30TYK_20190630T133617,0.0625,0.0911,0.0914,0.05,0.0454,0.0379,0.0386,0.043,0.0366,0.0283,0.0467,0.0402,0,6,2,0.1884
JU06150028,-0.2307,40.0116,7/2/2019,Estación punto de presa E. de Sitjar,TOMA DE MUESTRAS PARA LABORATORIO,FOSFORO TOTAL,0.02,mg P/l,"0,02",0.02,Espectofotometría de absorción molecular,INTEGRADA,-1,6/30/2019,2,S2B_MSIL2A_20190630T105039_N0212_R051_T30TYK_20190630T133617,0.0625,0.0911,0.0914,0.05,0.0454,0.0379,0.0386,0.043,0.0366,0.0283,0.0467,0.0402,0,6,2,0.1884
JU06150028,-0.2307,40.0116,7/2/2019,Estación punto de presa E. de Sitjar,DETERMINACION FÍSICO-QUÍMICA IN SITU,Profundidad del disco de secchi,3.5,m,,,,INTEGRADA,-1,6/30/2019,2,S2B_MSIL2A_20190630T105039_N0212_R051_T30TYK_20190630T133617,0.0625,0.0911,0.0914,0.05,0.0454,0.0379,0.0386,0.043,0.0366,0.0283,0.0467,0.0402,0,6,2,0.1884
JU06660017,-1.0992,39.7301,6/17/2019,Estación punto de presa E. de Benagéber,DETERMINACION FÍSICO-QUÍMICA IN SITU,CLOROFILA A,0.5,µg/L,"0,5",,Fluorescencia atómica,DISCRETA,12,6/15/2019,2,S2A_MSIL2A_20190615T105031_N0212_R051_T30SXJ_20190615T121337,0.0478,0.0449,0.0448,0.0348,0.0351,0.0309,0.0305,0.0296,0.0308,0.03,0.0357,0.0304,0,6,5,0.141236
JU06660017,-1.0992,39.7301,6/17/2019,Estación punto de presa E. de Benagéber,DETERMINACION FÍSICO-QUÍMICA IN SITU,CLOROFILA A,0.28,µg/L,"0,28",,Fluorescencia atómica,DISCRETA,32,6/15/2019,2,S2A_MSIL2A_20190615T105031_N0212_R051_T30SXJ_20190615T121337,0.0478,0.0449,0.0448,0.0348,0.0351,0.0309,0.0305,0.0296,0.0308,0.03,0.0357,0.0304,0,6,5,0.141236
JU06660017,-1.0992,39.7301,6/17/2019,Estación punto de presa E. de Benagéber,DETERMINACION FÍSICO-QUÍMICA IN SITU,CLOROFILA A,0.26,µg/L,"0,26",,Fluorescencia atómica,DISCRETA,37,6/15/2019,2,S2A_MSIL2A_20190615T105031_N0212_R051_T30SXJ_20190615T121337,0.0478,0.0449,0.0448,0.0348,0.0351,0.0309,0.0305,0.0296,0.0308,0.03,0.0357,0.0304,0,6,5,0.141236
JU06660017,-1.0992,39.7301,6/17/2019,Estación punto de presa E. de Benagéber,DETERMINACION FÍSICO-QUÍMICA IN SITU,CLOROFILA A,0.06,µg/L,"0,06",,Fluorescencia atómica,DISCRETA,48,6/15/2019,2,S2A_MSIL2A_20190615T105031_N0212_R051_T30SXJ_20190615T121337,0.0478,0.0449,0.0448,0.0348,0.0351,0.0309,0.0305,0.0296,0.0308,0.03,0.0357,0.0304,0,6,5,0.141236
JU06660017,-1.0992,39.7301,6/17/2019,Estación punto de presa E. de Benagéber,DETERMINACION FÍSICO-QUÍMICA IN SITU,CLOROFILA A,0,µg/L,"<0,03",0.029999999,Fluorescencia atómica,DISCRETA,49,6/15/2019,2,S2A_MSIL2A_20190615T105031_N0212_R051_T30SXJ_20190615T121337,0.0478,0.0449,0.0448,0.0348,0.0351,0.0309,0.0305,0.0296,0.0308,0.03,0.0357,0.0304,0,6,5,0.141236
JU06660017,-1.0992,39.7301,6/17/2019,Estación punto de presa E. de Benagéber,DETERMINACION FÍSICO-QUÍMICA IN SITU,CLOROFILA A,0.49,µg/L,"0,49",,Fluorescencia atómica,DISCRETA,13,6/15/2019,2,S2A_MSIL2A_20190615T105031_N0212_R051_T30SXJ_20190615T121337,0.0478,0.0449,0.0448,0.0348,0.0351,0.0309,0.0305,0.0296,0.0308,0.03,0.0357,0.0304,0,6,5,0.141236
JU06660017,-1.0992,39.7301,6/17/2019,Estación punto de presa E. de Benagéber,DETERMINACION FÍSICO-QUÍMICA IN SITU,CLOROFILA A,0.43,µg/L,"0,43",,Fluorescencia atómica,DISCRETA,19,6/15/2019,2,S2A_MSIL2A_20190615T105031_N0212_R051_T30SXJ_20190615T121337,0.0478,0.0449,0.0448,0.0348,0.0351,0.0309,0.0305,0.0296,0.0308,0.03,0.0357,0.0304,0,6,5,0.141236
JU06660017,-1.0992,39.7301,6/17/2019,Estación punto de presa E. de Benagéber,DETERMINACION FÍSICO-QUÍMICA IN SITU,CLOROFILA A,0.94,µg/L,"0,94",,Fluorescencia atómica,DISCRETA,0,6/15/2019,2,S2A_MSIL2A_20190615T105031_N0212_R051_T30SXJ_20190615T121337,0.0478,0.0449,0.0448,0.0348,0.0351,0.0309,0.0305,0.0296,0.0308,0.03,0.0357,0.0304,0,6,5,0.141236
JU06660017,-1.0992,39.7301,6/17/2019,Estación punto de presa E. de Benagéber,DETERMINACION FÍSICO-QUÍMICA IN SITU,CLOROFILA A,0.45,µg/L,"0,45",,Fluorescencia atómica,DISCRETA,10,6/15/2019,2,S2A_MSIL2A_20190615T105031_N0212_R051_T30SXJ_20190615T121337,0.0478,0.0449,0.0448,0.0348,0.0351,0.0309,0.0305,0.0296,0.0308,0.03,0.0357,0.0304,0,6,5,0.141236
JU06660017,-1.0992,39.7301,6/17/2019,Estación punto de presa E. de Benagéber,DETERMINACION FÍSICO-QUÍMICA IN SITU,CLOROFILA A,0.51,µg/L,"0,51",,Fluorescencia atómica,DISCRETA,11,6/15/2019,2,S2A_MSIL2A_20190615T105031_N0212_R051_T30SXJ_20190615T121337,0.0478,0.0449,0.0448,0.0348,0.0351,0.0309,0.0305,0.0296,0.0308,0.03,0.0357,0.0304,0,6,5,0.141236
JU06660017,-1.0992,39.7301,6/17/2019,Estación punto de presa E. de Benagéber,Fitoplancton,CLOROFILA A,0,µg/L,<1,1,Espectofotometría de absorción molecular,INTEGRADA,-1,6/15/2019,2,S2A_MSIL2A_20190615T105031_N0212_R051_T30SXJ_20190615T121337,0.0478,0.0449,0.0448,0.0348,0.0351,0.0309,0.0305,0.0296,0.0308,0.03,0.0357,0.0304,0,6,5,0.141236
JU06660017,-1.0992,39.7301,6/17/2019,Estación punto de presa E. de Benagéber,DETERMINACION FÍSICO-QUÍMICA IN SITU,CLOROFILA A,0.42,µg/L,"0,42",,Fluorescencia atómica,DISCRETA,21,6/15/2019,2,S2A_MSIL2A_20190615T105031_N0212_R051_T30SXJ_20190615T121337,0.0478,0.0449,0.0448,0.0348,0.0351,0.0309,0.0305,0.0296,0.0308,0.03,0.0357,0.0304,0,6,5,0.141236
JU06660017,-1.0992,39.7301,6/17/2019,Estación punto de presa E. de Benagéber,DETERMINACION FÍSICO-QUÍMICA IN SITU,CLOROFILA A,0.35,µg/L,"0,35",,Fluorescencia atómica,DISCRETA,28,6/15/2019,2,S2A_MSIL2A_20190615T105031_N0212_R051_T30SXJ_20190615T121337,0.0478,0.0449,0.0448,0.0348,0.0351,0.0309,0.0305,0.0296,0.0308,0.03,0.0357,0.0304,0,6,5,0.141236
JU06660017,-1.0992,39.7301,6/17/2019,Estación punto de presa E. de Benagéber,DETERMINACION FÍSICO-QUÍMICA IN SITU,CLOROFILA A,0.09,µg/L,"0,09",,Fluorescencia atómica,DISCRETA,2,6/15/2019,2,S2A_MSIL2A_20190615T105031_N0212_R051_T30SXJ_20190615T121337,0.0478,0.0449,0.0448,0.0348,0.0351,0.0309,0.0305,0.0296,0.0308,0.03,0.0357,0.0304,0,6,5,0.141236
JU06660017,-1.0992,39.7301,6/17/2019,Estación punto de presa E. de Benagéber,DETERMINACION FÍSICO-QUÍMICA IN SITU,CLOROFILA A,0.35,µg/L,"0,35",,Fluorescencia atómica,DISCRETA,31,6/15/2019,2,S2A_MSIL2A_20190615T105031_N0212_R051_T30SXJ_20190615T121337,0.0478,0.0449,0.0448,0.0348,0.0351,0.0309,0.0305,0.0296,0.0308,0.03,0.0357,0.0304,0,6,5,0.141236
JU06660017,-1.0992,39.7301,6/17/2019,Estación punto de presa E. de Benagéber,DETERMINACION FÍSICO-QUÍMICA IN SITU,CLOROFILA A,0.06,µg/L,"0,06",,Fluorescencia atómica,DISCRETA,3,6/15/2019,2,S2A_MSIL2A_20190615T105031_N0212_R051_T30SXJ_20190615T121337,0.0478,0.0449,0.0448,0.0348,0.0351,0.0309,0.0305,0.0296,0.0308,0.03,0.0357,0.0304,0,6,5,0.141236
JU06660017,-1.0992,39.7301,6/17/2019,Estación punto de presa E. de Benagéber,DETERMINACION FÍSICO-QUÍMICA IN SITU,CLOROFILA A,0.28,µg/L,"0,28",,Fluorescencia atómica,DISCRETA,40,6/15/2019,2,S2A_MSIL2A_20190615T105031_N0212_R051_T30SXJ_20190615T121337,0.0478,0.0449,0.0448,0.0348,0.0351,0.0309,0.0305,0.0296,0.0308,0.03,0.0357,0.0304,0,6,5,0.141236
JU06660017,-1.0992,39.7301,6/17/2019,Estación punto de presa E. de Benagéber,DETERMINACION FÍSICO-QUÍMICA IN SITU,CLOROFILA A,0.06,µg/L,"0,06",,Fluorescencia atómica,DISCRETA,47,6/15/2019,2,S2A_MSIL2A_20190615T105031_N0212_R051_T30SXJ_20190615T121337,0.0478,0.0449,0.0448,0.0348,0.0351,0.0309,0.0305,0.0296,0.0308,0.03,0.0357,0.0304,0,6,5,0.141236
JU06660017,-1.0992,39.7301,6/17/2019,Estación punto de presa E. de Benagéber,DETERMINACION FÍSICO-QUÍMICA IN SITU,CLOROFILA A,0.36,µg/L,"0,36",,Fluorescencia atómica,DISCRETA,52,6/15/2019,2,S2A_MSIL2A_20190615T105031_N0212_R051_T30SXJ_20190615T121337,0.0478,0.0449,0.0448,0.0348,0.0351,0.0309,0.0305,0.0296,0.0308,0.03,0.0357,0.0304,0,6,5,0.141236
JU06660017,-1.0992,39.7301,6/17/2019,Estación punto de presa E. de Benagéber,DETERMINACION FÍSICO-QUÍMICA IN SITU,CLOROFILA A,0.43,µg/L,"0,43",,Fluorescencia atómica,DISCRETA,27,6/15/2019,2,S2A_MSIL2A_20190615T105031_N0212_R051_T30SXJ_20190615T121337,0.0478,0.0449,0.0448,0.0348,0.0351,0.0309,0.0305,0.0296,0.0308,0.03,0.0357,0.0304,0,6,5,0.141236
JU06660017,-1.0992,39.7301,6/17/2019,Estación punto de presa E. de Benagéber,DETERMINACION FÍSICO-QUÍMICA IN SITU,CLOROFILA A,0,µg/L,"<0,03",0.029999999,Fluorescencia atómica,DISCRETA,50,6/15/2019,2,S2A_MSIL2A_20190615T105031_N0212_R051_T30SXJ_20190615T121337,0.0478,0.0449,0.0448,0.0348,0.0351,0.0309,0.0305,0.0296,0.0308,0.03,0.0357,0.0304,0,6,5,0.141236
JU06660017,-1.0992,39.7301,6/17/2019,Estación punto de presa E. de Benagéber,DETERMINACION FÍSICO-QUÍMICA IN SITU,CLOROFILA A,0.41,µg/L,"0,41",,Fluorescencia atómica,DISCRETA,20,6/15/2019,2,S2A_MSIL2A_20190615T105031_N0212_R051_T30SXJ_20190615T121337,0.0478,0.0449,0.0448,0.0348,0.0351,0.0309,0.0305,0.0296,0.0308,0.03,0.0357,0.0304,0,6,5,0.141236
JU06660017,-1.0992,39.7301,6/17/2019,Estación punto de presa E. de Benagéber,DETERMINACION FÍSICO-QUÍMICA IN SITU,CLOROFILA A,0.31,µg/L,"0,31",,Fluorescencia atómica,DISCRETA,38,6/15/2019,2,S2A_MSIL2A_20190615T105031_N0212_R051_T30SXJ_20190615T121337,0.0478,0.0449,0.0448,0.0348,0.0351,0.0309,0.0305,0.0296,0.0308,0.03,0.0357,0.0304,0,6,5,0.141236
JU06660017,-1.0992,39.7301,6/17/2019,Estación punto de presa E. de Benagéber,DETERMINACION FÍSICO-QUÍMICA IN SITU,CLOROFILA A,0.1,µg/L,"0,1",,Fluorescencia atómica,DISCRETA,46,6/15/2019,2,S2A_MSIL2A_20190615T105031_N0212_R051_T30SXJ_20190615T121337,0.0478,0.0449,0.0448,0.0348,0.0351,0.0309,0.0305,0.0296,0.0308,0.03,0.0357,0.0304,0,6,5,0.141236
JU06660017,-1.0992,39.7301,6/17/2019,Estación punto de presa E. de Benagéber,DETERMINACION FÍSICO-QUÍMICA IN SITU,CLOROFILA A,0.45,µg/L,"0,45",,Fluorescencia atómica,DISCRETA,15,6/15/2019,2,S2A_MSIL2A_20190615T105031_N0212_R051_T30SXJ_20190615T121337,0.0478,0.0449,0.0448,0.0348,0.0351,0.0309,0.0305,0.0296,0.0308,0.03,0.0357,0.0304,0,6,5,0.141236
JU06660017,-1.0992,39.7301,6/17/2019,Estación punto de presa E. de Benagéber,DETERMINACION FÍSICO-QUÍMICA IN SITU,CLOROFILA A,0.4,µg/L,"0,4",,Fluorescencia atómica,DISCRETA,16,6/15/2019,2,S2A_MSIL2A_20190615T105031_N0212_R051_T30SXJ_20190615T121337,0.0478,0.0449,0.0448,0.0348,0.0351,0.0309,0.0305,0.0296,0.0308,0.03,0.0357,0.0304,0,6,5,0.141236
JU06660017,-1.0992,39.7301,6/17/2019,Estación punto de presa E. de Benagéber,DETERMINACION FÍSICO-QUÍMICA IN SITU,CLOROFILA A,0.05,µg/L,"0,05",,Fluorescencia atómica,DISCRETA,1,6/15/2019,2,S2A_MSIL2A_20190615T105031_N0212_R051_T30SXJ_20190615T121337,0.0478,0.0449,0.0448,0.0348,0.0351,0.0309,0.0305,0.0296,0.0308,0.03,0.0357,0.0304,0,6,5,0.141236
JU06660017,-1.0992,39.7301,6/17/2019,Estación punto de presa E. de Benagéber,DETERMINACION FÍSICO-QUÍMICA IN SITU,CLOROFILA A,0.32,µg/L,"0,32",,Fluorescencia atómica,DISCRETA,34,6/15/2019,2,S2A_MSIL2A_20190615T105031_N0212_R051_T30SXJ_20190615T121337,0.0478,0.0449,0.0448,0.0348,0.0351,0.0309,0.0305,0.0296,0.0308,0.03,0.0357,0.0304,0,6,5,0.141236
JU06660017,-1.0992,39.7301,6/17/2019,Estación punto de presa E. de Benagéber,DETERMINACION FÍSICO-QUÍMICA IN SITU,CLOROFILA A,0.29,µg/L,"0,29",,Fluorescencia atómica,DISCRETA,35,6/15/2019,2,S2A_MSIL2A_20190615T105031_N0212_R051_T30SXJ_20190615T121337,0.0478,0.0449,0.0448,0.0348,0.0351,0.0309,0.0305,0.0296,0.0308,0.03,0.0357,0.0304,0,6,5,0.141236
JU06660017,-1.0992,39.7301,6/17/2019,Estación punto de presa E. de Benagéber,DETERMINACION FÍSICO-QUÍMICA IN SITU,CLOROFILA A,0,µg/L,"<0,03",0.029999999,Fluorescencia atómica,DISCRETA,51,6/15/2019,2,S2A_MSIL2A_20190615T105031_N0212_R051_T30SXJ_20190615T121337,0.0478,0.0449,0.0448,0.0348,0.0351,0.0309,0.0305,0.0296,0.0308,0.03,0.0357,0.0304,0,6,5,0.141236
JU06660017,-1.0992,39.7301,6/17/2019,Estación punto de presa E. de Benagéber,DETERMINACION FÍSICO-QUÍMICA IN SITU,CLOROFILA A,0.36,µg/L,"0,36",,Fluorescencia atómica,DISCRETA,7,6/15/2019,2,S2A_MSIL2A_20190615T105031_N0212_R051_T30SXJ_20190615T121337,0.0478,0.0449,0.0448,0.0348,0.0351,0.0309,0.0305,0.0296,0.0308,0.03,0.0357,0.0304,0,6,5,0.141236
JU06660017,-1.0992,39.7301,6/17/2019,Estación punto de presa E. de Benagéber,TOMA DE MUESTRAS PARA LABORATORIO,SOLIDOS EN SUSPENSION,0,mg/L,<2,2,Gravimetría,INTEGRADA,-1,6/15/2019,2,S2A_MSIL2A_20190615T105031_N0212_R051_T30SXJ_20190615T121337,0.0478,0.0449,0.0448,0.0348,0.0351,0.0309,0.0305,0.0296,0.0308,0.03,0.0357,0.0304,0,6,5,0.141236
JU06660017,-1.0992,39.7301,6/17/2019,Estación punto de presa E. de Benagéber,DETERMINACION FÍSICO-QUÍMICA IN SITU,CLOROFILA A,0.42,µg/L,"0,42",,Fluorescencia atómica,DISCRETA,18,6/15/2019,2,S2A_MSIL2A_20190615T105031_N0212_R051_T30SXJ_20190615T121337,0.0478,0.0449,0.0448,0.0348,0.0351,0.0309,0.0305,0.0296,0.0308,0.03,0.0357,0.0304,0,6,5,0.141236
JU06660017,-1.0992,39.7301,6/17/2019,Estación punto de presa E. de Benagéber,DETERMINACION FÍSICO-QUÍMICA IN SITU,CLOROFILA A,0.43,µg/L,"0,43",,Fluorescencia atómica,DISCRETA,23,6/15/2019,2,S2A_MSIL2A_20190615T105031_N0212_R051_T30SXJ_20190615T121337,0.0478,0.0449,0.0448,0.0348,0.0351,0.0309,0.0305,0.0296,0.0308,0.03,0.0357,0.0304,0,6,5,0.141236
JU06660017,-1.0992,39.7301,6/17/2019,Estación punto de presa E. de Benagéber,DETERMINACION FÍSICO-QUÍMICA IN SITU,CLOROFILA A,0.45,µg/L,"0,45",,Fluorescencia atómica,DISCRETA,29,6/15/2019,2,S2A_MSIL2A_20190615T105031_N0212_R051_T30SXJ_20190615T121337,0.0478,0.0449,0.0448,0.0348,0.0351,0.0309,0.0305,0.0296,0.0308,0.03,0.0357,0.0304,0,6,5,0.141236
JU06660017,-1.0992,39.7301,6/17/2019,Estación punto de presa E. de Benagéber,DETERMINACION FÍSICO-QUÍMICA IN SITU,CLOROFILA A,0.38,µg/L,"0,38",,Fluorescencia atómica,DISCRETA,30,6/15/2019,2,S2A_MSIL2A_20190615T105031_N0212_R051_T30SXJ_20190615T121337,0.0478,0.0449,0.0448,0.0348,0.0351,0.0309,0.0305,0.0296,0.0308,0.03,0.0357,0.0304,0,6,5,0.141236
JU06660017,-1.0992,39.7301,6/17/2019,Estación punto de presa E. de Benagéber,DETERMINACION FÍSICO-QUÍMICA IN SITU,CLOROFILA A,0.27,µg/L,"0,27",,Fluorescencia atómica,DISCRETA,36,6/15/2019,2,S2A_MSIL2A_20190615T105031_N0212_R051_T30SXJ_20190615T121337,0.0478,0.0449,0.0448,0.0348,0.0351,0.0309,0.0305,0.0296,0.0308,0.03,0.0357,0.0304,0,6,5,0.141236
JU06660017,-1.0992,39.7301,6/17/2019,Estación punto de presa E. de Benagéber,DETERMINACION FÍSICO-QUÍMICA IN SITU,CLOROFILA A,0.32,µg/L,"0,32",,Fluorescencia atómica,DISCRETA,39,6/15/2019,2,S2A_MSIL2A_20190615T105031_N0212_R051_T30SXJ_20190615T121337,0.0478,0.0449,0.0448,0.0348,0.0351,0.0309,0.0305,0.0296,0.0308,0.03,0.0357,0.0304,0,6,5,0.141236
JU06660017,-1.0992,39.7301,6/17/2019,Estación punto de presa E. de Benagéber,DETERMINACION FÍSICO-QUÍMICA IN SITU,CLOROFILA A,0.12,µg/L,"0,12",,Fluorescencia atómica,DISCRETA,44,6/15/2019,2,S2A_MSIL2A_20190615T105031_N0212_R051_T30SXJ_20190615T121337,0.0478,0.0449,0.0448,0.0348,0.0351,0.0309,0.0305,0.0296,0.0308,0.03,0.0357,0.0304,0,6,5,0.141236
JU06660017,-1.0992,39.7301,6/17/2019,Estación punto de presa E. de Benagéber,DETERMINACION FÍSICO-QUÍMICA IN SITU,CLOROFILA A,0.15,µg/L,"0,15",,Fluorescencia atómica,DISCRETA,4,6/15/2019,2,S2A_MSIL2A_20190615T105031_N0212_R051_T30SXJ_20190615T121337,0.0478,0.0449,0.0448,0.0348,0.0351,0.0309,0.0305,0.0296,0.0308,0.03,0.0357,0.0304,0,6,5,0.141236
JU06660017,-1.0992,39.7301,6/17/2019,Estación punto de presa E. de Benagéber,DETERMINACION FÍSICO-QUÍMICA IN SITU,CLOROFILA A,0.35,µg/L,"0,35",,Fluorescencia atómica,DISCRETA,6,6/15/2019,2,S2A_MSIL2A_20190615T105031_N0212_R051_T30SXJ_20190615T121337,0.0478,0.0449,0.0448,0.0348,0.0351,0.0309,0.0305,0.0296,0.0308,0.03,0.0357,0.0304,0,6,5,0.141236
JU06660017,-1.0992,39.7301,6/17/2019,Estación punto de presa E. de Benagéber,DETERMINACION FÍSICO-QUÍMICA IN SITU,CLOROFILA A,0.45,µg/L,"0,45",,Fluorescencia atómica,DISCRETA,9,6/15/2019,2,S2A_MSIL2A_20190615T105031_N0212_R051_T30SXJ_20190615T121337,0.0478,0.0449,0.0448,0.0348,0.0351,0.0309,0.0305,0.0296,0.0308,0.03,0.0357,0.0304,0,6,5,0.141236
JU06660017,-1.0992,39.7301,6/17/2019,Estación punto de presa E. de Benagéber,DETERMINACION FÍSICO-QUÍMICA IN SITU,CLOROFILA A,0.54,µg/L,"0,54",,Fluorescencia atómica,DISCRETA,14,6/15/2019,2,S2A_MSIL2A_20190615T105031_N0212_R051_T30SXJ_20190615T121337,0.0478,0.0449,0.0448,0.0348,0.0351,0.0309,0.0305,0.0296,0.0308,0.03,0.0357,0.0304,0,6,5,0.141236
JU06660017,-1.0992,39.7301,6/17/2019,Estación punto de presa E. de Benagéber,DETERMINACION FÍSICO-QUÍMICA IN SITU,CLOROFILA A,0.33,µg/L,"0,33",,Fluorescencia atómica,DISCRETA,17,6/15/2019,2,S2A_MSIL2A_20190615T105031_N0212_R051_T30SXJ_20190615T121337,0.0478,0.0449,0.0448,0.0348,0.0351,0.0309,0.0305,0.0296,0.0308,0.03,0.0357,0.0304,0,6,5,0.141236
JU06660017,-1.0992,39.7301,6/17/2019,Estación punto de presa E. de Benagéber,DETERMINACION FÍSICO-QUÍMICA IN SITU,CLOROFILA A,0.45,µg/L,"0,45",,Fluorescencia atómica,DISCRETA,24,6/15/2019,2,S2A_MSIL2A_20190615T105031_N0212_R051_T30SXJ_20190615T121337,0.0478,0.0449,0.0448,0.0348,0.0351,0.0309,0.0305,0.0296,0.0308,0.03,0.0357,0.0304,0,6,5,0.141236
JU06660017,-1.0992,39.7301,6/17/2019,Estación punto de presa E. de Benagéber,DETERMINACION FÍSICO-QUÍMICA IN SITU,CLOROFILA A,0.57,µg/L,"0,57",,Fluorescencia atómica,DISCRETA,25,6/15/2019,2,S2A_MSIL2A_20190615T105031_N0212_R051_T30SXJ_20190615T121337,0.0478,0.0449,0.0448,0.0348,0.0351,0.0309,0.0305,0.0296,0.0308,0.03,0.0357,0.0304,0,6,5,0.141236
JU06660017,-1.0992,39.7301,6/17/2019,Estación punto de presa E. de Benagéber,DETERMINACION FÍSICO-QUÍMICA IN SITU,CLOROFILA A,0.52,µg/L,"0,52",,Fluorescencia atómica,DISCRETA,26,6/15/2019,2,S2A_MSIL2A_20190615T105031_N0212_R051_T30SXJ_20190615T121337,0.0478,0.0449,0.0448,0.0348,0.0351,0.0309,0.0305,0.0296,0.0308,0.03,0.0357,0.0304,0,6,5,0.141236
JU06660017,-1.0992,39.7301,6/17/2019,Estación punto de presa E. de Benagéber,DETERMINACION FÍSICO-QUÍMICA IN SITU,CLOROFILA A,0.29,µg/L,"0,29",,Fluorescencia atómica,DISCRETA,33,6/15/2019,2,S2A_MSIL2A_20190615T105031_N0212_R051_T30SXJ_20190615T121337,0.0478,0.0449,0.0448,0.0348,0.0351,0.0309,0.0305,0.0296,0.0308,0.03,0.0357,0.0304,0,6,5,0.141236
JU06660017,-1.0992,39.7301,6/17/2019,Estación punto de presa E. de Benagéber,DETERMINACION FÍSICO-QUÍMICA IN SITU,CLOROFILA A,0.2,µg/L,"0,2",,Fluorescencia atómica,DISCRETA,42,6/15/2019,2,S2A_MSIL2A_20190615T105031_N0212_R051_T30SXJ_20190615T121337,0.0478,0.0449,0.0448,0.0348,0.0351,0.0309,0.0305,0.0296,0.0308,0.03,0.0357,0.0304,0,6,5,0.141236
JU06660017,-1.0992,39.7301,6/17/2019,Estación punto de presa E. de Benagéber,DETERMINACION FÍSICO-QUÍMICA IN SITU,CLOROFILA A,0.13,µg/L,"0,13",,Fluorescencia atómica,DISCRETA,45,6/15/2019,2,S2A_MSIL2A_20190615T105031_N0212_R051_T30SXJ_20190615T121337,0.0478,0.0449,0.0448,0.0348,0.0351,0.0309,0.0305,0.0296,0.0308,0.03,0.0357,0.0304,0,6,5,0.141236
JU06660017,-1.0992,39.7301,6/17/2019,Estación punto de presa E. de Benagéber,DETERMINACION FÍSICO-QUÍMICA IN SITU,CLOROFILA A,0.26,µg/L,"0,26",,Fluorescencia atómica,DISCRETA,5,6/15/2019,2,S2A_MSIL2A_20190615T105031_N0212_R051_T30SXJ_20190615T121337,0.0478,0.0449,0.0448,0.0348,0.0351,0.0309,0.0305,0.0296,0.0308,0.03,0.0357,0.0304,0,6,5,0.141236
JU06660017,-1.0992,39.7301,6/17/2019,Estación punto de presa E. de Benagéber,DETERMINACION FÍSICO-QUÍMICA IN SITU,CLOROFILA A,0.35,µg/L,"0,35",,Fluorescencia atómica,DISCRETA,8,6/15/2019,2,S2A_MSIL2A_20190615T105031_N0212_R051_T30SXJ_20190615T121337,0.0478,0.0449,0.0448,0.0348,0.0351,0.0309,0.0305,0.0296,0.0308,0.03,0.0357,0.0304,0,6,5,0.141236
JU06660017,-1.0992,39.7301,6/17/2019,Estación punto de presa E. de Benagéber,DETERMINACION FÍSICO-QUÍMICA IN SITU,CLOROFILA A,0.45,µg/L,"0,45",,Fluorescencia atómica,DISCRETA,22,6/15/2019,2,S2A_MSIL2A_20190615T105031_N0212_R051_T30SXJ_20190615T121337,0.0478,0.0449,0.0448,0.0348,0.0351,0.0309,0.0305,0.0296,0.0308,0.03,0.0357,0.0304,0,6,5,0.141236
JU06660017,-1.0992,39.7301,6/17/2019,Estación punto de presa E. de Benagéber,DETERMINACION FÍSICO-QUÍMICA IN SITU,CLOROFILA A,0.28,µg/L,"0,28",,Fluorescencia atómica,DISCRETA,41,6/15/2019,2,S2A_MSIL2A_20190615T105031_N0212_R051_T30SXJ_20190615T121337,0.0478,0.0449,0.0448,0.0348,0.0351,0.0309,0.0305,0.0296,0.0308,0.03,0.0357,0.0304,0,6,5,0.141236
JU06660017,-1.0992,39.7301,6/17/2019,Estación punto de presa E. de Benagéber,DETERMINACION FÍSICO-QUÍMICA IN SITU,CLOROFILA A,0.22,µg/L,"0,22",,Fluorescencia atómica,DISCRETA,43,6/15/2019,2,S2A_MSIL2A_20190615T105031_N0212_R051_T30SXJ_20190615T121337,0.0478,0.0449,0.0448,0.0348,0.0351,0.0309,0.0305,0.0296,0.0308,0.03,0.0357,0.0304,0,6,5,0.141236
JU06660017,-1.0992,39.7301,6/17/2019,Estación punto de presa E. de Benagéber,TOMA DE MUESTRAS PARA LABORATORIO,FOSFORO TOTAL,0,mg P/l,"<0,02",0.02,Espectofotometría de absorción molecular,INTEGRADA,-1,6/15/2019,2,S2A_MSIL2A_20190615T105031_N0212_R051_T30SXJ_20190615T121337,0.0478,0.0449,0.0448,0.0348,0.0351,0.0309,0.0305,0.0296,0.0308,0.03,0.0357,0.0304,0,6,5,0.141236
JU06660017,-1.0992,39.7301,6/17/2019,Estación punto de presa E. de Benagéber,DETERMINACION FÍSICO-QUÍMICA IN SITU,Profundidad del disco de secchi,10.80000019,m,,,,INTEGRADA,-1,6/15/2019,2,S2A_MSIL2A_20190615T105031_N0212_R051_T30SXJ_20190615T121337,0.0478,0.0449,0.0448,0.0348,0.0351,0.0309,0.0305,0.0296,0.0308,0.03,0.0357,0.0304,0,6,5,0.141236
JU06160014,-0.164,40.0293,6/3/2019,Estación punto de presa E. de María Cristina,DETERMINACION FÍSICO-QUÍMICA IN SITU,CLOROFILA A,0.1,µg/L,"0,1",,Fluorescencia atómica,DISCRETA,0,5/31/2019,3,S2B_MSIL2A_20190531T105039_N0212_R051_T30TYK_20190531T140515,0.0502,0.077,0.1108,0.0536,0.0363,0.016,0.0165,0.0176,0.0158,0.0098,0.0225,0.0208,0,6,1,0.505738
JU06160014,-0.164,40.0293,6/3/2019,Estación punto de presa E. de María Cristina,DETERMINACION FÍSICO-QUÍMICA IN SITU,CLOROFILA A,0.97,µg/L,"0,97",,Fluorescencia atómica,DISCRETA,2.5,5/31/2019,3,S2B_MSIL2A_20190531T105039_N0212_R051_T30TYK_20190531T140515,0.0502,0.077,0.1108,0.0536,0.0363,0.016,0.0165,0.0176,0.0158,0.0098,0.0225,0.0208,0,6,1,0.505738
JU06160014,-0.164,40.0293,6/3/2019,Estación punto de presa E. de María Cristina,DETERMINACION FÍSICO-QUÍMICA IN SITU,CLOROFILA A,0.61,µg/L,"0,61",,Fluorescencia atómica,DISCRETA,5,5/31/2019,3,S2B_MSIL2A_20190531T105039_N0212_R051_T30TYK_20190531T140515,0.0502,0.077,0.1108,0.0536,0.0363,0.016,0.0165,0.0176,0.0158,0.0098,0.0225,0.0208,0,6,1,0.505738
JU06160014,-0.164,40.0293,6/3/2019,Estación punto de presa E. de María Cristina,DETERMINACION FÍSICO-QUÍMICA IN SITU,CLOROFILA A,0.17,µg/L,"0,17",,Fluorescencia atómica,DISCRETA,0.5,5/31/2019,3,S2B_MSIL2A_20190531T105039_N0212_R051_T30TYK_20190531T140515,0.0502,0.077,0.1108,0.0536,0.0363,0.016,0.0165,0.0176,0.0158,0.0098,0.0225,0.0208,0,6,1,0.505738
JU06160014,-0.164,40.0293,6/3/2019,Estación punto de presa E. de María Cristina,DETERMINACION FÍSICO-QUÍMICA IN SITU,CLOROFILA A,0.2,µg/L,"0,2",,Fluorescencia atómica,DISCRETA,1,5/31/2019,3,S2B_MSIL2A_20190531T105039_N0212_R051_T30TYK_20190531T140515,0.0502,0.077,0.1108,0.0536,0.0363,0.016,0.0165,0.0176,0.0158,0.0098,0.0225,0.0208,0,6,1,0.505738
JU06160014,-0.164,40.0293,6/3/2019,Estación punto de presa E. de María Cristina,DETERMINACION FÍSICO-QUÍMICA IN SITU,CLOROFILA A,0.96,µg/L,"0,96",,Fluorescencia atómica,DISCRETA,3,5/31/2019,3,S2B_MSIL2A_20190531T105039_N0212_R051_T30TYK_20190531T140515,0.0502,0.077,0.1108,0.0536,0.0363,0.016,0.0165,0.0176,0.0158,0.0098,0.0225,0.0208,0,6,1,0.505738
JU06160014,-0.164,40.0293,6/3/2019,Estación punto de presa E. de María Cristina,DETERMINACION FÍSICO-QUÍMICA IN SITU,CLOROFILA A,0.41,µg/L,"0,41",,Fluorescencia atómica,DISCRETA,6.5,5/31/2019,3,S2B_MSIL2A_20190531T105039_N0212_R051_T30TYK_20190531T140515,0.0502,0.077,0.1108,0.0536,0.0363,0.016,0.0165,0.0176,0.0158,0.0098,0.0225,0.0208,0,6,1,0.505738
JU06160014,-0.164,40.0293,6/3/2019,Estación punto de presa E. de María Cristina,Fitoplancton,CLOROFILA A,1.6,µg/L,"1,6",1,Espectofotometría de absorción molecular,INTEGRADA,-1,5/31/2019,3,S2B_MSIL2A_20190531T105039_N0212_R051_T30TYK_20190531T140515,0.0502,0.077,0.1108,0.0536,0.0363,0.016,0.0165,0.0176,0.0158,0.0098,0.0225,0.0208,0,6,1,0.505738
JU06160014,-0.164,40.0293,6/3/2019,Estación punto de presa E. de María Cristina,DETERMINACION FÍSICO-QUÍMICA IN SITU,CLOROFILA A,0.72,µg/L,"0,72",,Fluorescencia atómica,DISCRETA,2,5/31/2019,3,S2B_MSIL2A_20190531T105039_N0212_R051_T30TYK_20190531T140515,0.0502,0.077,0.1108,0.0536,0.0363,0.016,0.0165,0.0176,0.0158,0.0098,0.0225,0.0208,0,6,1,0.505738
JU06160014,-0.164,40.0293,6/3/2019,Estación punto de presa E. de María Cristina,DETERMINACION FÍSICO-QUÍMICA IN SITU,CLOROFILA A,0.61,µg/L,"0,61",,Fluorescencia atómica,DISCRETA,4.5,5/31/2019,3,S2B_MSIL2A_20190531T105039_N0212_R051_T30TYK_20190531T140515,0.0502,0.077,0.1108,0.0536,0.0363,0.016,0.0165,0.0176,0.0158,0.0098,0.0225,0.0208,0,6,1,0.505738
JU06160014,-0.164,40.0293,6/3/2019,Estación punto de presa E. de María Cristina,DETERMINACION FÍSICO-QUÍMICA IN SITU,CLOROFILA A,0.49,µg/L,"0,49",,Fluorescencia atómica,DISCRETA,5.5,5/31/2019,3,S2B_MSIL2A_20190531T105039_N0212_R051_T30TYK_20190531T140515,0.0502,0.077,0.1108,0.0536,0.0363,0.016,0.0165,0.0176,0.0158,0.0098,0.0225,0.0208,0,6,1,0.505738
JU06160014,-0.164,40.0293,6/3/2019,Estación punto de presa E. de María Cristina,DETERMINACION FÍSICO-QUÍMICA IN SITU,CLOROFILA A,0.47,µg/L,"0,47",,Fluorescencia atómica,DISCRETA,6,5/31/2019,3,S2B_MSIL2A_20190531T105039_N0212_R051_T30TYK_20190531T140515,0.0502,0.077,0.1108,0.0536,0.0363,0.016,0.0165,0.0176,0.0158,0.0098,0.0225,0.0208,0,6,1,0.505738
JU06160014,-0.164,40.0293,6/3/2019,Estación punto de presa E. de María Cristina,DETERMINACION FÍSICO-QUÍMICA IN SITU,CLOROFILA A,0.36,µg/L,"0,36",,Fluorescencia atómica,DISCRETA,7,5/31/2019,3,S2B_MSIL2A_20190531T105039_N0212_R051_T30TYK_20190531T140515,0.0502,0.077,0.1108,0.0536,0.0363,0.016,0.0165,0.0176,0.0158,0.0098,0.0225,0.0208,0,6,1,0.505738
JU06160014,-0.164,40.0293,6/3/2019,Estación punto de presa E. de María Cristina,TOMA DE MUESTRAS PARA LABORATORIO,SOLIDOS EN SUSPENSION,8,mg/L,8,2,Gravimetría,INTEGRADA,-1,5/31/2019,3,S2B_MSIL2A_20190531T105039_N0212_R051_T30TYK_20190531T140515,0.0502,0.077,0.1108,0.0536,0.0363,0.016,0.0165,0.0176,0.0158,0.0098,0.0225,0.0208,0,6,1,0.505738
JU06160014,-0.164,40.0293,6/3/2019,Estación punto de presa E. de María Cristina,DETERMINACION FÍSICO-QUÍMICA IN SITU,CLOROFILA A,0.43,µg/L,"0,43",,Fluorescencia atómica,DISCRETA,1.5,5/31/2019,3,S2B_MSIL2A_20190531T105039_N0212_R051_T30TYK_20190531T140515,0.0502,0.077,0.1108,0.0536,0.0363,0.016,0.0165,0.0176,0.0158,0.0098,0.0225,0.0208,0,6,1,0.505738
JU06160014,-0.164,40.0293,6/3/2019,Estación punto de presa E. de María Cristina,DETERMINACION FÍSICO-QUÍMICA IN SITU,CLOROFILA A,0.87,µg/L,"0,87",,Fluorescencia atómica,DISCRETA,3.5,5/31/2019,3,S2B_MSIL2A_20190531T105039_N0212_R051_T30TYK_20190531T140515,0.0502,0.077,0.1108,0.0536,0.0363,0.016,0.0165,0.0176,0.0158,0.0098,0.0225,0.0208,0,6,1,0.505738
JU06160014,-0.164,40.0293,6/3/2019,Estación punto de presa E. de María Cristina,DETERMINACION FÍSICO-QUÍMICA IN SITU,CLOROFILA A,1,µg/L,1,,Fluorescencia atómica,DISCRETA,4,5/31/2019,3,S2B_MSIL2A_20190531T105039_N0212_R051_T30TYK_20190531T140515,0.0502,0.077,0.1108,0.0536,0.0363,0.016,0.0165,0.0176,0.0158,0.0098,0.0225,0.0208,0,6,1,0.505738
JU06160014,-0.164,40.0293,6/3/2019,Estación punto de presa E. de María Cristina,DETERMINACION FÍSICO-QUÍMICA IN SITU,CLOROFILA A,1.78,µg/L,"1,78",,Fluorescencia atómica,DISCRETA,7.5,5/31/2019,3,S2B_MSIL2A_20190531T105039_N0212_R051_T30TYK_20190531T140515,0.0502,0.077,0.1108,0.0536,0.0363,0.016,0.0165,0.0176,0.0158,0.0098,0.0225,0.0208,0,6,1,0.505738
JU06160014,-0.164,40.0293,6/3/2019,Estación punto de presa E. de María Cristina,TOMA DE MUESTRAS PARA LABORATORIO,FOSFORO TOTAL,0,mg P/l,"<0,02",0.02,Espectofotometría de absorción molecular,INTEGRADA,-1,5/31/2019,3,S2B_MSIL2A_20190531T105039_N0212_R051_T30TYK_20190531T140515,0.0502,0.077,0.1108,0.0536,0.0363,0.016,0.0165,0.0176,0.0158,0.0098,0.0225,0.0208,0,6,1,0.505738
JU06160014,-0.164,40.0293,6/3/2019,Estación punto de presa E. de María Cristina,DETERMINACION FÍSICO-QUÍMICA IN SITU,Profundidad del disco de secchi,1.100000024,m,,,,INTEGRADA,-1,5/31/2019,3,S2B_MSIL2A_20190531T105039_N0212_R051_T30TYK_20190531T140515,0.0502,0.077,0.1108,0.0536,0.0363,0.016,0.0165,0.0176,0.0158,0.0098,0.0225,0.0208,0,6,1,0.505738
JU06150028,-0.2307,40.0116,3/29/2019,Estación punto de presa E. de Sitjar,DETERMINACION FÍSICO-QUÍMICA IN SITU,CLOROFILA A,0.36,µg/L,"0,36",,Fluorescencia atómica,DISCRETA,13,3/27/2019,2,S2A_MSIL2A_20190327T105031_N0211_R051_T30TYK_20190327T152036,0.0157,0.0208,0.0267,0.0037,0.0001,0.0001,0.0001,0.0001,0.0001,0.0001,0.0044,0.0038,0,6,1,0.288161
JU06150028,-0.2307,40.0116,3/29/2019,Estación punto de presa E. de Sitjar,DETERMINACION FÍSICO-QUÍMICA IN SITU,CLOROFILA A,0.28,µg/L,"0,28",,Fluorescencia atómica,DISCRETA,14,3/27/2019,2,S2A_MSIL2A_20190327T105031_N0211_R051_T30TYK_20190327T152036,0.0157,0.0208,0.0267,0.0037,0.0001,0.0001,0.0001,0.0001,0.0001,0.0001,0.0044,0.0038,0,6,1,0.288161
JU06150028,-0.2307,40.0116,3/29/2019,Estación punto de presa E. de Sitjar,DETERMINACION FÍSICO-QUÍMICA IN SITU,CLOROFILA A,0,µg/L,"<0,03",0.029999999,Fluorescencia atómica,DISCRETA,0,3/27/2019,2,S2A_MSIL2A_20190327T105031_N0211_R051_T30TYK_20190327T152036,0.0157,0.0208,0.0267,0.0037,0.0001,0.0001,0.0001,0.0001,0.0001,0.0001,0.0044,0.0038,0,6,1,0.288161
JU06150028,-0.2307,40.0116,3/29/2019,Estación punto de presa E. de Sitjar,DETERMINACION FÍSICO-QUÍMICA IN SITU,CLOROFILA A,0.25,µg/L,"0,25",,Fluorescencia atómica,DISCRETA,11,3/27/2019,2,S2A_MSIL2A_20190327T105031_N0211_R051_T30TYK_20190327T152036,0.0157,0.0208,0.0267,0.0037,0.0001,0.0001,0.0001,0.0001,0.0001,0.0001,0.0044,0.0038,0,6,1,0.288161
JU06150028,-0.2307,40.0116,3/29/2019,Estación punto de presa E. de Sitjar,DETERMINACION FÍSICO-QUÍMICA IN SITU,CLOROFILA A,0.03,µg/L,"0,03",,Fluorescencia atómica,DISCRETA,6,3/27/2019,2,S2A_MSIL2A_20190327T105031_N0211_R051_T30TYK_20190327T152036,0.0157,0.0208,0.0267,0.0037,0.0001,0.0001,0.0001,0.0001,0.0001,0.0001,0.0044,0.0038,0,6,1,0.288161
JU06150028,-0.2307,40.0116,3/29/2019,Estación punto de presa E. de Sitjar,DETERMINACION FÍSICO-QUÍMICA IN SITU,CLOROFILA A,0.35,µg/L,"0,35",,Fluorescencia atómica,DISCRETA,12,3/27/2019,2,S2A_MSIL2A_20190327T105031_N0211_R051_T30TYK_20190327T152036,0.0157,0.0208,0.0267,0.0037,0.0001,0.0001,0.0001,0.0001,0.0001,0.0001,0.0044,0.0038,0,6,1,0.288161
JU06150028,-0.2307,40.0116,3/29/2019,Estación punto de presa E. de Sitjar,DETERMINACION FÍSICO-QUÍMICA IN SITU,CLOROFILA A,0,µg/L,"<0,03",0.029999999,Fluorescencia atómica,DISCRETA,1,3/27/2019,2,S2A_MSIL2A_20190327T105031_N0211_R051_T30TYK_20190327T152036,0.0157,0.0208,0.0267,0.0037,0.0001,0.0001,0.0001,0.0001,0.0001,0.0001,0.0044,0.0038,0,6,1,0.288161
JU06150028,-0.2307,40.0116,3/29/2019,Estación punto de presa E. de Sitjar,DETERMINACION FÍSICO-QUÍMICA IN SITU,CLOROFILA A,0.09,µg/L,"0,09",,Fluorescencia atómica,DISCRETA,8,3/27/2019,2,S2A_MSIL2A_20190327T105031_N0211_R051_T30TYK_20190327T152036,0.0157,0.0208,0.0267,0.0037,0.0001,0.0001,0.0001,0.0001,0.0001,0.0001,0.0044,0.0038,0,6,1,0.288161
JU06150028,-0.2307,40.0116,3/29/2019,Estación punto de presa E. de Sitjar,DETERMINACION FÍSICO-QUÍMICA IN SITU,CLOROFILA A,0.3,µg/L,"0,3",,Fluorescencia atómica,DISCRETA,20,3/27/2019,2,S2A_MSIL2A_20190327T105031_N0211_R051_T30TYK_20190327T152036,0.0157,0.0208,0.0267,0.0037,0.0001,0.0001,0.0001,0.0001,0.0001,0.0001,0.0044,0.0038,0,6,1,0.288161
JU06150028,-0.2307,40.0116,3/29/2019,Estación punto de presa E. de Sitjar,DETERMINACION FÍSICO-QUÍMICA IN SITU,CLOROFILA A,0,µg/L,"<0,03",0.029999999,Fluorescencia atómica,DISCRETA,3,3/27/2019,2,S2A_MSIL2A_20190327T105031_N0211_R051_T30TYK_20190327T152036,0.0157,0.0208,0.0267,0.0037,0.0001,0.0001,0.0001,0.0001,0.0001,0.0001,0.0044,0.0038,0,6,1,0.288161
JU06150028,-0.2307,40.0116,3/29/2019,Estación punto de presa E. de Sitjar,DETERMINACION FÍSICO-QUÍMICA IN SITU,CLOROFILA A,0.18,µg/L,"0,18",,Fluorescencia atómica,DISCRETA,17,3/27/2019,2,S2A_MSIL2A_20190327T105031_N0211_R051_T30TYK_20190327T152036,0.0157,0.0208,0.0267,0.0037,0.0001,0.0001,0.0001,0.0001,0.0001,0.0001,0.0044,0.0038,0,6,1,0.288161
JU06150028,-0.2307,40.0116,3/29/2019,Estación punto de presa E. de Sitjar,DETERMINACION FÍSICO-QUÍMICA IN SITU,CLOROFILA A,0,µg/L,"<0,03",0.029999999,Fluorescencia atómica,DISCRETA,2,3/27/2019,2,S2A_MSIL2A_20190327T105031_N0211_R051_T30TYK_20190327T152036,0.0157,0.0208,0.0267,0.0037,0.0001,0.0001,0.0001,0.0001,0.0001,0.0001,0.0044,0.0038,0,6,1,0.288161
JU06150028,-0.2307,40.0116,3/29/2019,Estación punto de presa E. de Sitjar,DETERMINACION FÍSICO-QUÍMICA IN SITU,CLOROFILA A,0.18,µg/L,"0,18",,Fluorescencia atómica,DISCRETA,16,3/27/2019,2,S2A_MSIL2A_20190327T105031_N0211_R051_T30TYK_20190327T152036,0.0157,0.0208,0.0267,0.0037,0.0001,0.0001,0.0001,0.0001,0.0001,0.0001,0.0044,0.0038,0,6,1,0.288161
JU06150028,-0.2307,40.0116,3/29/2019,Estación punto de presa E. de Sitjar,DETERMINACION FÍSICO-QUÍMICA IN SITU,CLOROFILA A,0.19,µg/L,"0,19",,Fluorescencia atómica,DISCRETA,18,3/27/2019,2,S2A_MSIL2A_20190327T105031_N0211_R051_T30TYK_20190327T152036,0.0157,0.0208,0.0267,0.0037,0.0001,0.0001,0.0001,0.0001,0.0001,0.0001,0.0044,0.0038,0,6,1,0.288161
JU06150028,-0.2307,40.0116,3/29/2019,Estación punto de presa E. de Sitjar,DETERMINACION FÍSICO-QUÍMICA IN SITU,CLOROFILA A,0.74,µg/L,"0,74",,Fluorescencia atómica,DISCRETA,21,3/27/2019,2,S2A_MSIL2A_20190327T105031_N0211_R051_T30TYK_20190327T152036,0.0157,0.0208,0.0267,0.0037,0.0001,0.0001,0.0001,0.0001,0.0001,0.0001,0.0044,0.0038,0,6,1,0.288161
JU06150028,-0.2307,40.0116,3/29/2019,Estación punto de presa E. de Sitjar,DETERMINACION FÍSICO-QUÍMICA IN SITU,CLOROFILA A,0.16,µg/L,"0,16",,Fluorescencia atómica,DISCRETA,9,3/27/2019,2,S2A_MSIL2A_20190327T105031_N0211_R051_T30TYK_20190327T152036,0.0157,0.0208,0.0267,0.0037,0.0001,0.0001,0.0001,0.0001,0.0001,0.0001,0.0044,0.0038,0,6,1,0.288161
JU06150028,-0.2307,40.0116,3/29/2019,Estación punto de presa E. de Sitjar,DETERMINACION FÍSICO-QUÍMICA IN SITU,CLOROFILA A,0.19,µg/L,"0,19",,Fluorescencia atómica,DISCRETA,15,3/27/2019,2,S2A_MSIL2A_20190327T105031_N0211_R051_T30TYK_20190327T152036,0.0157,0.0208,0.0267,0.0037,0.0001,0.0001,0.0001,0.0001,0.0001,0.0001,0.0044,0.0038,0,6,1,0.288161
JU06150028,-0.2307,40.0116,3/29/2019,Estación punto de presa E. de Sitjar,DETERMINACION FÍSICO-QUÍMICA IN SITU,CLOROFILA A,0.2,µg/L,"0,2",,Fluorescencia atómica,DISCRETA,10,3/27/2019,2,S2A_MSIL2A_20190327T105031_N0211_R051_T30TYK_20190327T152036,0.0157,0.0208,0.0267,0.0037,0.0001,0.0001,0.0001,0.0001,0.0001,0.0001,0.0044,0.0038,0,6,1,0.288161
JU06150028,-0.2307,40.0116,3/29/2019,Estación punto de presa E. de Sitjar,DETERMINACION FÍSICO-QUÍMICA IN SITU,CLOROFILA A,0.23,µg/L,"0,23",,Fluorescencia atómica,DISCRETA,19,3/27/2019,2,S2A_MSIL2A_20190327T105031_N0211_R051_T30TYK_20190327T152036,0.0157,0.0208,0.0267,0.0037,0.0001,0.0001,0.0001,0.0001,0.0001,0.0001,0.0044,0.0038,0,6,1,0.288161
JU06150028,-0.2307,40.0116,3/29/2019,Estación punto de presa E. de Sitjar,DETERMINACION FÍSICO-QUÍMICA IN SITU,CLOROFILA A,0,µg/L,"<0,03",0.029999999,Fluorescencia atómica,DISCRETA,4,3/27/2019,2,S2A_MSIL2A_20190327T105031_N0211_R051_T30TYK_20190327T152036,0.0157,0.0208,0.0267,0.0037,0.0001,0.0001,0.0001,0.0001,0.0001,0.0001,0.0044,0.0038,0,6,1,0.288161
JU06150028,-0.2307,40.0116,3/29/2019,Estación punto de presa E. de Sitjar,DETERMINACION FÍSICO-QUÍMICA IN SITU,CLOROFILA A,0,µg/L,"<0,03",0.029999999,Fluorescencia atómica,DISCRETA,5,3/27/2019,2,S2A_MSIL2A_20190327T105031_N0211_R051_T30TYK_20190327T152036,0.0157,0.0208,0.0267,0.0037,0.0001,0.0001,0.0001,0.0001,0.0001,0.0001,0.0044,0.0038,0,6,1,0.288161
JU06150028,-0.2307,40.0116,3/29/2019,Estación punto de presa E. de Sitjar,DETERMINACION FÍSICO-QUÍMICA IN SITU,CLOROFILA A,0.04,µg/L,"0,04",,Fluorescencia atómica,DISCRETA,7,3/27/2019,2,S2A_MSIL2A_20190327T105031_N0211_R051_T30TYK_20190327T152036,0.0157,0.0208,0.0267,0.0037,0.0001,0.0001,0.0001,0.0001,0.0001,0.0001,0.0044,0.0038,0,6,1,0.288161
JU06150028,-0.2307,40.0116,3/29/2019,Estación punto de presa E. de Sitjar,TOMA DE MUESTRAS PARA LABORATORIO,SOLIDOS EN SUSPENSION,2,mg/L,2,2,Gravimetría,INTEGRADA,-1,3/27/2019,2,S2A_MSIL2A_20190327T105031_N0211_R051_T30TYK_20190327T152036,0.0157,0.0208,0.0267,0.0037,0.0001,0.0001,0.0001,0.0001,0.0001,0.0001,0.0044,0.0038,0,6,1,0.288161
JU06150028,-0.2307,40.0116,3/29/2019,Estación punto de presa E. de Sitjar,TOMA DE MUESTRAS PARA LABORATORIO,FOSFORO TOTAL,0.02,mg P/l,"0,02",0.02,Espectofotometría de absorción molecular,INTEGRADA,-1,3/27/2019,2,S2A_MSIL2A_20190327T105031_N0211_R051_T30TYK_20190327T152036,0.0157,0.0208,0.0267,0.0037,0.0001,0.0001,0.0001,0.0001,0.0001,0.0001,0.0044,0.0038,0,6,1,0.288161
JU06150028,-0.2307,40.0116,3/29/2019,Estación punto de presa E. de Sitjar,DETERMINACION FÍSICO-QUÍMICA IN SITU,Profundidad del disco de secchi,6.5,m,,,,INTEGRADA,-1,3/27/2019,2,S2A_MSIL2A_20190327T105031_N0211_R051_T30TYK_20190327T152036,0.0157,0.0208,0.0267,0.0037,0.0001,0.0001,0.0001,0.0001,0.0001,0.0001,0.0044,0.0038,0,6,1,0.288161
JU06160014,-0.164,40.0293,3/13/2019,Estación punto de presa E. de María Cristina,DETERMINACION FÍSICO-QUÍMICA IN SITU,CLOROFILA A,0.7,µg/L,"0,7",,Fluorescencia atómica,DISCRETA,2,3/7/2019,6,S2A_MSIL2A_20190307T105021_N0211_R051_T30TYK_20190307T121706,0.0192,0.0307,0.0539,0.0188,0.0096,0.0005,0.0022,0.0003,0.0003,0.0001,0.0054,0.0057,0,6,0,11.983792
JU06160014,-0.164,40.0293,3/13/2019,Estación punto de presa E. de María Cristina,DETERMINACION FÍSICO-QUÍMICA IN SITU,CLOROFILA A,0.68,µg/L,"0,68",,Fluorescencia atómica,DISCRETA,4,3/7/2019,6,S2A_MSIL2A_20190307T105021_N0211_R051_T30TYK_20190307T121706,0.0192,0.0307,0.0539,0.0188,0.0096,0.0005,0.0022,0.0003,0.0003,0.0001,0.0054,0.0057,0,6,0,11.983792
JU06160014,-0.164,40.0293,3/13/2019,Estación punto de presa E. de María Cristina,DETERMINACION FÍSICO-QUÍMICA IN SITU,CLOROFILA A,0.76,µg/L,"0,76",,Fluorescencia atómica,DISCRETA,0,3/7/2019,6,S2A_MSIL2A_20190307T105021_N0211_R051_T30TYK_20190307T121706,0.0192,0.0307,0.0539,0.0188,0.0096,0.0005,0.0022,0.0003,0.0003,0.0001,0.0054,0.0057,0,6,0,11.983792
JU06160014,-0.164,40.0293,3/13/2019,Estación punto de presa E. de María Cristina,DETERMINACION FÍSICO-QUÍMICA IN SITU,CLOROFILA A,0.78,µg/L,"0,78",,Fluorescencia atómica,DISCRETA,5,3/7/2019,6,S2A_MSIL2A_20190307T105021_N0211_R051_T30TYK_20190307T121706,0.0192,0.0307,0.0539,0.0188,0.0096,0.0005,0.0022,0.0003,0.0003,0.0001,0.0054,0.0057,0,6,0,11.983792
JU06160014,-0.164,40.0293,3/13/2019,Estación punto de presa E. de María Cristina,TOMA DE MUESTRAS PARA LABORATORIO,SOLIDOS EN SUSPENSION,4.6,mg/L,"4,6",2,Gravimetría,INTEGRADA,-1,3/7/2019,6,S2A_MSIL2A_20190307T105021_N0211_R051_T30TYK_20190307T121706,0.0192,0.0307,0.0539,0.0188,0.0096,0.0005,0.0022,0.0003,0.0003,0.0001,0.0054,0.0057,0,6,0,11.983792
JU06160014,-0.164,40.0293,3/13/2019,Estación punto de presa E. de María Cristina,DETERMINACION FÍSICO-QUÍMICA IN SITU,CLOROFILA A,0.5,µg/L,"0,5",,Fluorescencia atómica,DISCRETA,10,3/7/2019,6,S2A_MSIL2A_20190307T105021_N0211_R051_T30TYK_20190307T121706,0.0192,0.0307,0.0539,0.0188,0.0096,0.0005,0.0022,0.0003,0.0003,0.0001,0.0054,0.0057,0,6,0,11.983792
JU06160014,-0.164,40.0293,3/13/2019,Estación punto de presa E. de María Cristina,DETERMINACION FÍSICO-QUÍMICA IN SITU,CLOROFILA A,0.74,µg/L,"0,74",,Fluorescencia atómica,DISCRETA,6,3/7/2019,6,S2A_MSIL2A_20190307T105021_N0211_R051_T30TYK_20190307T121706,0.0192,0.0307,0.0539,0.0188,0.0096,0.0005,0.0022,0.0003,0.0003,0.0001,0.0054,0.0057,0,6,0,11.983792
JU06160014,-0.164,40.0293,3/13/2019,Estación punto de presa E. de María Cristina,DETERMINACION FÍSICO-QUÍMICA IN SITU,CLOROFILA A,0.34,µg/L,"0,34",,Fluorescencia atómica,DISCRETA,8,3/7/2019,6,S2A_MSIL2A_20190307T105021_N0211_R051_T30TYK_20190307T121706,0.0192,0.0307,0.0539,0.0188,0.0096,0.0005,0.0022,0.0003,0.0003,0.0001,0.0054,0.0057,0,6,0,11.983792
JU06160014,-0.164,40.0293,3/13/2019,Estación punto de presa E. de María Cristina,DETERMINACION FÍSICO-QUÍMICA IN SITU,CLOROFILA A,0.54,µg/L,"0,54",,Fluorescencia atómica,DISCRETA,1,3/7/2019,6,S2A_MSIL2A_20190307T105021_N0211_R051_T30TYK_20190307T121706,0.0192,0.0307,0.0539,0.0188,0.0096,0.0005,0.0022,0.0003,0.0003,0.0001,0.0054,0.0057,0,6,0,11.983792
JU06160014,-0.164,40.0293,3/13/2019,Estación punto de presa E. de María Cristina,DETERMINACION FÍSICO-QUÍMICA IN SITU,CLOROFILA A,0.7,µg/L,"0,7",,Fluorescencia atómica,DISCRETA,3,3/7/2019,6,S2A_MSIL2A_20190307T105021_N0211_R051_T30TYK_20190307T121706,0.0192,0.0307,0.0539,0.0188,0.0096,0.0005,0.0022,0.0003,0.0003,0.0001,0.0054,0.0057,0,6,0,11.983792
JU06160014,-0.164,40.0293,3/13/2019,Estación punto de presa E. de María Cristina,DETERMINACION FÍSICO-QUÍMICA IN SITU,CLOROFILA A,0.58,µg/L,"0,58",,Fluorescencia atómica,DISCRETA,7,3/7/2019,6,S2A_MSIL2A_20190307T105021_N0211_R051_T30TYK_20190307T121706,0.0192,0.0307,0.0539,0.0188,0.0096,0.0005,0.0022,0.0003,0.0003,0.0001,0.0054,0.0057,0,6,0,11.983792
JU06160014,-0.164,40.0293,3/13/2019,Estación punto de presa E. de María Cristina,DETERMINACION FÍSICO-QUÍMICA IN SITU,CLOROFILA A,0.36,µg/L,"0,36",,Fluorescencia atómica,DISCRETA,9,3/7/2019,6,S2A_MSIL2A_20190307T105021_N0211_R051_T30TYK_20190307T121706,0.0192,0.0307,0.0539,0.0188,0.0096,0.0005,0.0022,0.0003,0.0003,0.0001,0.0054,0.0057,0,6,0,11.983792
JU06160014,-0.164,40.0293,3/13/2019,Estación punto de presa E. de María Cristina,TOMA DE MUESTRAS PARA LABORATORIO,FOSFORO TOTAL,0.024,mg P/l,"0,024",0.02,Espectofotometría de absorción molecular,INTEGRADA,-1,3/7/2019,6,S2A_MSIL2A_20190307T105021_N0211_R051_T30TYK_20190307T121706,0.0192,0.0307,0.0539,0.0188,0.0096,0.0005,0.0022,0.0003,0.0003,0.0001,0.0054,0.0057,0,6,0,11.983792
JU06160014,-0.164,40.0293,3/13/2019,Estación punto de presa E. de María Cristina,DETERMINACION FÍSICO-QUÍMICA IN SITU,Profundidad del disco de secchi,1.700000048,m,,,,INTEGRADA,-1,3/7/2019,6,S2A_MSIL2A_20190307T105021_N0211_R051_T30TYK_20190307T121706,0.0192,0.0307,0.0539,0.0188,0.0096,0.0005,0.0022,0.0003,0.0003,0.0001,0.0054,0.0057,0,6,0,11.983792
JU06660017,-1.0992,39.7301,3/6/2019,Estación punto de presa E. de Benagéber,DETERMINACION FÍSICO-QUÍMICA IN SITU,CLOROFILA A,0,µg/L,"<0,03",0.029999999,Fluorescencia atómica,DISCRETA,12,3/10/2019,4,S2A_MSIL2A_20190310T105851_N0211_R094_T30TXK_20190310T135315,0.0001,0.0055,0.0093,0.0001,0.0001,0.0001,0.0001,0.0001,0.0001,0.0001,0.001,0.0015,0,6,0,0.013458
JU06660017,-1.0992,39.7301,3/6/2019,Estación punto de presa E. de Benagéber,DETERMINACION FÍSICO-QUÍMICA IN SITU,CLOROFILA A,0,µg/L,"<0,03",0.029999999,Fluorescencia atómica,DISCRETA,17,3/10/2019,4,S2A_MSIL2A_20190310T105851_N0211_R094_T30TXK_20190310T135315,0.0001,0.0055,0.0093,0.0001,0.0001,0.0001,0.0001,0.0001,0.0001,0.0001,0.001,0.0015,0,6,0,0.013458
JU06660017,-1.0992,39.7301,3/6/2019,Estación punto de presa E. de Benagéber,DETERMINACION FÍSICO-QUÍMICA IN SITU,CLOROFILA A,0,µg/L,"<0,03",0.029999999,Fluorescencia atómica,DISCRETA,19,3/10/2019,4,S2A_MSIL2A_20190310T105851_N0211_R094_T30TXK_20190310T135315,0.0001,0.0055,0.0093,0.0001,0.0001,0.0001,0.0001,0.0001,0.0001,0.0001,0.001,0.0015,0,6,0,0.013458
JU06660017,-1.0992,39.7301,3/6/2019,Estación punto de presa E. de Benagéber,DETERMINACION FÍSICO-QUÍMICA IN SITU,CLOROFILA A,0,µg/L,"<0,03",0.029999999,Fluorescencia atómica,DISCRETA,1,3/10/2019,4,S2A_MSIL2A_20190310T105851_N0211_R094_T30TXK_20190310T135315,0.0001,0.0055,0.0093,0.0001,0.0001,0.0001,0.0001,0.0001,0.0001,0.0001,0.001,0.0015,0,6,0,0.013458
JU06660017,-1.0992,39.7301,3/6/2019,Estación punto de presa E. de Benagéber,DETERMINACION FÍSICO-QUÍMICA IN SITU,CLOROFILA A,0,µg/L,"<0,03",0.029999999,Fluorescencia atómica,DISCRETA,26,3/10/2019,4,S2A_MSIL2A_20190310T105851_N0211_R094_T30TXK_20190310T135315,0.0001,0.0055,0.0093,0.0001,0.0001,0.0001,0.0001,0.0001,0.0001,0.0001,0.001,0.0015,0,6,0,0.013458
JU06660017,-1.0992,39.7301,3/6/2019,Estación punto de presa E. de Benagéber,DETERMINACION FÍSICO-QUÍMICA IN SITU,CLOROFILA A,0,µg/L,"<0,03",0.029999999,Fluorescencia atómica,DISCRETA,36,3/10/2019,4,S2A_MSIL2A_20190310T105851_N0211_R094_T30TXK_20190310T135315,0.0001,0.0055,0.0093,0.0001,0.0001,0.0001,0.0001,0.0001,0.0001,0.0001,0.001,0.0015,0,6,0,0.013458
JU06660017,-1.0992,39.7301,3/6/2019,Estación punto de presa E. de Benagéber,DETERMINACION FÍSICO-QUÍMICA IN SITU,CLOROFILA A,0,µg/L,"<0,03",0.029999999,Fluorescencia atómica,DISCRETA,3,3/10/2019,4,S2A_MSIL2A_20190310T105851_N0211_R094_T30TXK_20190310T135315,0.0001,0.0055,0.0093,0.0001,0.0001,0.0001,0.0001,0.0001,0.0001,0.0001,0.001,0.0015,0,6,0,0.013458
JU06660017,-1.0992,39.7301,3/6/2019,Estación punto de presa E. de Benagéber,DETERMINACION FÍSICO-QUÍMICA IN SITU,CLOROFILA A,0,µg/L,"<0,03",0.029999999,Fluorescencia atómica,DISCRETA,7,3/10/2019,4,S2A_MSIL2A_20190310T105851_N0211_R094_T30TXK_20190310T135315,0.0001,0.0055,0.0093,0.0001,0.0001,0.0001,0.0001,0.0001,0.0001,0.0001,0.001,0.0015,0,6,0,0.013458
JU06660017,-1.0992,39.7301,3/6/2019,Estación punto de presa E. de Benagéber,DETERMINACION FÍSICO-QUÍMICA IN SITU,CLOROFILA A,0,µg/L,"<0,03",0.029999999,Fluorescencia atómica,DISCRETA,21,3/10/2019,4,S2A_MSIL2A_20190310T105851_N0211_R094_T30TXK_20190310T135315,0.0001,0.0055,0.0093,0.0001,0.0001,0.0001,0.0001,0.0001,0.0001,0.0001,0.001,0.0015,0,6,0,0.013458
JU06660017,-1.0992,39.7301,3/6/2019,Estación punto de presa E. de Benagéber,DETERMINACION FÍSICO-QUÍMICA IN SITU,CLOROFILA A,0,µg/L,"<0,03",0.029999999,Fluorescencia atómica,DISCRETA,22,3/10/2019,4,S2A_MSIL2A_20190310T105851_N0211_R094_T30TXK_20190310T135315,0.0001,0.0055,0.0093,0.0001,0.0001,0.0001,0.0001,0.0001,0.0001,0.0001,0.001,0.0015,0,6,0,0.013458
JU06660017,-1.0992,39.7301,3/6/2019,Estación punto de presa E. de Benagéber,DETERMINACION FÍSICO-QUÍMICA IN SITU,CLOROFILA A,0,µg/L,"<0,03",0.029999999,Fluorescencia atómica,DISCRETA,28,3/10/2019,4,S2A_MSIL2A_20190310T105851_N0211_R094_T30TXK_20190310T135315,0.0001,0.0055,0.0093,0.0001,0.0001,0.0001,0.0001,0.0001,0.0001,0.0001,0.001,0.0015,0,6,0,0.013458
JU06660017,-1.0992,39.7301,3/6/2019,Estación punto de presa E. de Benagéber,DETERMINACION FÍSICO-QUÍMICA IN SITU,CLOROFILA A,0,µg/L,"<0,03",0.029999999,Fluorescencia atómica,DISCRETA,37,3/10/2019,4,S2A_MSIL2A_20190310T105851_N0211_R094_T30TXK_20190310T135315,0.0001,0.0055,0.0093,0.0001,0.0001,0.0001,0.0001,0.0001,0.0001,0.0001,0.001,0.0015,0,6,0,0.013458
JU06660017,-1.0992,39.7301,3/6/2019,Estación punto de presa E. de Benagéber,DETERMINACION FÍSICO-QUÍMICA IN SITU,CLOROFILA A,0,µg/L,"<0,03",0.029999999,Fluorescencia atómica,DISCRETA,40,3/10/2019,4,S2A_MSIL2A_20190310T105851_N0211_R094_T30TXK_20190310T135315,0.0001,0.0055,0.0093,0.0001,0.0001,0.0001,0.0001,0.0001,0.0001,0.0001,0.001,0.0015,0,6,0,0.013458
JU06660017,-1.0992,39.7301,3/6/2019,Estación punto de presa E. de Benagéber,DETERMINACION FÍSICO-QUÍMICA IN SITU,CLOROFILA A,0.01,µg/L,"0,01",,Fluorescencia atómica,DISCRETA,6,3/10/2019,4,S2A_MSIL2A_20190310T105851_N0211_R094_T30TXK_20190310T135315,0.0001,0.0055,0.0093,0.0001,0.0001,0.0001,0.0001,0.0001,0.0001,0.0001,0.001,0.0015,0,6,0,0.013458
JU06660017,-1.0992,39.7301,3/6/2019,Estación punto de presa E. de Benagéber,DETERMINACION FÍSICO-QUÍMICA IN SITU,CLOROFILA A,0,µg/L,"<0,03",0.029999999,Fluorescencia atómica,DISCRETA,0,3/10/2019,4,S2A_MSIL2A_20190310T105851_N0211_R094_T30TXK_20190310T135315,0.0001,0.0055,0.0093,0.0001,0.0001,0.0001,0.0001,0.0001,0.0001,0.0001,0.001,0.0015,0,6,0,0.013458
JU06660017,-1.0992,39.7301,3/6/2019,Estación punto de presa E. de Benagéber,DETERMINACION FÍSICO-QUÍMICA IN SITU,CLOROFILA A,0,µg/L,"<0,03",0.029999999,Fluorescencia atómica,DISCRETA,24,3/10/2019,4,S2A_MSIL2A_20190310T105851_N0211_R094_T30TXK_20190310T135315,0.0001,0.0055,0.0093,0.0001,0.0001,0.0001,0.0001,0.0001,0.0001,0.0001,0.001,0.0015,0,6,0,0.013458
JU06660017,-1.0992,39.7301,3/6/2019,Estación punto de presa E. de Benagéber,DETERMINACION FÍSICO-QUÍMICA IN SITU,CLOROFILA A,0,µg/L,"<0,03",0.029999999,Fluorescencia atómica,DISCRETA,38,3/10/2019,4,S2A_MSIL2A_20190310T105851_N0211_R094_T30TXK_20190310T135315,0.0001,0.0055,0.0093,0.0001,0.0001,0.0001,0.0001,0.0001,0.0001,0.0001,0.001,0.0015,0,6,0,0.013458
JU06660017,-1.0992,39.7301,3/6/2019,Estación punto de presa E. de Benagéber,DETERMINACION FÍSICO-QUÍMICA IN SITU,CLOROFILA A,0,µg/L,"<0,03",0.029999999,Fluorescencia atómica,DISCRETA,39,3/10/2019,4,S2A_MSIL2A_20190310T105851_N0211_R094_T30TXK_20190310T135315,0.0001,0.0055,0.0093,0.0001,0.0001,0.0001,0.0001,0.0001,0.0001,0.0001,0.001,0.0015,0,6,0,0.013458
JU06660017,-1.0992,39.7301,3/6/2019,Estación punto de presa E. de Benagéber,DETERMINACION FÍSICO-QUÍMICA IN SITU,CLOROFILA A,0,µg/L,"<0,03",0.029999999,Fluorescencia atómica,DISCRETA,41,3/10/2019,4,S2A_MSIL2A_20190310T105851_N0211_R094_T30TXK_20190310T135315,0.0001,0.0055,0.0093,0.0001,0.0001,0.0001,0.0001,0.0001,0.0001,0.0001,0.001,0.0015,0,6,0,0.013458
JU06660017,-1.0992,39.7301,3/6/2019,Estación punto de presa E. de Benagéber,DETERMINACION FÍSICO-QUÍMICA IN SITU,CLOROFILA A,0,µg/L,"<0,03",0.029999999,Fluorescencia atómica,DISCRETA,43,3/10/2019,4,S2A_MSIL2A_20190310T105851_N0211_R094_T30TXK_20190310T135315,0.0001,0.0055,0.0093,0.0001,0.0001,0.0001,0.0001,0.0001,0.0001,0.0001,0.001,0.0015,0,6,0,0.013458
JU06660017,-1.0992,39.7301,3/6/2019,Estación punto de presa E. de Benagéber,DETERMINACION FÍSICO-QUÍMICA IN SITU,CLOROFILA A,0,µg/L,"<0,03",0.029999999,Fluorescencia atómica,DISCRETA,8,3/10/2019,4,S2A_MSIL2A_20190310T105851_N0211_R094_T30TXK_20190310T135315,0.0001,0.0055,0.0093,0.0001,0.0001,0.0001,0.0001,0.0001,0.0001,0.0001,0.001,0.0015,0,6,0,0.013458
JU06660017,-1.0992,39.7301,3/6/2019,Estación punto de presa E. de Benagéber,DETERMINACION FÍSICO-QUÍMICA IN SITU,CLOROFILA A,0,µg/L,"<0,03",0.029999999,Fluorescencia atómica,DISCRETA,9,3/10/2019,4,S2A_MSIL2A_20190310T105851_N0211_R094_T30TXK_20190310T135315,0.0001,0.0055,0.0093,0.0001,0.0001,0.0001,0.0001,0.0001,0.0001,0.0001,0.001,0.0015,0,6,0,0.013458
JU06660017,-1.0992,39.7301,3/6/2019,Estación punto de presa E. de Benagéber,DETERMINACION FÍSICO-QUÍMICA IN SITU,CLOROFILA A,0,µg/L,"<0,03",0.029999999,Fluorescencia atómica,DISCRETA,11,3/10/2019,4,S2A_MSIL2A_20190310T105851_N0211_R094_T30TXK_20190310T135315,0.0001,0.0055,0.0093,0.0001,0.0001,0.0001,0.0001,0.0001,0.0001,0.0001,0.001,0.0015,0,6,0,0.013458
JU06660017,-1.0992,39.7301,3/6/2019,Estación punto de presa E. de Benagéber,DETERMINACION FÍSICO-QUÍMICA IN SITU,CLOROFILA A,0,µg/L,"<0,03",0.029999999,Fluorescencia atómica,DISCRETA,13,3/10/2019,4,S2A_MSIL2A_20190310T105851_N0211_R094_T30TXK_20190310T135315,0.0001,0.0055,0.0093,0.0001,0.0001,0.0001,0.0001,0.0001,0.0001,0.0001,0.001,0.0015,0,6,0,0.013458
JU06660017,-1.0992,39.7301,3/6/2019,Estación punto de presa E. de Benagéber,DETERMINACION FÍSICO-QUÍMICA IN SITU,CLOROFILA A,0,µg/L,"<0,03",0.029999999,Fluorescencia atómica,DISCRETA,20,3/10/2019,4,S2A_MSIL2A_20190310T105851_N0211_R094_T30TXK_20190310T135315,0.0001,0.0055,0.0093,0.0001,0.0001,0.0001,0.0001,0.0001,0.0001,0.0001,0.001,0.0015,0,6,0,0.013458
JU06660017,-1.0992,39.7301,3/6/2019,Estación punto de presa E. de Benagéber,DETERMINACION FÍSICO-QUÍMICA IN SITU,CLOROFILA A,0,µg/L,"<0,03",0.029999999,Fluorescencia atómica,DISCRETA,23,3/10/2019,4,S2A_MSIL2A_20190310T105851_N0211_R094_T30TXK_20190310T135315,0.0001,0.0055,0.0093,0.0001,0.0001,0.0001,0.0001,0.0001,0.0001,0.0001,0.001,0.0015,0,6,0,0.013458
JU06660017,-1.0992,39.7301,3/6/2019,Estación punto de presa E. de Benagéber,DETERMINACION FÍSICO-QUÍMICA IN SITU,CLOROFILA A,0,µg/L,"<0,03",0.029999999,Fluorescencia atómica,DISCRETA,27,3/10/2019,4,S2A_MSIL2A_20190310T105851_N0211_R094_T30TXK_20190310T135315,0.0001,0.0055,0.0093,0.0001,0.0001,0.0001,0.0001,0.0001,0.0001,0.0001,0.001,0.0015,0,6,0,0.013458
JU06660017,-1.0992,39.7301,3/6/2019,Estación punto de presa E. de Benagéber,DETERMINACION FÍSICO-QUÍMICA IN SITU,CLOROFILA A,0,µg/L,"<0,03",0.029999999,Fluorescencia atómica,DISCRETA,32,3/10/2019,4,S2A_MSIL2A_20190310T105851_N0211_R094_T30TXK_20190310T135315,0.0001,0.0055,0.0093,0.0001,0.0001,0.0001,0.0001,0.0001,0.0001,0.0001,0.001,0.0015,0,6,0,0.013458
JU06660017,-1.0992,39.7301,3/6/2019,Estación punto de presa E. de Benagéber,DETERMINACION FÍSICO-QUÍMICA IN SITU,CLOROFILA A,0,µg/L,"<0,03",0.029999999,Fluorescencia atómica,DISCRETA,14,3/10/2019,4,S2A_MSIL2A_20190310T105851_N0211_R094_T30TXK_20190310T135315,0.0001,0.0055,0.0093,0.0001,0.0001,0.0001,0.0001,0.0001,0.0001,0.0001,0.001,0.0015,0,6,0,0.013458
JU06660017,-1.0992,39.7301,3/6/2019,Estación punto de presa E. de Benagéber,DETERMINACION FÍSICO-QUÍMICA IN SITU,CLOROFILA A,0,µg/L,"<0,03",0.029999999,Fluorescencia atómica,DISCRETA,25,3/10/2019,4,S2A_MSIL2A_20190310T105851_N0211_R094_T30TXK_20190310T135315,0.0001,0.0055,0.0093,0.0001,0.0001,0.0001,0.0001,0.0001,0.0001,0.0001,0.001,0.0015,0,6,0,0.013458
JU06660017,-1.0992,39.7301,3/6/2019,Estación punto de presa E. de Benagéber,DETERMINACION FÍSICO-QUÍMICA IN SITU,CLOROFILA A,0,µg/L,"<0,03",0.029999999,Fluorescencia atómica,DISCRETA,2,3/10/2019,4,S2A_MSIL2A_20190310T105851_N0211_R094_T30TXK_20190310T135315,0.0001,0.0055,0.0093,0.0001,0.0001,0.0001,0.0001,0.0001,0.0001,0.0001,0.001,0.0015,0,6,0,0.013458
JU06660017,-1.0992,39.7301,3/6/2019,Estación punto de presa E. de Benagéber,DETERMINACION FÍSICO-QUÍMICA IN SITU,CLOROFILA A,0,µg/L,"<0,03",0.029999999,Fluorescencia atómica,DISCRETA,30,3/10/2019,4,S2A_MSIL2A_20190310T105851_N0211_R094_T30TXK_20190310T135315,0.0001,0.0055,0.0093,0.0001,0.0001,0.0001,0.0001,0.0001,0.0001,0.0001,0.001,0.0015,0,6,0,0.013458
JU06660017,-1.0992,39.7301,3/6/2019,Estación punto de presa E. de Benagéber,DETERMINACION FÍSICO-QUÍMICA IN SITU,CLOROFILA A,0,µg/L,"<0,03",0.029999999,Fluorescencia atómica,DISCRETA,34,3/10/2019,4,S2A_MSIL2A_20190310T105851_N0211_R094_T30TXK_20190310T135315,0.0001,0.0055,0.0093,0.0001,0.0001,0.0001,0.0001,0.0001,0.0001,0.0001,0.001,0.0015,0,6,0,0.013458
JU06660017,-1.0992,39.7301,3/6/2019,Estación punto de presa E. de Benagéber,DETERMINACION FÍSICO-QUÍMICA IN SITU,CLOROFILA A,0,µg/L,"<0,03",0.029999999,Fluorescencia atómica,DISCRETA,4,3/10/2019,4,S2A_MSIL2A_20190310T105851_N0211_R094_T30TXK_20190310T135315,0.0001,0.0055,0.0093,0.0001,0.0001,0.0001,0.0001,0.0001,0.0001,0.0001,0.001,0.0015,0,6,0,0.013458
JU06660017,-1.0992,39.7301,3/6/2019,Estación punto de presa E. de Benagéber,DETERMINACION FÍSICO-QUÍMICA IN SITU,CLOROFILA A,0,µg/L,"<0,03",0.029999999,Fluorescencia atómica,DISCRETA,10,3/10/2019,4,S2A_MSIL2A_20190310T105851_N0211_R094_T30TXK_20190310T135315,0.0001,0.0055,0.0093,0.0001,0.0001,0.0001,0.0001,0.0001,0.0001,0.0001,0.001,0.0015,0,6,0,0.013458
JU06660017,-1.0992,39.7301,3/6/2019,Estación punto de presa E. de Benagéber,DETERMINACION FÍSICO-QUÍMICA IN SITU,CLOROFILA A,0,µg/L,"<0,03",0.029999999,Fluorescencia atómica,DISCRETA,15,3/10/2019,4,S2A_MSIL2A_20190310T105851_N0211_R094_T30TXK_20190310T135315,0.0001,0.0055,0.0093,0.0001,0.0001,0.0001,0.0001,0.0001,0.0001,0.0001,0.001,0.0015,0,6,0,0.013458
JU06660017,-1.0992,39.7301,3/6/2019,Estación punto de presa E. de Benagéber,DETERMINACION FÍSICO-QUÍMICA IN SITU,CLOROFILA A,0,µg/L,"<0,03",0.029999999,Fluorescencia atómica,DISCRETA,16,3/10/2019,4,S2A_MSIL2A_20190310T105851_N0211_R094_T30TXK_20190310T135315,0.0001,0.0055,0.0093,0.0001,0.0001,0.0001,0.0001,0.0001,0.0001,0.0001,0.001,0.0015,0,6,0,0.013458
JU06660017,-1.0992,39.7301,3/6/2019,Estación punto de presa E. de Benagéber,DETERMINACION FÍSICO-QUÍMICA IN SITU,CLOROFILA A,0,µg/L,"<0,03",0.029999999,Fluorescencia atómica,DISCRETA,35,3/10/2019,4,S2A_MSIL2A_20190310T105851_N0211_R094_T30TXK_20190310T135315,0.0001,0.0055,0.0093,0.0001,0.0001,0.0001,0.0001,0.0001,0.0001,0.0001,0.001,0.0015,0,6,0,0.013458
JU06660017,-1.0992,39.7301,3/6/2019,Estación punto de presa E. de Benagéber,TOMA DE MUESTRAS PARA LABORATORIO,SOLIDOS EN SUSPENSION,2.6,mg/L,"2,6",2,Gravimetría,INTEGRADA,-1,3/10/2019,4,S2A_MSIL2A_20190310T105851_N0211_R094_T30TXK_20190310T135315,0.0001,0.0055,0.0093,0.0001,0.0001,0.0001,0.0001,0.0001,0.0001,0.0001,0.001,0.0015,0,6,0,0.013458
JU06660017,-1.0992,39.7301,3/6/2019,Estación punto de presa E. de Benagéber,DETERMINACION FÍSICO-QUÍMICA IN SITU,CLOROFILA A,0,µg/L,"<0,03",0.029999999,Fluorescencia atómica,DISCRETA,18,3/10/2019,4,S2A_MSIL2A_20190310T105851_N0211_R094_T30TXK_20190310T135315,0.0001,0.0055,0.0093,0.0001,0.0001,0.0001,0.0001,0.0001,0.0001,0.0001,0.001,0.0015,0,6,0,0.013458
JU06660017,-1.0992,39.7301,3/6/2019,Estación punto de presa E. de Benagéber,DETERMINACION FÍSICO-QUÍMICA IN SITU,CLOROFILA A,0,µg/L,"<0,03",0.029999999,Fluorescencia atómica,DISCRETA,5,3/10/2019,4,S2A_MSIL2A_20190310T105851_N0211_R094_T30TXK_20190310T135315,0.0001,0.0055,0.0093,0.0001,0.0001,0.0001,0.0001,0.0001,0.0001,0.0001,0.001,0.0015,0,6,0,0.013458
JU06660017,-1.0992,39.7301,3/6/2019,Estación punto de presa E. de Benagéber,DETERMINACION FÍSICO-QUÍMICA IN SITU,CLOROFILA A,0,µg/L,"<0,03",0.029999999,Fluorescencia atómica,DISCRETA,29,3/10/2019,4,S2A_MSIL2A_20190310T105851_N0211_R094_T30TXK_20190310T135315,0.0001,0.0055,0.0093,0.0001,0.0001,0.0001,0.0001,0.0001,0.0001,0.0001,0.001,0.0015,0,6,0,0.013458
JU06660017,-1.0992,39.7301,3/6/2019,Estación punto de presa E. de Benagéber,DETERMINACION FÍSICO-QUÍMICA IN SITU,CLOROFILA A,0,µg/L,"<0,03",0.029999999,Fluorescencia atómica,DISCRETA,31,3/10/2019,4,S2A_MSIL2A_20190310T105851_N0211_R094_T30TXK_20190310T135315,0.0001,0.0055,0.0093,0.0001,0.0001,0.0001,0.0001,0.0001,0.0001,0.0001,0.001,0.0015,0,6,0,0.013458
JU06660017,-1.0992,39.7301,3/6/2019,Estación punto de presa E. de Benagéber,DETERMINACION FÍSICO-QUÍMICA IN SITU,CLOROFILA A,0,µg/L,"<0,03",0.029999999,Fluorescencia atómica,DISCRETA,33,3/10/2019,4,S2A_MSIL2A_20190310T105851_N0211_R094_T30TXK_20190310T135315,0.0001,0.0055,0.0093,0.0001,0.0001,0.0001,0.0001,0.0001,0.0001,0.0001,0.001,0.0015,0,6,0,0.013458
JU06660017,-1.0992,39.7301,3/6/2019,Estación punto de presa E. de Benagéber,DETERMINACION FÍSICO-QUÍMICA IN SITU,CLOROFILA A,0,µg/L,"<0,03",0.029999999,Fluorescencia atómica,DISCRETA,42,3/10/2019,4,S2A_MSIL2A_20190310T105851_N0211_R094_T30TXK_20190310T135315,0.0001,0.0055,0.0093,0.0001,0.0001,0.0001,0.0001,0.0001,0.0001,0.0001,0.001,0.0015,0,6,0,0.013458
JU06660017,-1.0992,39.7301,3/6/2019,Estación punto de presa E. de Benagéber,TOMA DE MUESTRAS PARA LABORATORIO,FOSFORO TOTAL,0,mg P/l,"<0,02",0.02,Espectofotometría de absorción molecular,INTEGRADA,-1,3/10/2019,4,S2A_MSIL2A_20190310T105851_N0211_R094_T30TXK_20190310T135315,0.0001,0.0055,0.0093,0.0001,0.0001,0.0001,0.0001,0.0001,0.0001,0.0001,0.001,0.0015,0,6,0,0.013458
JU06660017,-1.0992,39.7301,3/6/2019,Estación punto de presa E. de Benagéber,DETERMINACION FÍSICO-QUÍMICA IN SITU,Profundidad del disco de secchi,8.5,m,,,,INTEGRADA,-1,3/10/2019,4,S2A_MSIL2A_20190310T105851_N0211_R094_T30TXK_20190310T135315,0.0001,0.0055,0.0093,0.0001,0.0001,0.0001,0.0001,0.0001,0.0001,0.0001,0.001,0.0015,0,6,0,0.013458
JU06150028,-0.2307,40.0116,12/26/2018,Estación punto de presa E. de Sitjar,DETERMINACION FÍSICO-QUÍMICA IN SITU,CLOROFILA A,1.41,µg/L,"1,41",,Fluorescencia atómica,DISCRETA,16,12/22/2018,4,S2B_MSIL2A_20181222T105449_N0211_R051_T30TYK_20181222T113454,0.0182,0.0406,0.0618,0.0283,0.0197,0.0082,0.0117,0.0096,0.0097,0.0126,0.0107,0.0098,0,6,1,7.677579
JU06150028,-0.2307,40.0116,12/26/2018,Estación punto de presa E. de Sitjar,DETERMINACION FÍSICO-QUÍMICA IN SITU,CLOROFILA A,1.22,µg/L,"1,22",,Fluorescencia atómica,DISCRETA,18,12/22/2018,4,S2B_MSIL2A_20181222T105449_N0211_R051_T30TYK_20181222T113454,0.0182,0.0406,0.0618,0.0283,0.0197,0.0082,0.0117,0.0096,0.0097,0.0126,0.0107,0.0098,0,6,1,7.677579
JU06150028,-0.2307,40.0116,12/26/2018,Estación punto de presa E. de Sitjar,DETERMINACION FÍSICO-QUÍMICA IN SITU,CLOROFILA A,0.86,µg/L,"0,86",,Fluorescencia atómica,DISCRETA,20,12/22/2018,4,S2B_MSIL2A_20181222T105449_N0211_R051_T30TYK_20181222T113454,0.0182,0.0406,0.0618,0.0283,0.0197,0.0082,0.0117,0.0096,0.0097,0.0126,0.0107,0.0098,0,6,1,7.677579
JU06150028,-0.2307,40.0116,12/26/2018,Estación punto de presa E. de Sitjar,DETERMINACION FÍSICO-QUÍMICA IN SITU,CLOROFILA A,0.79,µg/L,"0,79",,Fluorescencia atómica,DISCRETA,24,12/22/2018,4,S2B_MSIL2A_20181222T105449_N0211_R051_T30TYK_20181222T113454,0.0182,0.0406,0.0618,0.0283,0.0197,0.0082,0.0117,0.0096,0.0097,0.0126,0.0107,0.0098,0,6,1,7.677579
JU06150028,-0.2307,40.0116,12/26/2018,Estación punto de presa E. de Sitjar,DETERMINACION FÍSICO-QUÍMICA IN SITU,CLOROFILA A,1.49,µg/L,"1,49",,Fluorescencia atómica,DISCRETA,15,12/22/2018,4,S2B_MSIL2A_20181222T105449_N0211_R051_T30TYK_20181222T113454,0.0182,0.0406,0.0618,0.0283,0.0197,0.0082,0.0117,0.0096,0.0097,0.0126,0.0107,0.0098,0,6,1,7.677579
JU06150028,-0.2307,40.0116,12/26/2018,Estación punto de presa E. de Sitjar,DETERMINACION FÍSICO-QUÍMICA IN SITU,CLOROFILA A,1.52,µg/L,"1,52",,Fluorescencia atómica,DISCRETA,2,12/22/2018,4,S2B_MSIL2A_20181222T105449_N0211_R051_T30TYK_20181222T113454,0.0182,0.0406,0.0618,0.0283,0.0197,0.0082,0.0117,0.0096,0.0097,0.0126,0.0107,0.0098,0,6,1,7.677579
JU06150028,-0.2307,40.0116,12/26/2018,Estación punto de presa E. de Sitjar,DETERMINACION FÍSICO-QUÍMICA IN SITU,CLOROFILA A,1.59,µg/L,"1,59",,Fluorescencia atómica,DISCRETA,4,12/22/2018,4,S2B_MSIL2A_20181222T105449_N0211_R051_T30TYK_20181222T113454,0.0182,0.0406,0.0618,0.0283,0.0197,0.0082,0.0117,0.0096,0.0097,0.0126,0.0107,0.0098,0,6,1,7.677579
JU06150028,-0.2307,40.0116,12/26/2018,Estación punto de presa E. de Sitjar,DETERMINACION FÍSICO-QUÍMICA IN SITU,CLOROFILA A,0.88,µg/L,"0,88",,Fluorescencia atómica,DISCRETA,25,12/22/2018,4,S2B_MSIL2A_20181222T105449_N0211_R051_T30TYK_20181222T113454,0.0182,0.0406,0.0618,0.0283,0.0197,0.0082,0.0117,0.0096,0.0097,0.0126,0.0107,0.0098,0,6,1,7.677579
JU06150028,-0.2307,40.0116,12/26/2018,Estación punto de presa E. de Sitjar,DETERMINACION FÍSICO-QUÍMICA IN SITU,CLOROFILA A,0.98,µg/L,"0,98",,Fluorescencia atómica,DISCRETA,0,12/22/2018,4,S2B_MSIL2A_20181222T105449_N0211_R051_T30TYK_20181222T113454,0.0182,0.0406,0.0618,0.0283,0.0197,0.0082,0.0117,0.0096,0.0097,0.0126,0.0107,0.0098,0,6,1,7.677579
JU06150028,-0.2307,40.0116,12/26/2018,Estación punto de presa E. de Sitjar,DETERMINACION FÍSICO-QUÍMICA IN SITU,CLOROFILA A,1.27,µg/L,"1,27",,Fluorescencia atómica,DISCRETA,14,12/22/2018,4,S2B_MSIL2A_20181222T105449_N0211_R051_T30TYK_20181222T113454,0.0182,0.0406,0.0618,0.0283,0.0197,0.0082,0.0117,0.0096,0.0097,0.0126,0.0107,0.0098,0,6,1,7.677579
JU06150028,-0.2307,40.0116,12/26/2018,Estación punto de presa E. de Sitjar,DETERMINACION FÍSICO-QUÍMICA IN SITU,CLOROFILA A,1.22,µg/L,"1,22",,Fluorescencia atómica,DISCRETA,1,12/22/2018,4,S2B_MSIL2A_20181222T105449_N0211_R051_T30TYK_20181222T113454,0.0182,0.0406,0.0618,0.0283,0.0197,0.0082,0.0117,0.0096,0.0097,0.0126,0.0107,0.0098,0,6,1,7.677579
JU06150028,-0.2307,40.0116,12/26/2018,Estación punto de presa E. de Sitjar,DETERMINACION FÍSICO-QUÍMICA IN SITU,CLOROFILA A,0.79,µg/L,"0,79",,Fluorescencia atómica,DISCRETA,21,12/22/2018,4,S2B_MSIL2A_20181222T105449_N0211_R051_T30TYK_20181222T113454,0.0182,0.0406,0.0618,0.0283,0.0197,0.0082,0.0117,0.0096,0.0097,0.0126,0.0107,0.0098,0,6,1,7.677579
JU06150028,-0.2307,40.0116,12/26/2018,Estación punto de presa E. de Sitjar,DETERMINACION FÍSICO-QUÍMICA IN SITU,CLOROFILA A,0.77,µg/L,"0,77",,Fluorescencia atómica,DISCRETA,23,12/22/2018,4,S2B_MSIL2A_20181222T105449_N0211_R051_T30TYK_20181222T113454,0.0182,0.0406,0.0618,0.0283,0.0197,0.0082,0.0117,0.0096,0.0097,0.0126,0.0107,0.0098,0,6,1,7.677579
JU06150028,-0.2307,40.0116,12/26/2018,Estación punto de presa E. de Sitjar,DETERMINACION FÍSICO-QUÍMICA IN SITU,CLOROFILA A,1.34,µg/L,"1,34",,Fluorescencia atómica,DISCRETA,11,12/22/2018,4,S2B_MSIL2A_20181222T105449_N0211_R051_T30TYK_20181222T113454,0.0182,0.0406,0.0618,0.0283,0.0197,0.0082,0.0117,0.0096,0.0097,0.0126,0.0107,0.0098,0,6,1,7.677579
JU06150028,-0.2307,40.0116,12/26/2018,Estación punto de presa E. de Sitjar,DETERMINACION FÍSICO-QUÍMICA IN SITU,CLOROFILA A,1.36,µg/L,"1,36",,Fluorescencia atómica,DISCRETA,7,12/22/2018,4,S2B_MSIL2A_20181222T105449_N0211_R051_T30TYK_20181222T113454,0.0182,0.0406,0.0618,0.0283,0.0197,0.0082,0.0117,0.0096,0.0097,0.0126,0.0107,0.0098,0,6,1,7.677579
JU06150028,-0.2307,40.0116,12/26/2018,Estación punto de presa E. de Sitjar,DETERMINACION FÍSICO-QUÍMICA IN SITU,CLOROFILA A,1.27,µg/L,"1,27",,Fluorescencia atómica,DISCRETA,9,12/22/2018,4,S2B_MSIL2A_20181222T105449_N0211_R051_T30TYK_20181222T113454,0.0182,0.0406,0.0618,0.0283,0.0197,0.0082,0.0117,0.0096,0.0097,0.0126,0.0107,0.0098,0,6,1,7.677579
JU06150028,-0.2307,40.0116,12/26/2018,Estación punto de presa E. de Sitjar,TOMA DE MUESTRAS PARA LABORATORIO,SOLIDOS EN SUSPENSION,0,mg/L,<2,2,Gravimetría,INTEGRADA,-1,12/22/2018,4,S2B_MSIL2A_20181222T105449_N0211_R051_T30TYK_20181222T113454,0.0182,0.0406,0.0618,0.0283,0.0197,0.0082,0.0117,0.0096,0.0097,0.0126,0.0107,0.0098,0,6,1,7.677579
JU06150028,-0.2307,40.0116,12/26/2018,Estación punto de presa E. de Sitjar,DETERMINACION FÍSICO-QUÍMICA IN SITU,CLOROFILA A,1.38,µg/L,"1,38",,Fluorescencia atómica,DISCRETA,10,12/22/2018,4,S2B_MSIL2A_20181222T105449_N0211_R051_T30TYK_20181222T113454,0.0182,0.0406,0.0618,0.0283,0.0197,0.0082,0.0117,0.0096,0.0097,0.0126,0.0107,0.0098,0,6,1,7.677579
JU06150028,-0.2307,40.0116,12/26/2018,Estación punto de presa E. de Sitjar,DETERMINACION FÍSICO-QUÍMICA IN SITU,CLOROFILA A,1.31,µg/L,"1,31",,Fluorescencia atómica,DISCRETA,17,12/22/2018,4,S2B_MSIL2A_20181222T105449_N0211_R051_T30TYK_20181222T113454,0.0182,0.0406,0.0618,0.0283,0.0197,0.0082,0.0117,0.0096,0.0097,0.0126,0.0107,0.0098,0,6,1,7.677579
JU06150028,-0.2307,40.0116,12/26/2018,Estación punto de presa E. de Sitjar,DETERMINACION FÍSICO-QUÍMICA IN SITU,CLOROFILA A,1.02,µg/L,"1,02",,Fluorescencia atómica,DISCRETA,19,12/22/2018,4,S2B_MSIL2A_20181222T105449_N0211_R051_T30TYK_20181222T113454,0.0182,0.0406,0.0618,0.0283,0.0197,0.0082,0.0117,0.0096,0.0097,0.0126,0.0107,0.0098,0,6,1,7.677579
JU06150028,-0.2307,40.0116,12/26/2018,Estación punto de presa E. de Sitjar,DETERMINACION FÍSICO-QUÍMICA IN SITU,CLOROFILA A,0.69,µg/L,"0,69",,Fluorescencia atómica,DISCRETA,22,12/22/2018,4,S2B_MSIL2A_20181222T105449_N0211_R051_T30TYK_20181222T113454,0.0182,0.0406,0.0618,0.0283,0.0197,0.0082,0.0117,0.0096,0.0097,0.0126,0.0107,0.0098,0,6,1,7.677579
JU06150028,-0.2307,40.0116,12/26/2018,Estación punto de presa E. de Sitjar,DETERMINACION FÍSICO-QUÍMICA IN SITU,CLOROFILA A,1.56,µg/L,"1,56",,Fluorescencia atómica,DISCRETA,12,12/22/2018,4,S2B_MSIL2A_20181222T105449_N0211_R051_T30TYK_20181222T113454,0.0182,0.0406,0.0618,0.0283,0.0197,0.0082,0.0117,0.0096,0.0097,0.0126,0.0107,0.0098,0,6,1,7.677579
JU06150028,-0.2307,40.0116,12/26/2018,Estación punto de presa E. de Sitjar,DETERMINACION FÍSICO-QUÍMICA IN SITU,CLOROFILA A,1.49,µg/L,"1,49",,Fluorescencia atómica,DISCRETA,3,12/22/2018,4,S2B_MSIL2A_20181222T105449_N0211_R051_T30TYK_20181222T113454,0.0182,0.0406,0.0618,0.0283,0.0197,0.0082,0.0117,0.0096,0.0097,0.0126,0.0107,0.0098,0,6,1,7.677579
JU06150028,-0.2307,40.0116,12/26/2018,Estación punto de presa E. de Sitjar,DETERMINACION FÍSICO-QUÍMICA IN SITU,CLOROFILA A,1.38,µg/L,"1,38",,Fluorescencia atómica,DISCRETA,5,12/22/2018,4,S2B_MSIL2A_20181222T105449_N0211_R051_T30TYK_20181222T113454,0.0182,0.0406,0.0618,0.0283,0.0197,0.0082,0.0117,0.0096,0.0097,0.0126,0.0107,0.0098,0,6,1,7.677579
JU06150028,-0.2307,40.0116,12/26/2018,Estación punto de presa E. de Sitjar,DETERMINACION FÍSICO-QUÍMICA IN SITU,CLOROFILA A,1.34,µg/L,"1,34",,Fluorescencia atómica,DISCRETA,6,12/22/2018,4,S2B_MSIL2A_20181222T105449_N0211_R051_T30TYK_20181222T113454,0.0182,0.0406,0.0618,0.0283,0.0197,0.0082,0.0117,0.0096,0.0097,0.0126,0.0107,0.0098,0,6,1,7.677579
JU06150028,-0.2307,40.0116,12/26/2018,Estación punto de presa E. de Sitjar,DETERMINACION FÍSICO-QUÍMICA IN SITU,CLOROFILA A,1.54,µg/L,"1,54",,Fluorescencia atómica,DISCRETA,13,12/22/2018,4,S2B_MSIL2A_20181222T105449_N0211_R051_T30TYK_20181222T113454,0.0182,0.0406,0.0618,0.0283,0.0197,0.0082,0.0117,0.0096,0.0097,0.0126,0.0107,0.0098,0,6,1,7.677579
JU06150028,-0.2307,40.0116,12/26/2018,Estación punto de presa E. de Sitjar,DETERMINACION FÍSICO-QUÍMICA IN SITU,CLOROFILA A,1.3,µg/L,"1,3",,Fluorescencia atómica,DISCRETA,8,12/22/2018,4,S2B_MSIL2A_20181222T105449_N0211_R051_T30TYK_20181222T113454,0.0182,0.0406,0.0618,0.0283,0.0197,0.0082,0.0117,0.0096,0.0097,0.0126,0.0107,0.0098,0,6,1,7.677579
JU06150028,-0.2307,40.0116,12/26/2018,Estación punto de presa E. de Sitjar,TOMA DE MUESTRAS PARA LABORATORIO,FOSFORO TOTAL,0.083,mg P/l,"0,083",0.02,Espectofotometría de absorción molecular,INTEGRADA,-1,12/22/2018,4,S2B_MSIL2A_20181222T105449_N0211_R051_T30TYK_20181222T113454,0.0182,0.0406,0.0618,0.0283,0.0197,0.0082,0.0117,0.0096,0.0097,0.0126,0.0107,0.0098,0,6,1,7.677579
JU06150028,-0.2307,40.0116,12/26/2018,Estación punto de presa E. de Sitjar,DETERMINACION FÍSICO-QUÍMICA IN SITU,Profundidad del disco de secchi,2.5,m,,,,INTEGRADA,-1,12/22/2018,4,S2B_MSIL2A_20181222T105449_N0211_R051_T30TYK_20181222T113454,0.0182,0.0406,0.0618,0.0283,0.0197,0.0082,0.0117,0.0096,0.0097,0.0126,0.0107,0.0098,0,6,1,7.677579
JU06660017,-1.0992,39.7301,12/4/2018,Estación punto de presa E. de Benagéber,DETERMINACION FÍSICO-QUÍMICA IN SITU,CLOROFILA A,1.92,µg/L,"1,92",,Fluorescencia atómica,DISCRETA,1,12/7/2018,3,S2A_MSIL2A_20181207T105421_N0211_R051_T30SXJ_20181207T121510,0.0075,0.0167,0.0315,0.0072,0.0014,0.0001,0.0001,0.0001,0.0002,0.0008,0.0005,0.0007,0,6,0,5.957957
JU06660017,-1.0992,39.7301,12/4/2018,Estación punto de presa E. de Benagéber,DETERMINACION FÍSICO-QUÍMICA IN SITU,CLOROFILA A,1.81,µg/L,"1,81",,Fluorescencia atómica,DISCRETA,2,12/7/2018,3,S2A_MSIL2A_20181207T105421_N0211_R051_T30SXJ_20181207T121510,0.0075,0.0167,0.0315,0.0072,0.0014,0.0001,0.0001,0.0001,0.0002,0.0008,0.0005,0.0007,0,6,0,5.957957
JU06660017,-1.0992,39.7301,12/4/2018,Estación punto de presa E. de Benagéber,DETERMINACION FÍSICO-QUÍMICA IN SITU,CLOROFILA A,1.06,µg/L,"1,06",,Fluorescencia atómica,DISCRETA,37,12/7/2018,3,S2A_MSIL2A_20181207T105421_N0211_R051_T30SXJ_20181207T121510,0.0075,0.0167,0.0315,0.0072,0.0014,0.0001,0.0001,0.0001,0.0002,0.0008,0.0005,0.0007,0,6,0,5.957957
JU06660017,-1.0992,39.7301,12/4/2018,Estación punto de presa E. de Benagéber,DETERMINACION FÍSICO-QUÍMICA IN SITU,CLOROFILA A,1.19,µg/L,"1,19",,Fluorescencia atómica,DISCRETA,42,12/7/2018,3,S2A_MSIL2A_20181207T105421_N0211_R051_T30SXJ_20181207T121510,0.0075,0.0167,0.0315,0.0072,0.0014,0.0001,0.0001,0.0001,0.0002,0.0008,0.0005,0.0007,0,6,0,5.957957
JU06660017,-1.0992,39.7301,12/4/2018,Estación punto de presa E. de Benagéber,DETERMINACION FÍSICO-QUÍMICA IN SITU,CLOROFILA A,1.52,µg/L,"1,52",,Fluorescencia atómica,DISCRETA,49,12/7/2018,3,S2A_MSIL2A_20181207T105421_N0211_R051_T30SXJ_20181207T121510,0.0075,0.0167,0.0315,0.0072,0.0014,0.0001,0.0001,0.0001,0.0002,0.0008,0.0005,0.0007,0,6,0,5.957957
JU06660017,-1.0992,39.7301,12/4/2018,Estación punto de presa E. de Benagéber,DETERMINACION FÍSICO-QUÍMICA IN SITU,CLOROFILA A,1.41,µg/L,"1,41",,Fluorescencia atómica,DISCRETA,17,12/7/2018,3,S2A_MSIL2A_20181207T105421_N0211_R051_T30SXJ_20181207T121510,0.0075,0.0167,0.0315,0.0072,0.0014,0.0001,0.0001,0.0001,0.0002,0.0008,0.0005,0.0007,0,6,0,5.957957
JU06660017,-1.0992,39.7301,12/4/2018,Estación punto de presa E. de Benagéber,DETERMINACION FÍSICO-QUÍMICA IN SITU,CLOROFILA A,0.96,µg/L,"0,96",,Fluorescencia atómica,DISCRETA,29,12/7/2018,3,S2A_MSIL2A_20181207T105421_N0211_R051_T30SXJ_20181207T121510,0.0075,0.0167,0.0315,0.0072,0.0014,0.0001,0.0001,0.0001,0.0002,0.0008,0.0005,0.0007,0,6,0,5.957957
JU06660017,-1.0992,39.7301,12/4/2018,Estación punto de presa E. de Benagéber,DETERMINACION FÍSICO-QUÍMICA IN SITU,CLOROFILA A,0.98,µg/L,"0,98",,Fluorescencia atómica,DISCRETA,32,12/7/2018,3,S2A_MSIL2A_20181207T105421_N0211_R051_T30SXJ_20181207T121510,0.0075,0.0167,0.0315,0.0072,0.0014,0.0001,0.0001,0.0001,0.0002,0.0008,0.0005,0.0007,0,6,0,5.957957
JU06660017,-1.0992,39.7301,12/4/2018,Estación punto de presa E. de Benagéber,DETERMINACION FÍSICO-QUÍMICA IN SITU,CLOROFILA A,1.81,µg/L,"1,81",,Fluorescencia atómica,DISCRETA,5,12/7/2018,3,S2A_MSIL2A_20181207T105421_N0211_R051_T30SXJ_20181207T121510,0.0075,0.0167,0.0315,0.0072,0.0014,0.0001,0.0001,0.0001,0.0002,0.0008,0.0005,0.0007,0,6,0,5.957957
JU06660017,-1.0992,39.7301,12/4/2018,Estación punto de presa E. de Benagéber,DETERMINACION FÍSICO-QUÍMICA IN SITU,CLOROFILA A,1.09,µg/L,"1,09",,Fluorescencia atómica,DISCRETA,23,12/7/2018,3,S2A_MSIL2A_20181207T105421_N0211_R051_T30SXJ_20181207T121510,0.0075,0.0167,0.0315,0.0072,0.0014,0.0001,0.0001,0.0001,0.0002,0.0008,0.0005,0.0007,0,6,0,5.957957
JU06660017,-1.0992,39.7301,12/4/2018,Estación punto de presa E. de Benagéber,DETERMINACION FÍSICO-QUÍMICA IN SITU,CLOROFILA A,1.05,µg/L,"1,05",,Fluorescencia atómica,DISCRETA,24,12/7/2018,3,S2A_MSIL2A_20181207T105421_N0211_R051_T30SXJ_20181207T121510,0.0075,0.0167,0.0315,0.0072,0.0014,0.0001,0.0001,0.0001,0.0002,0.0008,0.0005,0.0007,0,6,0,5.957957
JU06660017,-1.0992,39.7301,12/4/2018,Estación punto de presa E. de Benagéber,DETERMINACION FÍSICO-QUÍMICA IN SITU,CLOROFILA A,0.94,µg/L,"0,94",,Fluorescencia atómica,DISCRETA,26,12/7/2018,3,S2A_MSIL2A_20181207T105421_N0211_R051_T30SXJ_20181207T121510,0.0075,0.0167,0.0315,0.0072,0.0014,0.0001,0.0001,0.0001,0.0002,0.0008,0.0005,0.0007,0,6,0,5.957957
JU06660017,-1.0992,39.7301,12/4/2018,Estación punto de presa E. de Benagéber,DETERMINACION FÍSICO-QUÍMICA IN SITU,CLOROFILA A,1.09,µg/L,"1,09",,Fluorescencia atómica,DISCRETA,34,12/7/2018,3,S2A_MSIL2A_20181207T105421_N0211_R051_T30SXJ_20181207T121510,0.0075,0.0167,0.0315,0.0072,0.0014,0.0001,0.0001,0.0001,0.0002,0.0008,0.0005,0.0007,0,6,0,5.957957
JU06660017,-1.0992,39.7301,12/4/2018,Estación punto de presa E. de Benagéber,DETERMINACION FÍSICO-QUÍMICA IN SITU,CLOROFILA A,1.28,µg/L,"1,28",,Fluorescencia atómica,DISCRETA,44,12/7/2018,3,S2A_MSIL2A_20181207T105421_N0211_R051_T30SXJ_20181207T121510,0.0075,0.0167,0.0315,0.0072,0.0014,0.0001,0.0001,0.0001,0.0002,0.0008,0.0005,0.0007,0,6,0,5.957957
JU06660017,-1.0992,39.7301,12/4/2018,Estación punto de presa E. de Benagéber,DETERMINACION FÍSICO-QUÍMICA IN SITU,CLOROFILA A,1.35,µg/L,"1,35",,Fluorescencia atómica,DISCRETA,45,12/7/2018,3,S2A_MSIL2A_20181207T105421_N0211_R051_T30SXJ_20181207T121510,0.0075,0.0167,0.0315,0.0072,0.0014,0.0001,0.0001,0.0001,0.0002,0.0008,0.0005,0.0007,0,6,0,5.957957
JU06660017,-1.0992,39.7301,12/4/2018,Estación punto de presa E. de Benagéber,DETERMINACION FÍSICO-QUÍMICA IN SITU,CLOROFILA A,1.48,µg/L,"1,48",,Fluorescencia atómica,DISCRETA,48,12/7/2018,3,S2A_MSIL2A_20181207T105421_N0211_R051_T30SXJ_20181207T121510,0.0075,0.0167,0.0315,0.0072,0.0014,0.0001,0.0001,0.0001,0.0002,0.0008,0.0005,0.0007,0,6,0,5.957957
JU06660017,-1.0992,39.7301,12/4/2018,Estación punto de presa E. de Benagéber,DETERMINACION FÍSICO-QUÍMICA IN SITU,CLOROFILA A,2.1,µg/L,"2,1",,Fluorescencia atómica,DISCRETA,7,12/7/2018,3,S2A_MSIL2A_20181207T105421_N0211_R051_T30SXJ_20181207T121510,0.0075,0.0167,0.0315,0.0072,0.0014,0.0001,0.0001,0.0001,0.0002,0.0008,0.0005,0.0007,0,6,0,5.957957
JU06660017,-1.0992,39.7301,12/4/2018,Estación punto de presa E. de Benagéber,DETERMINACION FÍSICO-QUÍMICA IN SITU,CLOROFILA A,1.21,µg/L,"1,21",,Fluorescencia atómica,DISCRETA,38,12/7/2018,3,S2A_MSIL2A_20181207T105421_N0211_R051_T30SXJ_20181207T121510,0.0075,0.0167,0.0315,0.0072,0.0014,0.0001,0.0001,0.0001,0.0002,0.0008,0.0005,0.0007,0,6,0,5.957957
JU06660017,-1.0992,39.7301,12/4/2018,Estación punto de presa E. de Benagéber,DETERMINACION FÍSICO-QUÍMICA IN SITU,CLOROFILA A,1.69,µg/L,"1,69",,Fluorescencia atómica,DISCRETA,10,12/7/2018,3,S2A_MSIL2A_20181207T105421_N0211_R051_T30SXJ_20181207T121510,0.0075,0.0167,0.0315,0.0072,0.0014,0.0001,0.0001,0.0001,0.0002,0.0008,0.0005,0.0007,0,6,0,5.957957
JU06660017,-1.0992,39.7301,12/4/2018,Estación punto de presa E. de Benagéber,DETERMINACION FÍSICO-QUÍMICA IN SITU,CLOROFILA A,1.66,µg/L,"1,66",,Fluorescencia atómica,DISCRETA,12,12/7/2018,3,S2A_MSIL2A_20181207T105421_N0211_R051_T30SXJ_20181207T121510,0.0075,0.0167,0.0315,0.0072,0.0014,0.0001,0.0001,0.0001,0.0002,0.0008,0.0005,0.0007,0,6,0,5.957957
JU06660017,-1.0992,39.7301,12/4/2018,Estación punto de presa E. de Benagéber,DETERMINACION FÍSICO-QUÍMICA IN SITU,CLOROFILA A,1.81,µg/L,"1,81",,Fluorescencia atómica,DISCRETA,13,12/7/2018,3,S2A_MSIL2A_20181207T105421_N0211_R051_T30SXJ_20181207T121510,0.0075,0.0167,0.0315,0.0072,0.0014,0.0001,0.0001,0.0001,0.0002,0.0008,0.0005,0.0007,0,6,0,5.957957
JU06660017,-1.0992,39.7301,12/4/2018,Estación punto de presa E. de Benagéber,DETERMINACION FÍSICO-QUÍMICA IN SITU,CLOROFILA A,1.79,µg/L,"1,79",,Fluorescencia atómica,DISCRETA,14,12/7/2018,3,S2A_MSIL2A_20181207T105421_N0211_R051_T30SXJ_20181207T121510,0.0075,0.0167,0.0315,0.0072,0.0014,0.0001,0.0001,0.0001,0.0002,0.0008,0.0005,0.0007,0,6,0,5.957957
JU06660017,-1.0992,39.7301,12/4/2018,Estación punto de presa E. de Benagéber,DETERMINACION FÍSICO-QUÍMICA IN SITU,CLOROFILA A,1.81,µg/L,"1,81",,Fluorescencia atómica,DISCRETA,15,12/7/2018,3,S2A_MSIL2A_20181207T105421_N0211_R051_T30SXJ_20181207T121510,0.0075,0.0167,0.0315,0.0072,0.0014,0.0001,0.0001,0.0001,0.0002,0.0008,0.0005,0.0007,0,6,0,5.957957
JU06660017,-1.0992,39.7301,12/4/2018,Estación punto de presa E. de Benagéber,DETERMINACION FÍSICO-QUÍMICA IN SITU,CLOROFILA A,1.36,µg/L,"1,36",,Fluorescencia atómica,DISCRETA,19,12/7/2018,3,S2A_MSIL2A_20181207T105421_N0211_R051_T30SXJ_20181207T121510,0.0075,0.0167,0.0315,0.0072,0.0014,0.0001,0.0001,0.0001,0.0002,0.0008,0.0005,0.0007,0,6,0,5.957957
JU06660017,-1.0992,39.7301,12/4/2018,Estación punto de presa E. de Benagéber,DETERMINACION FÍSICO-QUÍMICA IN SITU,CLOROFILA A,0.87,µg/L,"0,87",,Fluorescencia atómica,DISCRETA,25,12/7/2018,3,S2A_MSIL2A_20181207T105421_N0211_R051_T30SXJ_20181207T121510,0.0075,0.0167,0.0315,0.0072,0.0014,0.0001,0.0001,0.0001,0.0002,0.0008,0.0005,0.0007,0,6,0,5.957957
JU06660017,-1.0992,39.7301,12/4/2018,Estación punto de presa E. de Benagéber,DETERMINACION FÍSICO-QUÍMICA IN SITU,CLOROFILA A,0.84,µg/L,"0,84",,Fluorescencia atómica,DISCRETA,27,12/7/2018,3,S2A_MSIL2A_20181207T105421_N0211_R051_T30SXJ_20181207T121510,0.0075,0.0167,0.0315,0.0072,0.0014,0.0001,0.0001,0.0001,0.0002,0.0008,0.0005,0.0007,0,6,0,5.957957
JU06660017,-1.0992,39.7301,12/4/2018,Estación punto de presa E. de Benagéber,DETERMINACION FÍSICO-QUÍMICA IN SITU,CLOROFILA A,1.09,µg/L,"1,09",,Fluorescencia atómica,DISCRETA,35,12/7/2018,3,S2A_MSIL2A_20181207T105421_N0211_R051_T30SXJ_20181207T121510,0.0075,0.0167,0.0315,0.0072,0.0014,0.0001,0.0001,0.0001,0.0002,0.0008,0.0005,0.0007,0,6,0,5.957957
JU06660017,-1.0992,39.7301,12/4/2018,Estación punto de presa E. de Benagéber,DETERMINACION FÍSICO-QUÍMICA IN SITU,CLOROFILA A,1.71,µg/L,"1,71",,Fluorescencia atómica,DISCRETA,3,12/7/2018,3,S2A_MSIL2A_20181207T105421_N0211_R051_T30SXJ_20181207T121510,0.0075,0.0167,0.0315,0.0072,0.0014,0.0001,0.0001,0.0001,0.0002,0.0008,0.0005,0.0007,0,6,0,5.957957
JU06660017,-1.0992,39.7301,12/4/2018,Estación punto de presa E. de Benagéber,DETERMINACION FÍSICO-QUÍMICA IN SITU,CLOROFILA A,1.07,µg/L,"1,07",,Fluorescencia atómica,DISCRETA,40,12/7/2018,3,S2A_MSIL2A_20181207T105421_N0211_R051_T30SXJ_20181207T121510,0.0075,0.0167,0.0315,0.0072,0.0014,0.0001,0.0001,0.0001,0.0002,0.0008,0.0005,0.0007,0,6,0,5.957957
JU06660017,-1.0992,39.7301,12/4/2018,Estación punto de presa E. de Benagéber,DETERMINACION FÍSICO-QUÍMICA IN SITU,CLOROFILA A,1.9,µg/L,"1,9",,Fluorescencia atómica,DISCRETA,11,12/7/2018,3,S2A_MSIL2A_20181207T105421_N0211_R051_T30SXJ_20181207T121510,0.0075,0.0167,0.0315,0.0072,0.0014,0.0001,0.0001,0.0001,0.0002,0.0008,0.0005,0.0007,0,6,0,5.957957
JU06660017,-1.0992,39.7301,12/4/2018,Estación punto de presa E. de Benagéber,DETERMINACION FÍSICO-QUÍMICA IN SITU,CLOROFILA A,1.13,µg/L,"1,13",,Fluorescencia atómica,DISCRETA,22,12/7/2018,3,S2A_MSIL2A_20181207T105421_N0211_R051_T30SXJ_20181207T121510,0.0075,0.0167,0.0315,0.0072,0.0014,0.0001,0.0001,0.0001,0.0002,0.0008,0.0005,0.0007,0,6,0,5.957957
JU06660017,-1.0992,39.7301,12/4/2018,Estación punto de presa E. de Benagéber,DETERMINACION FÍSICO-QUÍMICA IN SITU,CLOROFILA A,1,µg/L,1,,Fluorescencia atómica,DISCRETA,28,12/7/2018,3,S2A_MSIL2A_20181207T105421_N0211_R051_T30SXJ_20181207T121510,0.0075,0.0167,0.0315,0.0072,0.0014,0.0001,0.0001,0.0001,0.0002,0.0008,0.0005,0.0007,0,6,0,5.957957
JU06660017,-1.0992,39.7301,12/4/2018,Estación punto de presa E. de Benagéber,DETERMINACION FÍSICO-QUÍMICA IN SITU,CLOROFILA A,0.94,µg/L,"0,94",,Fluorescencia atómica,DISCRETA,30,12/7/2018,3,S2A_MSIL2A_20181207T105421_N0211_R051_T30SXJ_20181207T121510,0.0075,0.0167,0.0315,0.0072,0.0014,0.0001,0.0001,0.0001,0.0002,0.0008,0.0005,0.0007,0,6,0,5.957957
JU06660017,-1.0992,39.7301,12/4/2018,Estación punto de presa E. de Benagéber,DETERMINACION FÍSICO-QUÍMICA IN SITU,CLOROFILA A,1.07,µg/L,"1,07",,Fluorescencia atómica,DISCRETA,36,12/7/2018,3,S2A_MSIL2A_20181207T105421_N0211_R051_T30SXJ_20181207T121510,0.0075,0.0167,0.0315,0.0072,0.0014,0.0001,0.0001,0.0001,0.0002,0.0008,0.0005,0.0007,0,6,0,5.957957
JU06660017,-1.0992,39.7301,12/4/2018,Estación punto de presa E. de Benagéber,DETERMINACION FÍSICO-QUÍMICA IN SITU,CLOROFILA A,1.33,µg/L,"1,33",,Fluorescencia atómica,DISCRETA,39,12/7/2018,3,S2A_MSIL2A_20181207T105421_N0211_R051_T30SXJ_20181207T121510,0.0075,0.0167,0.0315,0.0072,0.0014,0.0001,0.0001,0.0001,0.0002,0.0008,0.0005,0.0007,0,6,0,5.957957
JU06660017,-1.0992,39.7301,12/4/2018,Estación punto de presa E. de Benagéber,DETERMINACION FÍSICO-QUÍMICA IN SITU,CLOROFILA A,2.11,µg/L,"2,11",,Fluorescencia atómica,DISCRETA,8,12/7/2018,3,S2A_MSIL2A_20181207T105421_N0211_R051_T30SXJ_20181207T121510,0.0075,0.0167,0.0315,0.0072,0.0014,0.0001,0.0001,0.0001,0.0002,0.0008,0.0005,0.0007,0,6,0,5.957957
JU06660017,-1.0992,39.7301,12/4/2018,Estación punto de presa E. de Benagéber,DETERMINACION FÍSICO-QUÍMICA IN SITU,CLOROFILA A,1.36,µg/L,"1,36",,Fluorescencia atómica,DISCRETA,46,12/7/2018,3,S2A_MSIL2A_20181207T105421_N0211_R051_T30SXJ_20181207T121510,0.0075,0.0167,0.0315,0.0072,0.0014,0.0001,0.0001,0.0001,0.0002,0.0008,0.0005,0.0007,0,6,0,5.957957
JU06660017,-1.0992,39.7301,12/4/2018,Estación punto de presa E. de Benagéber,DETERMINACION FÍSICO-QUÍMICA IN SITU,CLOROFILA A,1.52,µg/L,"1,52",,Fluorescencia atómica,DISCRETA,50,12/7/2018,3,S2A_MSIL2A_20181207T105421_N0211_R051_T30SXJ_20181207T121510,0.0075,0.0167,0.0315,0.0072,0.0014,0.0001,0.0001,0.0001,0.0002,0.0008,0.0005,0.0007,0,6,0,5.957957
JU06660017,-1.0992,39.7301,12/4/2018,Estación punto de presa E. de Benagéber,DETERMINACION FÍSICO-QUÍMICA IN SITU,CLOROFILA A,1.88,µg/L,"1,88",,Fluorescencia atómica,DISCRETA,9,12/7/2018,3,S2A_MSIL2A_20181207T105421_N0211_R051_T30SXJ_20181207T121510,0.0075,0.0167,0.0315,0.0072,0.0014,0.0001,0.0001,0.0001,0.0002,0.0008,0.0005,0.0007,0,6,0,5.957957
JU06660017,-1.0992,39.7301,12/4/2018,Estación punto de presa E. de Benagéber,DETERMINACION FÍSICO-QUÍMICA IN SITU,CLOROFILA A,1.7,µg/L,"1,7",,Fluorescencia atómica,DISCRETA,0,12/7/2018,3,S2A_MSIL2A_20181207T105421_N0211_R051_T30SXJ_20181207T121510,0.0075,0.0167,0.0315,0.0072,0.0014,0.0001,0.0001,0.0001,0.0002,0.0008,0.0005,0.0007,0,6,0,5.957957
JU06660017,-1.0992,39.7301,12/4/2018,Estación punto de presa E. de Benagéber,DETERMINACION FÍSICO-QUÍMICA IN SITU,CLOROFILA A,1.26,µg/L,"1,26",,Fluorescencia atómica,DISCRETA,18,12/7/2018,3,S2A_MSIL2A_20181207T105421_N0211_R051_T30SXJ_20181207T121510,0.0075,0.0167,0.0315,0.0072,0.0014,0.0001,0.0001,0.0001,0.0002,0.0008,0.0005,0.0007,0,6,0,5.957957
JU06660017,-1.0992,39.7301,12/4/2018,Estación punto de presa E. de Benagéber,DETERMINACION FÍSICO-QUÍMICA IN SITU,CLOROFILA A,1.26,µg/L,"1,26",,Fluorescencia atómica,DISCRETA,20,12/7/2018,3,S2A_MSIL2A_20181207T105421_N0211_R051_T30SXJ_20181207T121510,0.0075,0.0167,0.0315,0.0072,0.0014,0.0001,0.0001,0.0001,0.0002,0.0008,0.0005,0.0007,0,6,0,5.957957
JU06660017,-1.0992,39.7301,12/4/2018,Estación punto de presa E. de Benagéber,DETERMINACION FÍSICO-QUÍMICA IN SITU,CLOROFILA A,1.01,µg/L,"1,01",,Fluorescencia atómica,DISCRETA,33,12/7/2018,3,S2A_MSIL2A_20181207T105421_N0211_R051_T30SXJ_20181207T121510,0.0075,0.0167,0.0315,0.0072,0.0014,0.0001,0.0001,0.0001,0.0002,0.0008,0.0005,0.0007,0,6,0,5.957957
JU06660017,-1.0992,39.7301,12/4/2018,Estación punto de presa E. de Benagéber,DETERMINACION FÍSICO-QUÍMICA IN SITU,CLOROFILA A,1.42,µg/L,"1,42",,Fluorescencia atómica,DISCRETA,47,12/7/2018,3,S2A_MSIL2A_20181207T105421_N0211_R051_T30SXJ_20181207T121510,0.0075,0.0167,0.0315,0.0072,0.0014,0.0001,0.0001,0.0001,0.0002,0.0008,0.0005,0.0007,0,6,0,5.957957
JU06660017,-1.0992,39.7301,12/4/2018,Estación punto de presa E. de Benagéber,DETERMINACION FÍSICO-QUÍMICA IN SITU,CLOROFILA A,1.9,µg/L,"1,9",,Fluorescencia atómica,DISCRETA,6,12/7/2018,3,S2A_MSIL2A_20181207T105421_N0211_R051_T30SXJ_20181207T121510,0.0075,0.0167,0.0315,0.0072,0.0014,0.0001,0.0001,0.0001,0.0002,0.0008,0.0005,0.0007,0,6,0,5.957957
JU06660017,-1.0992,39.7301,12/4/2018,Estación punto de presa E. de Benagéber,TOMA DE MUESTRAS PARA LABORATORIO,SOLIDOS EN SUSPENSION,3.4,mg/L,"3,4",2,Gravimetría,INTEGRADA,-1,12/7/2018,3,S2A_MSIL2A_20181207T105421_N0211_R051_T30SXJ_20181207T121510,0.0075,0.0167,0.0315,0.0072,0.0014,0.0001,0.0001,0.0001,0.0002,0.0008,0.0005,0.0007,0,6,0,5.957957
JU06660017,-1.0992,39.7301,12/4/2018,Estación punto de presa E. de Benagéber,DETERMINACION FÍSICO-QUÍMICA IN SITU,CLOROFILA A,1.88,µg/L,"1,88",,Fluorescencia atómica,DISCRETA,16,12/7/2018,3,S2A_MSIL2A_20181207T105421_N0211_R051_T30SXJ_20181207T121510,0.0075,0.0167,0.0315,0.0072,0.0014,0.0001,0.0001,0.0001,0.0002,0.0008,0.0005,0.0007,0,6,0,5.957957
JU06660017,-1.0992,39.7301,12/4/2018,Estación punto de presa E. de Benagéber,DETERMINACION FÍSICO-QUÍMICA IN SITU,CLOROFILA A,1.17,µg/L,"1,17",,Fluorescencia atómica,DISCRETA,21,12/7/2018,3,S2A_MSIL2A_20181207T105421_N0211_R051_T30SXJ_20181207T121510,0.0075,0.0167,0.0315,0.0072,0.0014,0.0001,0.0001,0.0001,0.0002,0.0008,0.0005,0.0007,0,6,0,5.957957
JU06660017,-1.0992,39.7301,12/4/2018,Estación punto de presa E. de Benagéber,DETERMINACION FÍSICO-QUÍMICA IN SITU,CLOROFILA A,0.98,µg/L,"0,98",,Fluorescencia atómica,DISCRETA,31,12/7/2018,3,S2A_MSIL2A_20181207T105421_N0211_R051_T30SXJ_20181207T121510,0.0075,0.0167,0.0315,0.0072,0.0014,0.0001,0.0001,0.0001,0.0002,0.0008,0.0005,0.0007,0,6,0,5.957957
JU06660017,-1.0992,39.7301,12/4/2018,Estación punto de presa E. de Benagéber,DETERMINACION FÍSICO-QUÍMICA IN SITU,CLOROFILA A,1.11,µg/L,"1,11",,Fluorescencia atómica,DISCRETA,41,12/7/2018,3,S2A_MSIL2A_20181207T105421_N0211_R051_T30SXJ_20181207T121510,0.0075,0.0167,0.0315,0.0072,0.0014,0.0001,0.0001,0.0001,0.0002,0.0008,0.0005,0.0007,0,6,0,5.957957
JU06660017,-1.0992,39.7301,12/4/2018,Estación punto de presa E. de Benagéber,DETERMINACION FÍSICO-QUÍMICA IN SITU,CLOROFILA A,1.25,µg/L,"1,25",,Fluorescencia atómica,DISCRETA,43,12/7/2018,3,S2A_MSIL2A_20181207T105421_N0211_R051_T30SXJ_20181207T121510,0.0075,0.0167,0.0315,0.0072,0.0014,0.0001,0.0001,0.0001,0.0002,0.0008,0.0005,0.0007,0,6,0,5.957957
JU06660017,-1.0992,39.7301,12/4/2018,Estación punto de presa E. de Benagéber,DETERMINACION FÍSICO-QUÍMICA IN SITU,CLOROFILA A,1.8,µg/L,"1,8",,Fluorescencia atómica,DISCRETA,4,12/7/2018,3,S2A_MSIL2A_20181207T105421_N0211_R051_T30SXJ_20181207T121510,0.0075,0.0167,0.0315,0.0072,0.0014,0.0001,0.0001,0.0001,0.0002,0.0008,0.0005,0.0007,0,6,0,5.957957
JU06660017,-1.0992,39.7301,12/4/2018,Estación punto de presa E. de Benagéber,TOMA DE MUESTRAS PARA LABORATORIO,FOSFORO TOTAL,0,mg P/l,"<0,02",0.02,Espectofotometría de absorción molecular,INTEGRADA,-1,12/7/2018,3,S2A_MSIL2A_20181207T105421_N0211_R051_T30SXJ_20181207T121510,0.0075,0.0167,0.0315,0.0072,0.0014,0.0001,0.0001,0.0001,0.0002,0.0008,0.0005,0.0007,0,6,0,5.957957
JU06660017,-1.0992,39.7301,12/4/2018,Estación punto de presa E. de Benagéber,DETERMINACION FÍSICO-QUÍMICA IN SITU,Profundidad del disco de secchi,3,m,,,,INTEGRADA,-1,12/7/2018,3,S2A_MSIL2A_20181207T105421_N0211_R051_T30SXJ_20181207T121510,0.0075,0.0167,0.0315,0.0072,0.0014,0.0001,0.0001,0.0001,0.0002,0.0008,0.0005,0.0007,0,6,0,5.957957
JU06160014,-0.164,40.0293,11/30/2018,Estación punto de presa E. de María Cristina,DETERMINACION FÍSICO-QUÍMICA IN SITU,CLOROFILA A,1.19,µg/L,"1,19",,Fluorescencia atómica,DISCRETA,11,11/27/2018,3,S2A_MSIL2A_20181127T105401_N0211_R051_T30TYK_20181127T121653,0.0561,0.0585,0.1091,0.0837,0.0691,0.0531,0.058,0.0392,0.0583,0.0863,0.0422,0.0423,2048,10,23,16.979197
JU06160014,-0.164,40.0293,11/30/2018,Estación punto de presa E. de María Cristina,DETERMINACION FÍSICO-QUÍMICA IN SITU,CLOROFILA A,1.12,µg/L,"1,12",,Fluorescencia atómica,DISCRETA,5,11/27/2018,3,S2A_MSIL2A_20181127T105401_N0211_R051_T30TYK_20181127T121653,0.0561,0.0585,0.1091,0.0837,0.0691,0.0531,0.058,0.0392,0.0583,0.0863,0.0422,0.0423,2048,10,23,16.979197
JU06160014,-0.164,40.0293,11/30/2018,Estación punto de presa E. de María Cristina,DETERMINACION FÍSICO-QUÍMICA IN SITU,CLOROFILA A,1.11,µg/L,"1,11",,Fluorescencia atómica,DISCRETA,6,11/27/2018,3,S2A_MSIL2A_20181127T105401_N0211_R051_T30TYK_20181127T121653,0.0561,0.0585,0.1091,0.0837,0.0691,0.0531,0.058,0.0392,0.0583,0.0863,0.0422,0.0423,2048,10,23,16.979197
JU06160014,-0.164,40.0293,11/30/2018,Estación punto de presa E. de María Cristina,DETERMINACION FÍSICO-QUÍMICA IN SITU,CLOROFILA A,1.15,µg/L,"1,15",,Fluorescencia atómica,DISCRETA,8,11/27/2018,3,S2A_MSIL2A_20181127T105401_N0211_R051_T30TYK_20181127T121653,0.0561,0.0585,0.1091,0.0837,0.0691,0.0531,0.058,0.0392,0.0583,0.0863,0.0422,0.0423,2048,10,23,16.979197
JU06160014,-0.164,40.0293,11/30/2018,Estación punto de presa E. de María Cristina,DETERMINACION FÍSICO-QUÍMICA IN SITU,CLOROFILA A,1.18,µg/L,"1,18",,Fluorescencia atómica,DISCRETA,9,11/27/2018,3,S2A_MSIL2A_20181127T105401_N0211_R051_T30TYK_20181127T121653,0.0561,0.0585,0.1091,0.0837,0.0691,0.0531,0.058,0.0392,0.0583,0.0863,0.0422,0.0423,2048,10,23,16.979197
JU06160014,-0.164,40.0293,11/30/2018,Estación punto de presa E. de María Cristina,DETERMINACION FÍSICO-QUÍMICA IN SITU,CLOROFILA A,1.14,µg/L,"1,14",,Fluorescencia atómica,DISCRETA,10,11/27/2018,3,S2A_MSIL2A_20181127T105401_N0211_R051_T30TYK_20181127T121653,0.0561,0.0585,0.1091,0.0837,0.0691,0.0531,0.058,0.0392,0.0583,0.0863,0.0422,0.0423,2048,10,23,16.979197
JU06160014,-0.164,40.0293,11/30/2018,Estación punto de presa E. de María Cristina,DETERMINACION FÍSICO-QUÍMICA IN SITU,CLOROFILA A,1.17,µg/L,"1,17",,Fluorescencia atómica,DISCRETA,12,11/27/2018,3,S2A_MSIL2A_20181127T105401_N0211_R051_T30TYK_20181127T121653,0.0561,0.0585,0.1091,0.0837,0.0691,0.0531,0.058,0.0392,0.0583,0.0863,0.0422,0.0423,2048,10,23,16.979197
JU06160014,-0.164,40.0293,11/30/2018,Estación punto de presa E. de María Cristina,DETERMINACION FÍSICO-QUÍMICA IN SITU,CLOROFILA A,1.1,µg/L,"1,1",,Fluorescencia atómica,DISCRETA,1,11/27/2018,3,S2A_MSIL2A_20181127T105401_N0211_R051_T30TYK_20181127T121653,0.0561,0.0585,0.1091,0.0837,0.0691,0.0531,0.058,0.0392,0.0583,0.0863,0.0422,0.0423,2048,10,23,16.979197
JU06160014,-0.164,40.0293,11/30/2018,Estación punto de presa E. de María Cristina,DETERMINACION FÍSICO-QUÍMICA IN SITU,CLOROFILA A,1.09,µg/L,"1,09",,Fluorescencia atómica,DISCRETA,2,11/27/2018,3,S2A_MSIL2A_20181127T105401_N0211_R051_T30TYK_20181127T121653,0.0561,0.0585,0.1091,0.0837,0.0691,0.0531,0.058,0.0392,0.0583,0.0863,0.0422,0.0423,2048,10,23,16.979197
JU06160014,-0.164,40.0293,11/30/2018,Estación punto de presa E. de María Cristina,DETERMINACION FÍSICO-QUÍMICA IN SITU,CLOROFILA A,1.12,µg/L,"1,12",,Fluorescencia atómica,DISCRETA,0,11/27/2018,3,S2A_MSIL2A_20181127T105401_N0211_R051_T30TYK_20181127T121653,0.0561,0.0585,0.1091,0.0837,0.0691,0.0531,0.058,0.0392,0.0583,0.0863,0.0422,0.0423,2048,10,23,16.979197
JU06160014,-0.164,40.0293,11/30/2018,Estación punto de presa E. de María Cristina,DETERMINACION FÍSICO-QUÍMICA IN SITU,CLOROFILA A,1.11,µg/L,"1,11",,Fluorescencia atómica,DISCRETA,3,11/27/2018,3,S2A_MSIL2A_20181127T105401_N0211_R051_T30TYK_20181127T121653,0.0561,0.0585,0.1091,0.0837,0.0691,0.0531,0.058,0.0392,0.0583,0.0863,0.0422,0.0423,2048,10,23,16.979197
JU06160014,-0.164,40.0293,11/30/2018,Estación punto de presa E. de María Cristina,DETERMINACION FÍSICO-QUÍMICA IN SITU,CLOROFILA A,1.08,µg/L,"1,08",,Fluorescencia atómica,DISCRETA,13,11/27/2018,3,S2A_MSIL2A_20181127T105401_N0211_R051_T30TYK_20181127T121653,0.0561,0.0585,0.1091,0.0837,0.0691,0.0531,0.058,0.0392,0.0583,0.0863,0.0422,0.0423,2048,10,23,16.979197
JU06160014,-0.164,40.0293,11/30/2018,Estación punto de presa E. de María Cristina,DETERMINACION FÍSICO-QUÍMICA IN SITU,CLOROFILA A,1.08,µg/L,"1,08",,Fluorescencia atómica,DISCRETA,14,11/27/2018,3,S2A_MSIL2A_20181127T105401_N0211_R051_T30TYK_20181127T121653,0.0561,0.0585,0.1091,0.0837,0.0691,0.0531,0.058,0.0392,0.0583,0.0863,0.0422,0.0423,2048,10,23,16.979197
JU06160014,-0.164,40.0293,11/30/2018,Estación punto de presa E. de María Cristina,DETERMINACION FÍSICO-QUÍMICA IN SITU,CLOROFILA A,1.11,µg/L,"1,11",,Fluorescencia atómica,DISCRETA,4,11/27/2018,3,S2A_MSIL2A_20181127T105401_N0211_R051_T30TYK_20181127T121653,0.0561,0.0585,0.1091,0.0837,0.0691,0.0531,0.058,0.0392,0.0583,0.0863,0.0422,0.0423,2048,10,23,16.979197
JU06160014,-0.164,40.0293,11/30/2018,Estación punto de presa E. de María Cristina,TOMA DE MUESTRAS PARA LABORATORIO,SOLIDOS EN SUSPENSION,7.2,mg/L,"7,2",2,Gravimetría,INTEGRADA,-1,11/27/2018,3,S2A_MSIL2A_20181127T105401_N0211_R051_T30TYK_20181127T121653,0.0561,0.0585,0.1091,0.0837,0.0691,0.0531,0.058,0.0392,0.0583,0.0863,0.0422,0.0423,2048,10,23,16.979197
JU06160014,-0.164,40.0293,11/30/2018,Estación punto de presa E. de María Cristina,DETERMINACION FÍSICO-QUÍMICA IN SITU,CLOROFILA A,1.17,µg/L,"1,17",,Fluorescencia atómica,DISCRETA,7,11/27/2018,3,S2A_MSIL2A_20181127T105401_N0211_R051_T30TYK_20181127T121653,0.0561,0.0585,0.1091,0.0837,0.0691,0.0531,0.058,0.0392,0.0583,0.0863,0.0422,0.0423,2048,10,23,16.979197
JU06160014,-0.164,40.0293,11/30/2018,Estación punto de presa E. de María Cristina,TOMA DE MUESTRAS PARA LABORATORIO,FOSFORO TOTAL,0.063,mg P/l,"0,063",0.02,Espectofotometría de absorción molecular,INTEGRADA,-1,11/27/2018,3,S2A_MSIL2A_20181127T105401_N0211_R051_T30TYK_20181127T121653,0.0561,0.0585,0.1091,0.0837,0.0691,0.0531,0.058,0.0392,0.0583,0.0863,0.0422,0.0423,2048,10,23,16.979197
JU06160014,-0.164,40.0293,11/30/2018,Estación punto de presa E. de María Cristina,DETERMINACION FÍSICO-QUÍMICA IN SITU,Profundidad del disco de secchi,1.5,m,,,,INTEGRADA,-1,11/27/2018,3,S2A_MSIL2A_20181127T105401_N0211_R051_T30TYK_20181127T121653,0.0561,0.0585,0.1091,0.0837,0.0691,0.0531,0.058,0.0392,0.0583,0.0863,0.0422,0.0423,2048,10,23,16.979197
JU06150028,-0.2307,40.0116,10/8/2018,Estación punto de presa E. de Sitjar,DETERMINACION FÍSICO-QUÍMICA IN SITU,CLOROFILA A,0.53,µg/L,"0,53",,Fluorescencia atómica,DISCRETA,10,10/3/2018,5,S2B_MSIL2A_20181003T105019_N0208_R051_T30TYK_20181003T173520,0.0325,0.0438,0.0449,0.0048,0.0002,0.0001,0.0001,0.0001,0.0001,0.0001,0.0006,0.0018,0,6,0,0.202192
JU06150028,-0.2307,40.0116,10/8/2018,Estación punto de presa E. de Sitjar,DETERMINACION FÍSICO-QUÍMICA IN SITU,CLOROFILA A,0.37,µg/L,"0,37",,Fluorescencia atómica,DISCRETA,16,10/3/2018,5,S2B_MSIL2A_20181003T105019_N0208_R051_T30TYK_20181003T173520,0.0325,0.0438,0.0449,0.0048,0.0002,0.0001,0.0001,0.0001,0.0001,0.0001,0.0006,0.0018,0,6,0,0.202192
JU06150028,-0.2307,40.0116,10/8/2018,Estación punto de presa E. de Sitjar,DETERMINACION FÍSICO-QUÍMICA IN SITU,CLOROFILA A,0.51,µg/L,"0,51",,Fluorescencia atómica,DISCRETA,5,10/3/2018,5,S2B_MSIL2A_20181003T105019_N0208_R051_T30TYK_20181003T173520,0.0325,0.0438,0.0449,0.0048,0.0002,0.0001,0.0001,0.0001,0.0001,0.0001,0.0006,0.0018,0,6,0,0.202192
JU06150028,-0.2307,40.0116,10/8/2018,Estación punto de presa E. de Sitjar,DETERMINACION FÍSICO-QUÍMICA IN SITU,CLOROFILA A,0.56,µg/L,"0,56",,Fluorescencia atómica,DISCRETA,8,10/3/2018,5,S2B_MSIL2A_20181003T105019_N0208_R051_T30TYK_20181003T173520,0.0325,0.0438,0.0449,0.0048,0.0002,0.0001,0.0001,0.0001,0.0001,0.0001,0.0006,0.0018,0,6,0,0.202192
JU06150028,-0.2307,40.0116,10/8/2018,Estación punto de presa E. de Sitjar,DETERMINACION FÍSICO-QUÍMICA IN SITU,CLOROFILA A,0.33,µg/L,"0,33",,Fluorescencia atómica,DISCRETA,17,10/3/2018,5,S2B_MSIL2A_20181003T105019_N0208_R051_T30TYK_20181003T173520,0.0325,0.0438,0.0449,0.0048,0.0002,0.0001,0.0001,0.0001,0.0001,0.0001,0.0006,0.0018,0,6,0,0.202192
JU06150028,-0.2307,40.0116,10/8/2018,Estación punto de presa E. de Sitjar,DETERMINACION FÍSICO-QUÍMICA IN SITU,CLOROFILA A,0.39,µg/L,"0,39",,Fluorescencia atómica,DISCRETA,18,10/3/2018,5,S2B_MSIL2A_20181003T105019_N0208_R051_T30TYK_20181003T173520,0.0325,0.0438,0.0449,0.0048,0.0002,0.0001,0.0001,0.0001,0.0001,0.0001,0.0006,0.0018,0,6,0,0.202192
JU06150028,-0.2307,40.0116,10/8/2018,Estación punto de presa E. de Sitjar,DETERMINACION FÍSICO-QUÍMICA IN SITU,CLOROFILA A,0.6,µg/L,"0,6",,Fluorescencia atómica,DISCRETA,11,10/3/2018,5,S2B_MSIL2A_20181003T105019_N0208_R051_T30TYK_20181003T173520,0.0325,0.0438,0.0449,0.0048,0.0002,0.0001,0.0001,0.0001,0.0001,0.0001,0.0006,0.0018,0,6,0,0.202192
JU06150028,-0.2307,40.0116,10/8/2018,Estación punto de presa E. de Sitjar,DETERMINACION FÍSICO-QUÍMICA IN SITU,CLOROFILA A,0.61,µg/L,"0,61",,Fluorescencia atómica,DISCRETA,1,10/3/2018,5,S2B_MSIL2A_20181003T105019_N0208_R051_T30TYK_20181003T173520,0.0325,0.0438,0.0449,0.0048,0.0002,0.0001,0.0001,0.0001,0.0001,0.0001,0.0006,0.0018,0,6,0,0.202192
JU06150028,-0.2307,40.0116,10/8/2018,Estación punto de presa E. de Sitjar,DETERMINACION FÍSICO-QUÍMICA IN SITU,CLOROFILA A,0.44,µg/L,"0,44",,Fluorescencia atómica,DISCRETA,20,10/3/2018,5,S2B_MSIL2A_20181003T105019_N0208_R051_T30TYK_20181003T173520,0.0325,0.0438,0.0449,0.0048,0.0002,0.0001,0.0001,0.0001,0.0001,0.0001,0.0006,0.0018,0,6,0,0.202192
JU06150028,-0.2307,40.0116,10/8/2018,Estación punto de presa E. de Sitjar,DETERMINACION FÍSICO-QUÍMICA IN SITU,CLOROFILA A,0.86,µg/L,"0,86",,Fluorescencia atómica,DISCRETA,21,10/3/2018,5,S2B_MSIL2A_20181003T105019_N0208_R051_T30TYK_20181003T173520,0.0325,0.0438,0.0449,0.0048,0.0002,0.0001,0.0001,0.0001,0.0001,0.0001,0.0006,0.0018,0,6,0,0.202192
JU06150028,-0.2307,40.0116,10/8/2018,Estación punto de presa E. de Sitjar,DETERMINACION FÍSICO-QUÍMICA IN SITU,CLOROFILA A,1.13,µg/L,"1,13",,Fluorescencia atómica,DISCRETA,22,10/3/2018,5,S2B_MSIL2A_20181003T105019_N0208_R051_T30TYK_20181003T173520,0.0325,0.0438,0.0449,0.0048,0.0002,0.0001,0.0001,0.0001,0.0001,0.0001,0.0006,0.0018,0,6,0,0.202192
JU06150028,-0.2307,40.0116,10/8/2018,Estación punto de presa E. de Sitjar,DETERMINACION FÍSICO-QUÍMICA IN SITU,CLOROFILA A,0.56,µg/L,"0,56",,Fluorescencia atómica,DISCRETA,3,10/3/2018,5,S2B_MSIL2A_20181003T105019_N0208_R051_T30TYK_20181003T173520,0.0325,0.0438,0.0449,0.0048,0.0002,0.0001,0.0001,0.0001,0.0001,0.0001,0.0006,0.0018,0,6,0,0.202192
JU06150028,-0.2307,40.0116,10/8/2018,Estación punto de presa E. de Sitjar,DETERMINACION FÍSICO-QUÍMICA IN SITU,CLOROFILA A,0.58,µg/L,"0,58",,Fluorescencia atómica,DISCRETA,9,10/3/2018,5,S2B_MSIL2A_20181003T105019_N0208_R051_T30TYK_20181003T173520,0.0325,0.0438,0.0449,0.0048,0.0002,0.0001,0.0001,0.0001,0.0001,0.0001,0.0006,0.0018,0,6,0,0.202192
JU06150028,-0.2307,40.0116,10/8/2018,Estación punto de presa E. de Sitjar,DETERMINACION FÍSICO-QUÍMICA IN SITU,CLOROFILA A,0.66,µg/L,"0,66",,Fluorescencia atómica,DISCRETA,0,10/3/2018,5,S2B_MSIL2A_20181003T105019_N0208_R051_T30TYK_20181003T173520,0.0325,0.0438,0.0449,0.0048,0.0002,0.0001,0.0001,0.0001,0.0001,0.0001,0.0006,0.0018,0,6,0,0.202192
JU06150028,-0.2307,40.0116,10/8/2018,Estación punto de presa E. de Sitjar,DETERMINACION FÍSICO-QUÍMICA IN SITU,CLOROFILA A,0.39,µg/L,"0,39",,Fluorescencia atómica,DISCRETA,19,10/3/2018,5,S2B_MSIL2A_20181003T105019_N0208_R051_T30TYK_20181003T173520,0.0325,0.0438,0.0449,0.0048,0.0002,0.0001,0.0001,0.0001,0.0001,0.0001,0.0006,0.0018,0,6,0,0.202192
JU06150028,-0.2307,40.0116,10/8/2018,Estación punto de presa E. de Sitjar,DETERMINACION FÍSICO-QUÍMICA IN SITU,CLOROFILA A,0.26,µg/L,"0,26",,Fluorescencia atómica,DISCRETA,15,10/3/2018,5,S2B_MSIL2A_20181003T105019_N0208_R051_T30TYK_20181003T173520,0.0325,0.0438,0.0449,0.0048,0.0002,0.0001,0.0001,0.0001,0.0001,0.0001,0.0006,0.0018,0,6,0,0.202192
JU06150028,-0.2307,40.0116,10/8/2018,Estación punto de presa E. de Sitjar,DETERMINACION FÍSICO-QUÍMICA IN SITU,CLOROFILA A,0.54,µg/L,"0,54",,Fluorescencia atómica,DISCRETA,4,10/3/2018,5,S2B_MSIL2A_20181003T105019_N0208_R051_T30TYK_20181003T173520,0.0325,0.0438,0.0449,0.0048,0.0002,0.0001,0.0001,0.0001,0.0001,0.0001,0.0006,0.0018,0,6,0,0.202192
JU06150028,-0.2307,40.0116,10/8/2018,Estación punto de presa E. de Sitjar,DETERMINACION FÍSICO-QUÍMICA IN SITU,CLOROFILA A,0.29,µg/L,"0,29",,Fluorescencia atómica,DISCRETA,14,10/3/2018,5,S2B_MSIL2A_20181003T105019_N0208_R051_T30TYK_20181003T173520,0.0325,0.0438,0.0449,0.0048,0.0002,0.0001,0.0001,0.0001,0.0001,0.0001,0.0006,0.0018,0,6,0,0.202192
JU06150028,-0.2307,40.0116,10/8/2018,Estación punto de presa E. de Sitjar,DETERMINACION FÍSICO-QUÍMICA IN SITU,CLOROFILA A,0.66,µg/L,"0,66",,Fluorescencia atómica,DISCRETA,7,10/3/2018,5,S2B_MSIL2A_20181003T105019_N0208_R051_T30TYK_20181003T173520,0.0325,0.0438,0.0449,0.0048,0.0002,0.0001,0.0001,0.0001,0.0001,0.0001,0.0006,0.0018,0,6,0,0.202192
JU06150028,-0.2307,40.0116,10/8/2018,Estación punto de presa E. de Sitjar,DETERMINACION FÍSICO-QUÍMICA IN SITU,CLOROFILA A,0.53,µg/L,"0,53",,Fluorescencia atómica,DISCRETA,12,10/3/2018,5,S2B_MSIL2A_20181003T105019_N0208_R051_T30TYK_20181003T173520,0.0325,0.0438,0.0449,0.0048,0.0002,0.0001,0.0001,0.0001,0.0001,0.0001,0.0006,0.0018,0,6,0,0.202192
JU06150028,-0.2307,40.0116,10/8/2018,Estación punto de presa E. de Sitjar,DETERMINACION FÍSICO-QUÍMICA IN SITU,CLOROFILA A,0.35,µg/L,"0,35",,Fluorescencia atómica,DISCRETA,13,10/3/2018,5,S2B_MSIL2A_20181003T105019_N0208_R051_T30TYK_20181003T173520,0.0325,0.0438,0.0449,0.0048,0.0002,0.0001,0.0001,0.0001,0.0001,0.0001,0.0006,0.0018,0,6,0,0.202192
JU06150028,-0.2307,40.0116,10/8/2018,Estación punto de presa E. de Sitjar,DETERMINACION FÍSICO-QUÍMICA IN SITU,CLOROFILA A,0.54,µg/L,"0,54",,Fluorescencia atómica,DISCRETA,2,10/3/2018,5,S2B_MSIL2A_20181003T105019_N0208_R051_T30TYK_20181003T173520,0.0325,0.0438,0.0449,0.0048,0.0002,0.0001,0.0001,0.0001,0.0001,0.0001,0.0006,0.0018,0,6,0,0.202192
JU06150028,-0.2307,40.0116,10/8/2018,Estación punto de presa E. de Sitjar,DETERMINACION FÍSICO-QUÍMICA IN SITU,CLOROFILA A,0.54,µg/L,"0,54",,Fluorescencia atómica,DISCRETA,6,10/3/2018,5,S2B_MSIL2A_20181003T105019_N0208_R051_T30TYK_20181003T173520,0.0325,0.0438,0.0449,0.0048,0.0002,0.0001,0.0001,0.0001,0.0001,0.0001,0.0006,0.0018,0,6,0,0.202192
JU06150028,-0.2307,40.0116,10/8/2018,Estación punto de presa E. de Sitjar,TOMA DE MUESTRAS PARA LABORATORIO,SOLIDOS EN SUSPENSION,0,mg/L,<2,2,Gravimetría,INTEGRADA,-1,10/3/2018,5,S2B_MSIL2A_20181003T105019_N0208_R051_T30TYK_20181003T173520,0.0325,0.0438,0.0449,0.0048,0.0002,0.0001,0.0001,0.0001,0.0001,0.0001,0.0006,0.0018,0,6,0,0.202192
JU06150028,-0.2307,40.0116,10/8/2018,Estación punto de presa E. de Sitjar,Fitoplancton,CLOROFILA A,0,µg/L,<1,1,Espectofotometría de absorción molecular,INTEGRADA,-1,10/3/2018,5,S2B_MSIL2A_20181003T105019_N0208_R051_T30TYK_20181003T173520,0.0325,0.0438,0.0449,0.0048,0.0002,0.0001,0.0001,0.0001,0.0001,0.0001,0.0006,0.0018,0,6,0,0.202192
JU06150028,-0.2307,40.0116,10/8/2018,Estación punto de presa E. de Sitjar,TOMA DE MUESTRAS PARA LABORATORIO,FOSFORO TOTAL,0,mg P/l,"<0,02",0.02,Espectofotometría de absorción molecular,INTEGRADA,-1,10/3/2018,5,S2B_MSIL2A_20181003T105019_N0208_R051_T30TYK_20181003T173520,0.0325,0.0438,0.0449,0.0048,0.0002,0.0001,0.0001,0.0001,0.0001,0.0001,0.0006,0.0018,0,6,0,0.202192
JU06150028,-0.2307,40.0116,10/8/2018,Estación punto de presa E. de Sitjar,DETERMINACION FÍSICO-QUÍMICA IN SITU,Profundidad del disco de secchi,4.199999809,m,,,,INTEGRADA,-1,10/3/2018,5,S2B_MSIL2A_20181003T105019_N0208_R051_T30TYK_20181003T173520,0.0325,0.0438,0.0449,0.0048,0.0002,0.0001,0.0001,0.0001,0.0001,0.0001,0.0006,0.0018,0,6,0,0.202192
JU06660017,-1.0992,39.7301,9/24/2018,Estación punto de presa E. de Benagéber,DETERMINACION FÍSICO-QUÍMICA IN SITU,CLOROFILA A,1.28,µg/L,"1,28",,Fluorescencia atómica,DISCRETA,4,9/28/2018,4,S2A_MSIL2A_20180928T105021_N0208_R051_T30TXK_20180928T153827,0.0197,0.02,0.0198,0.0001,,,,0.0001,0.0001,0.0001,0.002,0.0035,0,6,0,0.597606
JU06660017,-1.0992,39.7301,9/24/2018,Estación punto de presa E. de Benagéber,TOMA DE MUESTRAS PARA LABORATORIO,SOLIDOS EN SUSPENSION,3,mg/L,3,2,Gravimetría,INTEGRADA,-1,9/28/2018,4,S2A_MSIL2A_20180928T105021_N0208_R051_T30TXK_20180928T153827,0.0197,0.02,0.0198,0.0001,,,,0.0001,0.0001,0.0001,0.002,0.0035,0,6,0,0.597606
JU06660017,-1.0992,39.7301,9/24/2018,Estación punto de presa E. de Benagéber,DETERMINACION FÍSICO-QUÍMICA IN SITU,CLOROFILA A,1.3,µg/L,"1,3",,Fluorescencia atómica,DISCRETA,5,9/28/2018,4,S2A_MSIL2A_20180928T105021_N0208_R051_T30TXK_20180928T153827,0.0197,0.02,0.0198,0.0001,,,,0.0001,0.0001,0.0001,0.002,0.0035,0,6,0,0.597606
JU06660017,-1.0992,39.7301,9/24/2018,Estación punto de presa E. de Benagéber,DETERMINACION FÍSICO-QUÍMICA IN SITU,CLOROFILA A,1.01,µg/L,"1,01",,Fluorescencia atómica,DISCRETA,7,9/28/2018,4,S2A_MSIL2A_20180928T105021_N0208_R051_T30TXK_20180928T153827,0.0197,0.02,0.0198,0.0001,,,,0.0001,0.0001,0.0001,0.002,0.0035,0,6,0,0.597606
JU06660017,-1.0992,39.7301,9/24/2018,Estación punto de presa E. de Benagéber,DETERMINACION FÍSICO-QUÍMICA IN SITU,CLOROFILA A,1.4,µg/L,"1,4",,Fluorescencia atómica,DISCRETA,6,9/28/2018,4,S2A_MSIL2A_20180928T105021_N0208_R051_T30TXK_20180928T153827,0.0197,0.02,0.0198,0.0001,,,,0.0001,0.0001,0.0001,0.002,0.0035,0,6,0,0.597606
JU06660017,-1.0992,39.7301,9/24/2018,Estación punto de presa E. de Benagéber,DETERMINACION FÍSICO-QUÍMICA IN SITU,CLOROFILA A,0.96,µg/L,"0,96",,Fluorescencia atómica,DISCRETA,0,9/28/2018,4,S2A_MSIL2A_20180928T105021_N0208_R051_T30TXK_20180928T153827,0.0197,0.02,0.0198,0.0001,,,,0.0001,0.0001,0.0001,0.002,0.0035,0,6,0,0.597606
JU06660017,-1.0992,39.7301,9/24/2018,Estación punto de presa E. de Benagéber,DETERMINACION FÍSICO-QUÍMICA IN SITU,CLOROFILA A,0.82,µg/L,"0,82",,Fluorescencia atómica,DISCRETA,10,9/28/2018,4,S2A_MSIL2A_20180928T105021_N0208_R051_T30TXK_20180928T153827,0.0197,0.02,0.0198,0.0001,,,,0.0001,0.0001,0.0001,0.002,0.0035,0,6,0,0.597606
JU06660017,-1.0992,39.7301,9/24/2018,Estación punto de presa E. de Benagéber,DETERMINACION FÍSICO-QUÍMICA IN SITU,CLOROFILA A,0.53,µg/L,"0,53",,Fluorescencia atómica,DISCRETA,19,9/28/2018,4,S2A_MSIL2A_20180928T105021_N0208_R051_T30TXK_20180928T153827,0.0197,0.02,0.0198,0.0001,,,,0.0001,0.0001,0.0001,0.002,0.0035,0,6,0,0.597606
JU06660017,-1.0992,39.7301,9/24/2018,Estación punto de presa E. de Benagéber,DETERMINACION FÍSICO-QUÍMICA IN SITU,CLOROFILA A,0.52,µg/L,"0,52",,Fluorescencia atómica,DISCRETA,20,9/28/2018,4,S2A_MSIL2A_20180928T105021_N0208_R051_T30TXK_20180928T153827,0.0197,0.02,0.0198,0.0001,,,,0.0001,0.0001,0.0001,0.002,0.0035,0,6,0,0.597606
JU06660017,-1.0992,39.7301,9/24/2018,Estación punto de presa E. de Benagéber,DETERMINACION FÍSICO-QUÍMICA IN SITU,CLOROFILA A,0.56,µg/L,"0,56",,Fluorescencia atómica,DISCRETA,22,9/28/2018,4,S2A_MSIL2A_20180928T105021_N0208_R051_T30TXK_20180928T153827,0.0197,0.02,0.0198,0.0001,,,,0.0001,0.0001,0.0001,0.002,0.0035,0,6,0,0.597606
JU06660017,-1.0992,39.7301,9/24/2018,Estación punto de presa E. de Benagéber,DETERMINACION FÍSICO-QUÍMICA IN SITU,CLOROFILA A,1.18,µg/L,"1,18",,Fluorescencia atómica,DISCRETA,3,9/28/2018,4,S2A_MSIL2A_20180928T105021_N0208_R051_T30TXK_20180928T153827,0.0197,0.02,0.0198,0.0001,,,,0.0001,0.0001,0.0001,0.002,0.0035,0,6,0,0.597606
JU06660017,-1.0992,39.7301,9/24/2018,Estación punto de presa E. de Benagéber,DETERMINACION FÍSICO-QUÍMICA IN SITU,CLOROFILA A,0.74,µg/L,"0,74",,Fluorescencia atómica,DISCRETA,11,9/28/2018,4,S2A_MSIL2A_20180928T105021_N0208_R051_T30TXK_20180928T153827,0.0197,0.02,0.0198,0.0001,,,,0.0001,0.0001,0.0001,0.002,0.0035,0,6,0,0.597606
JU06660017,-1.0992,39.7301,9/24/2018,Estación punto de presa E. de Benagéber,DETERMINACION FÍSICO-QUÍMICA IN SITU,CLOROFILA A,0.53,µg/L,"0,53",,Fluorescencia atómica,DISCRETA,16,9/28/2018,4,S2A_MSIL2A_20180928T105021_N0208_R051_T30TXK_20180928T153827,0.0197,0.02,0.0198,0.0001,,,,0.0001,0.0001,0.0001,0.002,0.0035,0,6,0,0.597606
JU06660017,-1.0992,39.7301,9/24/2018,Estación punto de presa E. de Benagéber,DETERMINACION FÍSICO-QUÍMICA IN SITU,CLOROFILA A,0.53,µg/L,"0,53",,Fluorescencia atómica,DISCRETA,17,9/28/2018,4,S2A_MSIL2A_20180928T105021_N0208_R051_T30TXK_20180928T153827,0.0197,0.02,0.0198,0.0001,,,,0.0001,0.0001,0.0001,0.002,0.0035,0,6,0,0.597606
JU06660017,-1.0992,39.7301,9/24/2018,Estación punto de presa E. de Benagéber,DETERMINACION FÍSICO-QUÍMICA IN SITU,CLOROFILA A,1.06,µg/L,"1,06",,Fluorescencia atómica,DISCRETA,2,9/28/2018,4,S2A_MSIL2A_20180928T105021_N0208_R051_T30TXK_20180928T153827,0.0197,0.02,0.0198,0.0001,,,,0.0001,0.0001,0.0001,0.002,0.0035,0,6,0,0.597606
JU06660017,-1.0992,39.7301,9/24/2018,Estación punto de presa E. de Benagéber,DETERMINACION FÍSICO-QUÍMICA IN SITU,CLOROFILA A,0.59,µg/L,"0,59",,Fluorescencia atómica,DISCRETA,13,9/28/2018,4,S2A_MSIL2A_20180928T105021_N0208_R051_T30TXK_20180928T153827,0.0197,0.02,0.0198,0.0001,,,,0.0001,0.0001,0.0001,0.002,0.0035,0,6,0,0.597606
JU06660017,-1.0992,39.7301,9/24/2018,Estación punto de presa E. de Benagéber,DETERMINACION FÍSICO-QUÍMICA IN SITU,CLOROFILA A,0.47,µg/L,"0,47",,Fluorescencia atómica,DISCRETA,18,9/28/2018,4,S2A_MSIL2A_20180928T105021_N0208_R051_T30TXK_20180928T153827,0.0197,0.02,0.0198,0.0001,,,,0.0001,0.0001,0.0001,0.002,0.0035,0,6,0,0.597606
JU06660017,-1.0992,39.7301,9/24/2018,Estación punto de presa E. de Benagéber,DETERMINACION FÍSICO-QUÍMICA IN SITU,CLOROFILA A,0.55,µg/L,"0,55",,Fluorescencia atómica,DISCRETA,24,9/28/2018,4,S2A_MSIL2A_20180928T105021_N0208_R051_T30TXK_20180928T153827,0.0197,0.02,0.0198,0.0001,,,,0.0001,0.0001,0.0001,0.002,0.0035,0,6,0,0.597606
JU06660017,-1.0992,39.7301,9/24/2018,Estación punto de presa E. de Benagéber,DETERMINACION FÍSICO-QUÍMICA IN SITU,CLOROFILA A,0.49,µg/L,"0,49",,Fluorescencia atómica,DISCRETA,15,9/28/2018,4,S2A_MSIL2A_20180928T105021_N0208_R051_T30TXK_20180928T153827,0.0197,0.02,0.0198,0.0001,,,,0.0001,0.0001,0.0001,0.002,0.0035,0,6,0,0.597606
JU06660017,-1.0992,39.7301,9/24/2018,Estación punto de presa E. de Benagéber,DETERMINACION FÍSICO-QUÍMICA IN SITU,CLOROFILA A,0.53,µg/L,"0,53",,Fluorescencia atómica,DISCRETA,23,9/28/2018,4,S2A_MSIL2A_20180928T105021_N0208_R051_T30TXK_20180928T153827,0.0197,0.02,0.0198,0.0001,,,,0.0001,0.0001,0.0001,0.002,0.0035,0,6,0,0.597606
JU06660017,-1.0992,39.7301,9/24/2018,Estación punto de presa E. de Benagéber,DETERMINACION FÍSICO-QUÍMICA IN SITU,CLOROFILA A,0.56,µg/L,"0,56",,Fluorescencia atómica,DISCRETA,26,9/28/2018,4,S2A_MSIL2A_20180928T105021_N0208_R051_T30TXK_20180928T153827,0.0197,0.02,0.0198,0.0001,,,,0.0001,0.0001,0.0001,0.002,0.0035,0,6,0,0.597606
JU06660017,-1.0992,39.7301,9/24/2018,Estación punto de presa E. de Benagéber,DETERMINACION FÍSICO-QUÍMICA IN SITU,CLOROFILA A,0.54,µg/L,"0,54",,Fluorescencia atómica,DISCRETA,28,9/28/2018,4,S2A_MSIL2A_20180928T105021_N0208_R051_T30TXK_20180928T153827,0.0197,0.02,0.0198,0.0001,,,,0.0001,0.0001,0.0001,0.002,0.0035,0,6,0,0.597606
JU06660017,-1.0992,39.7301,9/24/2018,Estación punto de presa E. de Benagéber,DETERMINACION FÍSICO-QUÍMICA IN SITU,CLOROFILA A,0.61,µg/L,"0,61",,Fluorescencia atómica,DISCRETA,31,9/28/2018,4,S2A_MSIL2A_20180928T105021_N0208_R051_T30TXK_20180928T153827,0.0197,0.02,0.0198,0.0001,,,,0.0001,0.0001,0.0001,0.002,0.0035,0,6,0,0.597606
JU06660017,-1.0992,39.7301,9/24/2018,Estación punto de presa E. de Benagéber,DETERMINACION FÍSICO-QUÍMICA IN SITU,CLOROFILA A,0.69,µg/L,"0,69",,Fluorescencia atómica,DISCRETA,34,9/28/2018,4,S2A_MSIL2A_20180928T105021_N0208_R051_T30TXK_20180928T153827,0.0197,0.02,0.0198,0.0001,,,,0.0001,0.0001,0.0001,0.002,0.0035,0,6,0,0.597606
JU06660017,-1.0992,39.7301,9/24/2018,Estación punto de presa E. de Benagéber,DETERMINACION FÍSICO-QUÍMICA IN SITU,CLOROFILA A,2.8,µg/L,"2,8",,Fluorescencia atómica,DISCRETA,35,9/28/2018,4,S2A_MSIL2A_20180928T105021_N0208_R051_T30TXK_20180928T153827,0.0197,0.02,0.0198,0.0001,,,,0.0001,0.0001,0.0001,0.002,0.0035,0,6,0,0.597606
JU06660017,-1.0992,39.7301,9/24/2018,Estación punto de presa E. de Benagéber,DETERMINACION FÍSICO-QUÍMICA IN SITU,CLOROFILA A,0.59,µg/L,"0,59",,Fluorescencia atómica,DISCRETA,12,9/28/2018,4,S2A_MSIL2A_20180928T105021_N0208_R051_T30TXK_20180928T153827,0.0197,0.02,0.0198,0.0001,,,,0.0001,0.0001,0.0001,0.002,0.0035,0,6,0,0.597606
JU06660017,-1.0992,39.7301,9/24/2018,Estación punto de presa E. de Benagéber,DETERMINACION FÍSICO-QUÍMICA IN SITU,CLOROFILA A,0.62,µg/L,"0,62",,Fluorescencia atómica,DISCRETA,27,9/28/2018,4,S2A_MSIL2A_20180928T105021_N0208_R051_T30TXK_20180928T153827,0.0197,0.02,0.0198,0.0001,,,,0.0001,0.0001,0.0001,0.002,0.0035,0,6,0,0.597606
JU06660017,-1.0992,39.7301,9/24/2018,Estación punto de presa E. de Benagéber,DETERMINACION FÍSICO-QUÍMICA IN SITU,CLOROFILA A,0.55,µg/L,"0,55",,Fluorescencia atómica,DISCRETA,30,9/28/2018,4,S2A_MSIL2A_20180928T105021_N0208_R051_T30TXK_20180928T153827,0.0197,0.02,0.0198,0.0001,,,,0.0001,0.0001,0.0001,0.002,0.0035,0,6,0,0.597606
JU06660017,-1.0992,39.7301,9/24/2018,Estación punto de presa E. de Benagéber,DETERMINACION FÍSICO-QUÍMICA IN SITU,CLOROFILA A,0.54,µg/L,"0,54",,Fluorescencia atómica,DISCRETA,32,9/28/2018,4,S2A_MSIL2A_20180928T105021_N0208_R051_T30TXK_20180928T153827,0.0197,0.02,0.0198,0.0001,,,,0.0001,0.0001,0.0001,0.002,0.0035,0,6,0,0.597606
JU06660017,-1.0992,39.7301,9/24/2018,Estación punto de presa E. de Benagéber,DETERMINACION FÍSICO-QUÍMICA IN SITU,CLOROFILA A,0.5,µg/L,"0,5",,Fluorescencia atómica,DISCRETA,21,9/28/2018,4,S2A_MSIL2A_20180928T105021_N0208_R051_T30TXK_20180928T153827,0.0197,0.02,0.0198,0.0001,,,,0.0001,0.0001,0.0001,0.002,0.0035,0,6,0,0.597606
JU06660017,-1.0992,39.7301,9/24/2018,Estación punto de presa E. de Benagéber,DETERMINACION FÍSICO-QUÍMICA IN SITU,CLOROFILA A,0.65,µg/L,"0,65",,Fluorescencia atómica,DISCRETA,29,9/28/2018,4,S2A_MSIL2A_20180928T105021_N0208_R051_T30TXK_20180928T153827,0.0197,0.02,0.0198,0.0001,,,,0.0001,0.0001,0.0001,0.002,0.0035,0,6,0,0.597606
JU06660017,-1.0992,39.7301,9/24/2018,Estación punto de presa E. de Benagéber,DETERMINACION FÍSICO-QUÍMICA IN SITU,CLOROFILA A,0.51,µg/L,"0,51",,Fluorescencia atómica,DISCRETA,14,9/28/2018,4,S2A_MSIL2A_20180928T105021_N0208_R051_T30TXK_20180928T153827,0.0197,0.02,0.0198,0.0001,,,,0.0001,0.0001,0.0001,0.002,0.0035,0,6,0,0.597606
JU06660017,-1.0992,39.7301,9/24/2018,Estación punto de presa E. de Benagéber,DETERMINACION FÍSICO-QUÍMICA IN SITU,CLOROFILA A,1.21,µg/L,"1,21",,Fluorescencia atómica,DISCRETA,1,9/28/2018,4,S2A_MSIL2A_20180928T105021_N0208_R051_T30TXK_20180928T153827,0.0197,0.02,0.0198,0.0001,,,,0.0001,0.0001,0.0001,0.002,0.0035,0,6,0,0.597606
JU06660017,-1.0992,39.7301,9/24/2018,Estación punto de presa E. de Benagéber,DETERMINACION FÍSICO-QUÍMICA IN SITU,CLOROFILA A,0.52,µg/L,"0,52",,Fluorescencia atómica,DISCRETA,25,9/28/2018,4,S2A_MSIL2A_20180928T105021_N0208_R051_T30TXK_20180928T153827,0.0197,0.02,0.0198,0.0001,,,,0.0001,0.0001,0.0001,0.002,0.0035,0,6,0,0.597606
JU06660017,-1.0992,39.7301,9/24/2018,Estación punto de presa E. de Benagéber,DETERMINACION FÍSICO-QUÍMICA IN SITU,CLOROFILA A,0.58,µg/L,"0,58",,Fluorescencia atómica,DISCRETA,33,9/28/2018,4,S2A_MSIL2A_20180928T105021_N0208_R051_T30TXK_20180928T153827,0.0197,0.02,0.0198,0.0001,,,,0.0001,0.0001,0.0001,0.002,0.0035,0,6,0,0.597606
JU06660017,-1.0992,39.7301,9/24/2018,Estación punto de presa E. de Benagéber,DETERMINACION FÍSICO-QUÍMICA IN SITU,CLOROFILA A,0.82,µg/L,"0,82",,Fluorescencia atómica,DISCRETA,8,9/28/2018,4,S2A_MSIL2A_20180928T105021_N0208_R051_T30TXK_20180928T153827,0.0197,0.02,0.0198,0.0001,,,,0.0001,0.0001,0.0001,0.002,0.0035,0,6,0,0.597606
JU06660017,-1.0992,39.7301,9/24/2018,Estación punto de presa E. de Benagéber,Fitoplancton,CLOROFILA A,0,µg/L,<1,1,Espectofotometría de absorción molecular,INTEGRADA,-1,9/28/2018,4,S2A_MSIL2A_20180928T105021_N0208_R051_T30TXK_20180928T153827,0.0197,0.02,0.0198,0.0001,,,,0.0001,0.0001,0.0001,0.002,0.0035,0,6,0,0.597606
JU06660017,-1.0992,39.7301,9/24/2018,Estación punto de presa E. de Benagéber,DETERMINACION FÍSICO-QUÍMICA IN SITU,CLOROFILA A,0.83,µg/L,"0,83",,Fluorescencia atómica,DISCRETA,9,9/28/2018,4,S2A_MSIL2A_20180928T105021_N0208_R051_T30TXK_20180928T153827,0.0197,0.02,0.0198,0.0001,,,,0.0001,0.0001,0.0001,0.002,0.0035,0,6,0,0.597606
JU06660017,-1.0992,39.7301,9/24/2018,Estación punto de presa E. de Benagéber,TOMA DE MUESTRAS PARA LABORATORIO,FOSFORO TOTAL,0,mg P/l,"<0,02",0.02,Espectofotometría de absorción molecular,INTEGRADA,-1,9/28/2018,4,S2A_MSIL2A_20180928T105021_N0208_R051_T30TXK_20180928T153827,0.0197,0.02,0.0198,0.0001,,,,0.0001,0.0001,0.0001,0.002,0.0035,0,6,0,0.597606
JU06660017,-1.0992,39.7301,9/24/2018,Estación punto de presa E. de Benagéber,DETERMINACION FÍSICO-QUÍMICA IN SITU,Profundidad del disco de secchi,4,m,,,,INTEGRADA,-1,9/28/2018,4,S2A_MSIL2A_20180928T105021_N0208_R051_T30TXK_20180928T153827,0.0197,0.02,0.0198,0.0001,,,,0.0001,0.0001,0.0001,0.002,0.0035,0,6,0,0.597606
JU06160014,-0.164,40.0293,9/20/2018,Estación punto de presa E. de María Cristina,TOMA DE MUESTRAS PARA LABORATORIO,SOLIDOS EN SUSPENSION,13,mg/L,13,2,Gravimetría,INTEGRADA,-1,9/18/2018,2,S2A_MSIL2A_20180918T105021_N0208_R051_T30TYK_20180918T141223,0.0486,0.0757,0.1348,0.0956,0.0834,0.0198,0.0242,0.0175,0.0133,0.0001,0.0136,0.0102,0,6,1,7.807174
JU06160014,-0.164,40.0293,9/20/2018,Estación punto de presa E. de María Cristina,DETERMINACION FÍSICO-QUÍMICA IN SITU,CLOROFILA A,4.22,µg/L,"4,22",,Fluorescencia atómica,DISCRETA,0.5,9/18/2018,2,S2A_MSIL2A_20180918T105021_N0208_R051_T30TYK_20180918T141223,0.0486,0.0757,0.1348,0.0956,0.0834,0.0198,0.0242,0.0175,0.0133,0.0001,0.0136,0.0102,0,6,1,7.807174
JU06160014,-0.164,40.0293,9/20/2018,Estación punto de presa E. de María Cristina,DETERMINACION FÍSICO-QUÍMICA IN SITU,CLOROFILA A,3.77,µg/L,"3,77",,Fluorescencia atómica,DISCRETA,1.5,9/18/2018,2,S2A_MSIL2A_20180918T105021_N0208_R051_T30TYK_20180918T141223,0.0486,0.0757,0.1348,0.0956,0.0834,0.0198,0.0242,0.0175,0.0133,0.0001,0.0136,0.0102,0,6,1,7.807174
JU06160014,-0.164,40.0293,9/20/2018,Estación punto de presa E. de María Cristina,DETERMINACION FÍSICO-QUÍMICA IN SITU,CLOROFILA A,5.25,µg/L,"5,25",,Fluorescencia atómica,DISCRETA,2,9/18/2018,2,S2A_MSIL2A_20180918T105021_N0208_R051_T30TYK_20180918T141223,0.0486,0.0757,0.1348,0.0956,0.0834,0.0198,0.0242,0.0175,0.0133,0.0001,0.0136,0.0102,0,6,1,7.807174
JU06160014,-0.164,40.0293,9/20/2018,Estación punto de presa E. de María Cristina,DETERMINACION FÍSICO-QUÍMICA IN SITU,CLOROFILA A,3.84,µg/L,"3,84",,Fluorescencia atómica,DISCRETA,1,9/18/2018,2,S2A_MSIL2A_20180918T105021_N0208_R051_T30TYK_20180918T141223,0.0486,0.0757,0.1348,0.0956,0.0834,0.0198,0.0242,0.0175,0.0133,0.0001,0.0136,0.0102,0,6,1,7.807174
JU06160014,-0.164,40.0293,9/20/2018,Estación punto de presa E. de María Cristina,DETERMINACION FÍSICO-QUÍMICA IN SITU,CLOROFILA A,3.98,µg/L,"3,98",,Fluorescencia atómica,DISCRETA,0,9/18/2018,2,S2A_MSIL2A_20180918T105021_N0208_R051_T30TYK_20180918T141223,0.0486,0.0757,0.1348,0.0956,0.0834,0.0198,0.0242,0.0175,0.0133,0.0001,0.0136,0.0102,0,6,1,7.807174
JU06160014,-0.164,40.0293,9/20/2018,Estación punto de presa E. de María Cristina,Fitoplancton,CLOROFILA A,1.3,µg/L,"1,3",1,Espectofotometría de absorción molecular,INTEGRADA,-1,9/18/2018,2,S2A_MSIL2A_20180918T105021_N0208_R051_T30TYK_20180918T141223,0.0486,0.0757,0.1348,0.0956,0.0834,0.0198,0.0242,0.0175,0.0133,0.0001,0.0136,0.0102,0,6,1,7.807174
JU06160014,-0.164,40.0293,9/20/2018,Estación punto de presa E. de María Cristina,TOMA DE MUESTRAS PARA LABORATORIO,FOSFORO TOTAL,0.067,mg P/l,"0,067",0.02,Espectofotometría de absorción molecular,INTEGRADA,-1,9/18/2018,2,S2A_MSIL2A_20180918T105021_N0208_R051_T30TYK_20180918T141223,0.0486,0.0757,0.1348,0.0956,0.0834,0.0198,0.0242,0.0175,0.0133,0.0001,0.0136,0.0102,0,6,1,7.807174
JU06160014,-0.164,40.0293,9/20/2018,Estación punto de presa E. de María Cristina,DETERMINACION FÍSICO-QUÍMICA IN SITU,Profundidad del disco de secchi,0.200000003,m,,,,INTEGRADA,-1,9/18/2018,2,S2A_MSIL2A_20180918T105021_N0208_R051_T30TYK_20180918T141223,0.0486,0.0757,0.1348,0.0956,0.0834,0.0198,0.0242,0.0175,0.0133,0.0001,0.0136,0.0102,0,6,1,7.807174
JU06150027,-0.2482,40.0175,10/5/2017,Estación punto medio E. de Sitjar,DETERMINACION FÍSICO-QUÍMICA IN SITU,CLOROFILA A,0.41,µg/L,"0,41",,Fluorescencia atómica,DISCRETA,4,10/3/2017,2,S2A_MSIL2A_20171003T105021_N0205_R051_T30TYK_20171003T105856,0.0481,0.0491,0.0486,0.007,0.0036,0.0001,0.0015,0.0003,0.0004,0.0001,0.0047,0.0054,0,6,0,2.555
JU06150027,-0.2482,40.0175,10/5/2017,Estación punto medio E. de Sitjar,DETERMINACION FÍSICO-QUÍMICA IN SITU,CLOROFILA A,0.44,µg/L,"0,44",,Fluorescencia atómica,DISCRETA,6.96,10/3/2017,2,S2A_MSIL2A_20171003T105021_N0205_R051_T30TYK_20171003T105856,0.0481,0.0491,0.0486,0.007,0.0036,0.0001,0.0015,0.0003,0.0004,0.0001,0.0047,0.0054,0,6,0,2.555
JU06150027,-0.2482,40.0175,10/5/2017,Estación punto medio E. de Sitjar,DETERMINACION FÍSICO-QUÍMICA IN SITU,CLOROFILA A,0.43,µg/L,"0,43",,Fluorescencia atómica,DISCRETA,11.98,10/3/2017,2,S2A_MSIL2A_20171003T105021_N0205_R051_T30TYK_20171003T105856,0.0481,0.0491,0.0486,0.007,0.0036,0.0001,0.0015,0.0003,0.0004,0.0001,0.0047,0.0054,0,6,0,2.555
JU06150027,-0.2482,40.0175,10/5/2017,Estación punto medio E. de Sitjar,DETERMINACION FÍSICO-QUÍMICA IN SITU,CLOROFILA A,0.33,µg/L,"0,33",,Fluorescencia atómica,DISCRETA,15,10/3/2017,2,S2A_MSIL2A_20171003T105021_N0205_R051_T30TYK_20171003T105856,0.0481,0.0491,0.0486,0.007,0.0036,0.0001,0.0015,0.0003,0.0004,0.0001,0.0047,0.0054,0,6,0,2.555
JU06150027,-0.2482,40.0175,10/5/2017,Estación punto medio E. de Sitjar,DETERMINACION FÍSICO-QUÍMICA IN SITU,CLOROFILA A,0.35,µg/L,"0,35",,Fluorescencia atómica,DISCRETA,1.97,10/3/2017,2,S2A_MSIL2A_20171003T105021_N0205_R051_T30TYK_20171003T105856,0.0481,0.0491,0.0486,0.007,0.0036,0.0001,0.0015,0.0003,0.0004,0.0001,0.0047,0.0054,0,6,0,2.555
JU06150027,-0.2482,40.0175,10/5/2017,Estación punto medio E. de Sitjar,DETERMINACION FÍSICO-QUÍMICA IN SITU,CLOROFILA A,0.53,µg/L,"0,53",,Fluorescencia atómica,DISCRETA,10.05,10/3/2017,2,S2A_MSIL2A_20171003T105021_N0205_R051_T30TYK_20171003T105856,0.0481,0.0491,0.0486,0.007,0.0036,0.0001,0.0015,0.0003,0.0004,0.0001,0.0047,0.0054,0,6,0,2.555
JU06150027,-0.2482,40.0175,10/5/2017,Estación punto medio E. de Sitjar,DETERMINACION FÍSICO-QUÍMICA IN SITU,CLOROFILA A,0.45,µg/L,"0,45",,Fluorescencia atómica,DISCRETA,11,10/3/2017,2,S2A_MSIL2A_20171003T105021_N0205_R051_T30TYK_20171003T105856,0.0481,0.0491,0.0486,0.007,0.0036,0.0001,0.0015,0.0003,0.0004,0.0001,0.0047,0.0054,0,6,0,2.555
JU06150027,-0.2482,40.0175,10/5/2017,Estación punto medio E. de Sitjar,DETERMINACION FÍSICO-QUÍMICA IN SITU,CLOROFILA A,0.37,µg/L,"0,37",,Fluorescencia atómica,DISCRETA,13.04,10/3/2017,2,S2A_MSIL2A_20171003T105021_N0205_R051_T30TYK_20171003T105856,0.0481,0.0491,0.0486,0.007,0.0036,0.0001,0.0015,0.0003,0.0004,0.0001,0.0047,0.0054,0,6,0,2.555
JU06150027,-0.2482,40.0175,10/5/2017,Estación punto medio E. de Sitjar,DETERMINACION FÍSICO-QUÍMICA IN SITU,CLOROFILA A,0.42,µg/L,"0,42",,Fluorescencia atómica,DISCRETA,0,10/3/2017,2,S2A_MSIL2A_20171003T105021_N0205_R051_T30TYK_20171003T105856,0.0481,0.0491,0.0486,0.007,0.0036,0.0001,0.0015,0.0003,0.0004,0.0001,0.0047,0.0054,0,6,0,2.555
JU06150027,-0.2482,40.0175,10/5/2017,Estación punto medio E. de Sitjar,DETERMINACION FÍSICO-QUÍMICA IN SITU,CLOROFILA A,0.35,µg/L,"0,35",,Fluorescencia atómica,DISCRETA,15.99,10/3/2017,2,S2A_MSIL2A_20171003T105021_N0205_R051_T30TYK_20171003T105856,0.0481,0.0491,0.0486,0.007,0.0036,0.0001,0.0015,0.0003,0.0004,0.0001,0.0047,0.0054,0,6,0,2.555
JU06150027,-0.2482,40.0175,10/5/2017,Estación punto medio E. de Sitjar,DETERMINACION FÍSICO-QUÍMICA IN SITU,CLOROFILA A,0.48,µg/L,"0,48",,Fluorescencia atómica,DISCRETA,6,10/3/2017,2,S2A_MSIL2A_20171003T105021_N0205_R051_T30TYK_20171003T105856,0.0481,0.0491,0.0486,0.007,0.0036,0.0001,0.0015,0.0003,0.0004,0.0001,0.0047,0.0054,0,6,0,2.555
JU06150027,-0.2482,40.0175,10/5/2017,Estación punto medio E. de Sitjar,DETERMINACION FÍSICO-QUÍMICA IN SITU,CLOROFILA A,0.35,µg/L,"0,35",,Fluorescencia atómica,DISCRETA,0.98,10/3/2017,2,S2A_MSIL2A_20171003T105021_N0205_R051_T30TYK_20171003T105856,0.0481,0.0491,0.0486,0.007,0.0036,0.0001,0.0015,0.0003,0.0004,0.0001,0.0047,0.0054,0,6,0,2.555
JU06150027,-0.2482,40.0175,10/5/2017,Estación punto medio E. de Sitjar,DETERMINACION FÍSICO-QUÍMICA IN SITU,CLOROFILA A,0.55,µg/L,"0,55",,Fluorescencia atómica,DISCRETA,8.99,10/3/2017,2,S2A_MSIL2A_20171003T105021_N0205_R051_T30TYK_20171003T105856,0.0481,0.0491,0.0486,0.007,0.0036,0.0001,0.0015,0.0003,0.0004,0.0001,0.0047,0.0054,0,6,0,2.555
JU06150027,-0.2482,40.0175,10/5/2017,Estación punto medio E. de Sitjar,DETERMINACION FÍSICO-QUÍMICA IN SITU,CLOROFILA A,0.38,µg/L,"0,38",,Fluorescencia atómica,DISCRETA,13.99,10/3/2017,2,S2A_MSIL2A_20171003T105021_N0205_R051_T30TYK_20171003T105856,0.0481,0.0491,0.0486,0.007,0.0036,0.0001,0.0015,0.0003,0.0004,0.0001,0.0047,0.0054,0,6,0,2.555
JU06150027,-0.2482,40.0175,10/5/2017,Estación punto medio E. de Sitjar,DETERMINACION FÍSICO-QUÍMICA IN SITU,CLOROFILA A,0.34,µg/L,"0,34",,Fluorescencia atómica,DISCRETA,3.01,10/3/2017,2,S2A_MSIL2A_20171003T105021_N0205_R051_T30TYK_20171003T105856,0.0481,0.0491,0.0486,0.007,0.0036,0.0001,0.0015,0.0003,0.0004,0.0001,0.0047,0.0054,0,6,0,2.555
JU06150027,-0.2482,40.0175,10/5/2017,Estación punto medio E. de Sitjar,DETERMINACION FÍSICO-QUÍMICA IN SITU,CLOROFILA A,0.45,µg/L,"0,45",,Fluorescencia atómica,DISCRETA,5.01,10/3/2017,2,S2A_MSIL2A_20171003T105021_N0205_R051_T30TYK_20171003T105856,0.0481,0.0491,0.0486,0.007,0.0036,0.0001,0.0015,0.0003,0.0004,0.0001,0.0047,0.0054,0,6,0,2.555
JU06150027,-0.2482,40.0175,10/5/2017,Estación punto medio E. de Sitjar,DETERMINACION FÍSICO-QUÍMICA IN SITU,CLOROFILA A,0.51,µg/L,"0,51",,Fluorescencia atómica,DISCRETA,8.02,10/3/2017,2,S2A_MSIL2A_20171003T105021_N0205_R051_T30TYK_20171003T105856,0.0481,0.0491,0.0486,0.007,0.0036,0.0001,0.0015,0.0003,0.0004,0.0001,0.0047,0.0054,0,6,0,2.555
JU06150027,-0.2482,40.0175,10/5/2017,Estación punto medio E. de Sitjar,DETERMINACION FÍSICO-QUÍMICA IN SITU,Profundidad del disco de secchi,4.5,m,,,,INTEGRADA,-1,10/3/2017,2,S2A_MSIL2A_20171003T105021_N0205_R051_T30TYK_20171003T105856,0.0481,0.0491,0.0486,0.007,0.0036,0.0001,0.0015,0.0003,0.0004,0.0001,0.0047,0.0054,0,6,0,2.555
JU06150026,-0.2772,40.0203,10/5/2017,Estación punto cola E. de Sitjar,DETERMINACION FÍSICO-QUÍMICA IN SITU,CLOROFILA A,0.42,µg/L,"0,42",,Fluorescencia atómica,DISCRETA,2.98,10/3/2017,2,S2A_MSIL2A_20171003T105021_N0205_R051_T30TYK_20171003T105856,0.0399,0.0514,0.0766,0.0465,0.0412,0.0092,0.0102,0.0094,0.0085,0.0001,0.0129,0.0106,0,6,1,2.555
JU06150026,-0.2772,40.0203,10/5/2017,Estación punto cola E. de Sitjar,DETERMINACION FÍSICO-QUÍMICA IN SITU,CLOROFILA A,0.46,µg/L,"0,46",,Fluorescencia atómica,DISCRETA,3.99,10/3/2017,2,S2A_MSIL2A_20171003T105021_N0205_R051_T30TYK_20171003T105856,0.0399,0.0514,0.0766,0.0465,0.0412,0.0092,0.0102,0.0094,0.0085,0.0001,0.0129,0.0106,0,6,1,2.555
JU06150026,-0.2772,40.0203,10/5/2017,Estación punto cola E. de Sitjar,DETERMINACION FÍSICO-QUÍMICA IN SITU,CLOROFILA A,0.37,µg/L,"0,37",,Fluorescencia atómica,DISCRETA,0.97,10/3/2017,2,S2A_MSIL2A_20171003T105021_N0205_R051_T30TYK_20171003T105856,0.0399,0.0514,0.0766,0.0465,0.0412,0.0092,0.0102,0.0094,0.0085,0.0001,0.0129,0.0106,0,6,1,2.555
JU06150026,-0.2772,40.0203,10/5/2017,Estación punto cola E. de Sitjar,DETERMINACION FÍSICO-QUÍMICA IN SITU,CLOROFILA A,0.41,µg/L,"0,41",,Fluorescencia atómica,DISCRETA,4.92,10/3/2017,2,S2A_MSIL2A_20171003T105021_N0205_R051_T30TYK_20171003T105856,0.0399,0.0514,0.0766,0.0465,0.0412,0.0092,0.0102,0.0094,0.0085,0.0001,0.0129,0.0106,0,6,1,2.555
JU06150026,-0.2772,40.0203,10/5/2017,Estación punto cola E. de Sitjar,DETERMINACION FÍSICO-QUÍMICA IN SITU,CLOROFILA A,0.44,µg/L,"0,44",,Fluorescencia atómica,DISCRETA,7.01,10/3/2017,2,S2A_MSIL2A_20171003T105021_N0205_R051_T30TYK_20171003T105856,0.0399,0.0514,0.0766,0.0465,0.0412,0.0092,0.0102,0.0094,0.0085,0.0001,0.0129,0.0106,0,6,1,2.555
JU06150026,-0.2772,40.0203,10/5/2017,Estación punto cola E. de Sitjar,DETERMINACION FÍSICO-QUÍMICA IN SITU,CLOROFILA A,0.42,µg/L,"0,42",,Fluorescencia atómica,DISCRETA,1.97,10/3/2017,2,S2A_MSIL2A_20171003T105021_N0205_R051_T30TYK_20171003T105856,0.0399,0.0514,0.0766,0.0465,0.0412,0.0092,0.0102,0.0094,0.0085,0.0001,0.0129,0.0106,0,6,1,2.555
JU06150026,-0.2772,40.0203,10/5/2017,Estación punto cola E. de Sitjar,DETERMINACION FÍSICO-QUÍMICA IN SITU,CLOROFILA A,0.33,µg/L,"0,33",,Fluorescencia atómica,DISCRETA,0,10/3/2017,2,S2A_MSIL2A_20171003T105021_N0205_R051_T30TYK_20171003T105856,0.0399,0.0514,0.0766,0.0465,0.0412,0.0092,0.0102,0.0094,0.0085,0.0001,0.0129,0.0106,0,6,1,2.555
JU06150026,-0.2772,40.0203,10/5/2017,Estación punto cola E. de Sitjar,DETERMINACION FÍSICO-QUÍMICA IN SITU,CLOROFILA A,0.43,µg/L,"0,43",,Fluorescencia atómica,DISCRETA,5.98,10/3/2017,2,S2A_MSIL2A_20171003T105021_N0205_R051_T30TYK_20171003T105856,0.0399,0.0514,0.0766,0.0465,0.0412,0.0092,0.0102,0.0094,0.0085,0.0001,0.0129,0.0106,0,6,1,2.555
JU06150026,-0.2772,40.0203,10/5/2017,Estación punto cola E. de Sitjar,TOMA DE MUESTRAS PARA LABORATORIO,CLOROFILA A,0,µg/L,<1,1,Fluorescencia atómica,INTEGRADA,-1,10/3/2017,2,S2A_MSIL2A_20171003T105021_N0205_R051_T30TYK_20171003T105856,0.0399,0.0514,0.0766,0.0465,0.0412,0.0092,0.0102,0.0094,0.0085,0.0001,0.0129,0.0106,0,6,1,2.555
JU06150026,-0.2772,40.0203,10/5/2017,Estación punto cola E. de Sitjar,TOMA DE MUESTRAS PARA LABORATORIO,FOSFORO TOTAL,0.023,mg P/l,"0,023",0.02,Espectofotometría de absorción molecular,INTEGRADA,-1,10/3/2017,2,S2A_MSIL2A_20171003T105021_N0205_R051_T30TYK_20171003T105856,0.0399,0.0514,0.0766,0.0465,0.0412,0.0092,0.0102,0.0094,0.0085,0.0001,0.0129,0.0106,0,6,1,2.555
JU06150026,-0.2772,40.0203,10/5/2017,Estación punto cola E. de Sitjar,DETERMINACION FÍSICO-QUÍMICA IN SITU,Profundidad del disco de secchi,2.400000095,m,,,,INTEGRADA,-1,10/3/2017,2,S2A_MSIL2A_20171003T105021_N0205_R051_T30TYK_20171003T105856,0.0399,0.0514,0.0766,0.0465,0.0412,0.0092,0.0102,0.0094,0.0085,0.0001,0.0129,0.0106,0,6,1,2.555
JU06150028,-0.2307,40.0116,10/5/2017,Estación punto de presa E. de Sitjar,DETERMINACION FÍSICO-QUÍMICA IN SITU,CLOROFILA A,0.1,µg/L,"0,1",,Fluorescencia atómica,DISCRETA,0,10/3/2017,2,S2A_MSIL2A_20171003T105021_N0205_R051_T30TYK_20171003T105856,0.0429,0.0427,0.0381,0.0049,0.0014,0.0001,0.0002,0.0001,0.0001,0.0001,0.0039,0.0021,0,6,0,2.555
JU06150028,-0.2307,40.0116,10/5/2017,Estación punto de presa E. de Sitjar,DETERMINACION FÍSICO-QUÍMICA IN SITU,CLOROFILA A,0.57,µg/L,"0,57",,Fluorescencia atómica,DISCRETA,11.99,10/3/2017,2,S2A_MSIL2A_20171003T105021_N0205_R051_T30TYK_20171003T105856,0.0429,0.0427,0.0381,0.0049,0.0014,0.0001,0.0002,0.0001,0.0001,0.0001,0.0039,0.0021,0,6,0,2.555
JU06150028,-0.2307,40.0116,10/5/2017,Estación punto de presa E. de Sitjar,DETERMINACION FÍSICO-QUÍMICA IN SITU,CLOROFILA A,0.41,µg/L,"0,41",,Fluorescencia atómica,DISCRETA,3.99,10/3/2017,2,S2A_MSIL2A_20171003T105021_N0205_R051_T30TYK_20171003T105856,0.0429,0.0427,0.0381,0.0049,0.0014,0.0001,0.0002,0.0001,0.0001,0.0001,0.0039,0.0021,0,6,0,2.555
JU06150028,-0.2307,40.0116,10/5/2017,Estación punto de presa E. de Sitjar,DETERMINACION FÍSICO-QUÍMICA IN SITU,CLOROFILA A,0.42,µg/L,"0,42",,Fluorescencia atómica,DISCRETA,4.99,10/3/2017,2,S2A_MSIL2A_20171003T105021_N0205_R051_T30TYK_20171003T105856,0.0429,0.0427,0.0381,0.0049,0.0014,0.0001,0.0002,0.0001,0.0001,0.0001,0.0039,0.0021,0,6,0,2.555
JU06150028,-0.2307,40.0116,10/5/2017,Estación punto de presa E. de Sitjar,DETERMINACION FÍSICO-QUÍMICA IN SITU,CLOROFILA A,0.26,µg/L,"0,26",,Fluorescencia atómica,DISCRETA,14,10/3/2017,2,S2A_MSIL2A_20171003T105021_N0205_R051_T30TYK_20171003T105856,0.0429,0.0427,0.0381,0.0049,0.0014,0.0001,0.0002,0.0001,0.0001,0.0001,0.0039,0.0021,0,6,0,2.555
JU06150028,-0.2307,40.0116,10/5/2017,Estación punto de presa E. de Sitjar,DETERMINACION FÍSICO-QUÍMICA IN SITU,CLOROFILA A,0.27,µg/L,"0,27",,Fluorescencia atómica,DISCRETA,15,10/3/2017,2,S2A_MSIL2A_20171003T105021_N0205_R051_T30TYK_20171003T105856,0.0429,0.0427,0.0381,0.0049,0.0014,0.0001,0.0002,0.0001,0.0001,0.0001,0.0039,0.0021,0,6,0,2.555
JU06150028,-0.2307,40.0116,10/5/2017,Estación punto de presa E. de Sitjar,DETERMINACION FÍSICO-QUÍMICA IN SITU,CLOROFILA A,0.23,µg/L,"0,23",,Fluorescencia atómica,DISCRETA,18,10/3/2017,2,S2A_MSIL2A_20171003T105021_N0205_R051_T30TYK_20171003T105856,0.0429,0.0427,0.0381,0.0049,0.0014,0.0001,0.0002,0.0001,0.0001,0.0001,0.0039,0.0021,0,6,0,2.555
JU06150028,-0.2307,40.0116,10/5/2017,Estación punto de presa E. de Sitjar,DETERMINACION FÍSICO-QUÍMICA IN SITU,CLOROFILA A,0.24,µg/L,"0,24",,Fluorescencia atómica,DISCRETA,19,10/3/2017,2,S2A_MSIL2A_20171003T105021_N0205_R051_T30TYK_20171003T105856,0.0429,0.0427,0.0381,0.0049,0.0014,0.0001,0.0002,0.0001,0.0001,0.0001,0.0039,0.0021,0,6,0,2.555
JU06150028,-0.2307,40.0116,10/5/2017,Estación punto de presa E. de Sitjar,DETERMINACION FÍSICO-QUÍMICA IN SITU,CLOROFILA A,0.32,µg/L,"0,32",,Fluorescencia atómica,DISCRETA,21.01,10/3/2017,2,S2A_MSIL2A_20171003T105021_N0205_R051_T30TYK_20171003T105856,0.0429,0.0427,0.0381,0.0049,0.0014,0.0001,0.0002,0.0001,0.0001,0.0001,0.0039,0.0021,0,6,0,2.555
JU06150028,-0.2307,40.0116,10/5/2017,Estación punto de presa E. de Sitjar,DETERMINACION FÍSICO-QUÍMICA IN SITU,CLOROFILA A,0.52,µg/L,"0,52",,Fluorescencia atómica,DISCRETA,11.01,10/3/2017,2,S2A_MSIL2A_20171003T105021_N0205_R051_T30TYK_20171003T105856,0.0429,0.0427,0.0381,0.0049,0.0014,0.0001,0.0002,0.0001,0.0001,0.0001,0.0039,0.0021,0,6,0,2.555
JU06150028,-0.2307,40.0116,10/5/2017,Estación punto de presa E. de Sitjar,DETERMINACION FÍSICO-QUÍMICA IN SITU,CLOROFILA A,0.43,µg/L,"0,43",,Fluorescencia atómica,DISCRETA,12.99,10/3/2017,2,S2A_MSIL2A_20171003T105021_N0205_R051_T30TYK_20171003T105856,0.0429,0.0427,0.0381,0.0049,0.0014,0.0001,0.0002,0.0001,0.0001,0.0001,0.0039,0.0021,0,6,0,2.555
JU06150028,-0.2307,40.0116,10/5/2017,Estación punto de presa E. de Sitjar,DETERMINACION FÍSICO-QUÍMICA IN SITU,CLOROFILA A,0.32,µg/L,"0,32",,Fluorescencia atómica,DISCRETA,21.99,10/3/2017,2,S2A_MSIL2A_20171003T105021_N0205_R051_T30TYK_20171003T105856,0.0429,0.0427,0.0381,0.0049,0.0014,0.0001,0.0002,0.0001,0.0001,0.0001,0.0039,0.0021,0,6,0,2.555
JU06150028,-0.2307,40.0116,10/5/2017,Estación punto de presa E. de Sitjar,DETERMINACION FÍSICO-QUÍMICA IN SITU,CLOROFILA A,0.68,µg/L,"0,68",,Fluorescencia atómica,DISCRETA,25.02,10/3/2017,2,S2A_MSIL2A_20171003T105021_N0205_R051_T30TYK_20171003T105856,0.0429,0.0427,0.0381,0.0049,0.0014,0.0001,0.0002,0.0001,0.0001,0.0001,0.0039,0.0021,0,6,0,2.555
JU06150028,-0.2307,40.0116,10/5/2017,Estación punto de presa E. de Sitjar,DETERMINACION FÍSICO-QUÍMICA IN SITU,CLOROFILA A,0.28,µg/L,"0,28",,Fluorescencia atómica,DISCRETA,17,10/3/2017,2,S2A_MSIL2A_20171003T105021_N0205_R051_T30TYK_20171003T105856,0.0429,0.0427,0.0381,0.0049,0.0014,0.0001,0.0002,0.0001,0.0001,0.0001,0.0039,0.0021,0,6,0,2.555
JU06150028,-0.2307,40.0116,10/5/2017,Estación punto de presa E. de Sitjar,DETERMINACION FÍSICO-QUÍMICA IN SITU,CLOROFILA A,0.27,µg/L,"0,27",,Fluorescencia atómica,DISCRETA,2.02,10/3/2017,2,S2A_MSIL2A_20171003T105021_N0205_R051_T30TYK_20171003T105856,0.0429,0.0427,0.0381,0.0049,0.0014,0.0001,0.0002,0.0001,0.0001,0.0001,0.0039,0.0021,0,6,0,2.555
JU06150028,-0.2307,40.0116,10/5/2017,Estación punto de presa E. de Sitjar,DETERMINACION FÍSICO-QUÍMICA IN SITU,CLOROFILA A,0.31,µg/L,"0,31",,Fluorescencia atómica,DISCRETA,3.01,10/3/2017,2,S2A_MSIL2A_20171003T105021_N0205_R051_T30TYK_20171003T105856,0.0429,0.0427,0.0381,0.0049,0.0014,0.0001,0.0002,0.0001,0.0001,0.0001,0.0039,0.0021,0,6,0,2.555
JU06150028,-0.2307,40.0116,10/5/2017,Estación punto de presa E. de Sitjar,DETERMINACION FÍSICO-QUÍMICA IN SITU,CLOROFILA A,0.49,µg/L,"0,49",,Fluorescencia atómica,DISCRETA,5.98,10/3/2017,2,S2A_MSIL2A_20171003T105021_N0205_R051_T30TYK_20171003T105856,0.0429,0.0427,0.0381,0.0049,0.0014,0.0001,0.0002,0.0001,0.0001,0.0001,0.0039,0.0021,0,6,0,2.555
JU06150028,-0.2307,40.0116,10/5/2017,Estación punto de presa E. de Sitjar,DETERMINACION FÍSICO-QUÍMICA IN SITU,CLOROFILA A,0.49,µg/L,"0,49",,Fluorescencia atómica,DISCRETA,6.98,10/3/2017,2,S2A_MSIL2A_20171003T105021_N0205_R051_T30TYK_20171003T105856,0.0429,0.0427,0.0381,0.0049,0.0014,0.0001,0.0002,0.0001,0.0001,0.0001,0.0039,0.0021,0,6,0,2.555
JU06150028,-0.2307,40.0116,10/5/2017,Estación punto de presa E. de Sitjar,DETERMINACION FÍSICO-QUÍMICA IN SITU,CLOROFILA A,0.62,µg/L,"0,62",,Fluorescencia atómica,DISCRETA,9.98,10/3/2017,2,S2A_MSIL2A_20171003T105021_N0205_R051_T30TYK_20171003T105856,0.0429,0.0427,0.0381,0.0049,0.0014,0.0001,0.0002,0.0001,0.0001,0.0001,0.0039,0.0021,0,6,0,2.555
JU06150028,-0.2307,40.0116,10/5/2017,Estación punto de presa E. de Sitjar,DETERMINACION FÍSICO-QUÍMICA IN SITU,CLOROFILA A,0.52,µg/L,"0,52",,Fluorescencia atómica,DISCRETA,9,10/3/2017,2,S2A_MSIL2A_20171003T105021_N0205_R051_T30TYK_20171003T105856,0.0429,0.0427,0.0381,0.0049,0.0014,0.0001,0.0002,0.0001,0.0001,0.0001,0.0039,0.0021,0,6,0,2.555
JU06150028,-0.2307,40.0116,10/5/2017,Estación punto de presa E. de Sitjar,DETERMINACION FÍSICO-QUÍMICA IN SITU,CLOROFILA A,0.58,µg/L,"0,58",,Fluorescencia atómica,DISCRETA,7.99,10/3/2017,2,S2A_MSIL2A_20171003T105021_N0205_R051_T30TYK_20171003T105856,0.0429,0.0427,0.0381,0.0049,0.0014,0.0001,0.0002,0.0001,0.0001,0.0001,0.0039,0.0021,0,6,0,2.555
JU06150028,-0.2307,40.0116,10/5/2017,Estación punto de presa E. de Sitjar,DETERMINACION FÍSICO-QUÍMICA IN SITU,CLOROFILA A,0.23,µg/L,"0,23",,Fluorescencia atómica,DISCRETA,0.97,10/3/2017,2,S2A_MSIL2A_20171003T105021_N0205_R051_T30TYK_20171003T105856,0.0429,0.0427,0.0381,0.0049,0.0014,0.0001,0.0002,0.0001,0.0001,0.0001,0.0039,0.0021,0,6,0,2.555
JU06150028,-0.2307,40.0116,10/5/2017,Estación punto de presa E. de Sitjar,DETERMINACION FÍSICO-QUÍMICA IN SITU,CLOROFILA A,0.21,µg/L,"0,21",,Fluorescencia atómica,DISCRETA,16.03,10/3/2017,2,S2A_MSIL2A_20171003T105021_N0205_R051_T30TYK_20171003T105856,0.0429,0.0427,0.0381,0.0049,0.0014,0.0001,0.0002,0.0001,0.0001,0.0001,0.0039,0.0021,0,6,0,2.555
JU06150028,-0.2307,40.0116,10/5/2017,Estación punto de presa E. de Sitjar,DETERMINACION FÍSICO-QUÍMICA IN SITU,CLOROFILA A,0.46,µg/L,"0,46",,Fluorescencia atómica,DISCRETA,24.01,10/3/2017,2,S2A_MSIL2A_20171003T105021_N0205_R051_T30TYK_20171003T105856,0.0429,0.0427,0.0381,0.0049,0.0014,0.0001,0.0002,0.0001,0.0001,0.0001,0.0039,0.0021,0,6,0,2.555
JU06150028,-0.2307,40.0116,10/5/2017,Estación punto de presa E. de Sitjar,DETERMINACION FÍSICO-QUÍMICA IN SITU,CLOROFILA A,0.27,µg/L,"0,27",,Fluorescencia atómica,DISCRETA,20,10/3/2017,2,S2A_MSIL2A_20171003T105021_N0205_R051_T30TYK_20171003T105856,0.0429,0.0427,0.0381,0.0049,0.0014,0.0001,0.0002,0.0001,0.0001,0.0001,0.0039,0.0021,0,6,0,2.555
JU06150028,-0.2307,40.0116,10/5/2017,Estación punto de presa E. de Sitjar,DETERMINACION FÍSICO-QUÍMICA IN SITU,CLOROFILA A,0.36,µg/L,"0,36",,Fluorescencia atómica,DISCRETA,23.01,10/3/2017,2,S2A_MSIL2A_20171003T105021_N0205_R051_T30TYK_20171003T105856,0.0429,0.0427,0.0381,0.0049,0.0014,0.0001,0.0002,0.0001,0.0001,0.0001,0.0039,0.0021,0,6,0,2.555
JU06150028,-0.2307,40.0116,10/5/2017,Estación punto de presa E. de Sitjar,DETERMINACION FÍSICO-QUÍMICA IN SITU,CLOROFILA A,1.26,µg/L,"1,26",,Fluorescencia atómica,DISCRETA,26.01,10/3/2017,2,S2A_MSIL2A_20171003T105021_N0205_R051_T30TYK_20171003T105856,0.0429,0.0427,0.0381,0.0049,0.0014,0.0001,0.0002,0.0001,0.0001,0.0001,0.0039,0.0021,0,6,0,2.555
JU06150028,-0.2307,40.0116,10/5/2017,Estación punto de presa E. de Sitjar,TOMA DE MUESTRAS PARA LABORATORIO,CLOROFILA A,0,µg/L,<1,1,Fluorescencia atómica,INTEGRADA,-1,10/3/2017,2,S2A_MSIL2A_20171003T105021_N0205_R051_T30TYK_20171003T105856,0.0429,0.0427,0.0381,0.0049,0.0014,0.0001,0.0002,0.0001,0.0001,0.0001,0.0039,0.0021,0,6,0,2.555
JU06150028,-0.2307,40.0116,10/5/2017,Estación punto de presa E. de Sitjar,TOMA DE MUESTRAS PARA LABORATORIO,FOSFORO TOTAL,0,mg P/l,"<0,02",0.02,Espectofotometría de absorción molecular,INTEGRADA,-1,10/3/2017,2,S2A_MSIL2A_20171003T105021_N0205_R051_T30TYK_20171003T105856,0.0429,0.0427,0.0381,0.0049,0.0014,0.0001,0.0002,0.0001,0.0001,0.0001,0.0039,0.0021,0,6,0,2.555
JU06150028,-0.2307,40.0116,10/5/2017,Estación punto de presa E. de Sitjar,DETERMINACION FÍSICO-QUÍMICA IN SITU,Profundidad del disco de secchi,5.599999905,m,,,,INTEGRADA,-1,10/3/2017,2,S2A_MSIL2A_20171003T105021_N0205_R051_T30TYK_20171003T105856,0.0429,0.0427,0.0381,0.0049,0.0014,0.0001,0.0002,0.0001,0.0001,0.0001,0.0039,0.0021,0,6,0,2.555
JU06160014,-0.164,40.0293,9/8/2017,Estación punto de presa E. de María Cristina,DETERMINACION FÍSICO-QUÍMICA IN SITU,CLOROFILA A,2.92,µg/L,"2,92",,Fluorescencia atómica,DISCRETA,0,9/3/2017,5,S2A_MSIL2A_20170903T105031_N0205_R051_T30TYK_20170903T105515,0.0245,0.0542,0.1123,0.0477,0.0291,0.0001,0.0001,0.0001,0.0001,0.0001,0.0146,0.015,0,6,1,87.6682
JU06160014,-0.164,40.0293,9/8/2017,Estación punto de presa E. de María Cristina,TOMA DE MUESTRAS PARA LABORATORIO,FOSFORO TOTAL,0.034,mg P/l,"0,034",0.02,Espectofotometría de absorción molecular,INTEGRADA,-1,9/3/2017,5,S2A_MSIL2A_20170903T105031_N0205_R051_T30TYK_20170903T105515,0.0245,0.0542,0.1123,0.0477,0.0291,0.0001,0.0001,0.0001,0.0001,0.0001,0.0146,0.015,0,6,1,87.6682
JU06160014,-0.164,40.0293,9/8/2017,Estación punto de presa E. de María Cristina,DETERMINACION FÍSICO-QUÍMICA IN SITU,Profundidad del disco de secchi,1,m,,,,INTEGRADA,-1,9/3/2017,5,S2A_MSIL2A_20170903T105031_N0205_R051_T30TYK_20170903T105515,0.0245,0.0542,0.1123,0.0477,0.0291,0.0001,0.0001,0.0001,0.0001,0.0001,0.0146,0.015,0,6,1,87.6682
JU06660016,-1.1194,39.7803,9/4/2017,Estación punto medio E. de Benagéber,DETERMINACION FÍSICO-QUÍMICA IN SITU,CLOROFILA A,3.27,µg/L,"3,27",,Fluorescencia atómica,DISCRETA,13,9/6/2017,2,S2A_MSIL2A_20170906T105621_N0205_R094_T30TXK_20170906T110139,0.0441,0.0505,0.091,0.0378,0.0333,0.0209,0.0211,0.018,0.0189,0.0001,0.0151,0.0108,0,6,2,22.539
JU06660016,-1.1194,39.7803,9/4/2017,Estación punto medio E. de Benagéber,DETERMINACION FÍSICO-QUÍMICA IN SITU,CLOROFILA A,3.31,µg/L,"3,31",,Fluorescencia atómica,DISCRETA,3.02,9/6/2017,2,S2A_MSIL2A_20170906T105621_N0205_R094_T30TXK_20170906T110139,0.0441,0.0505,0.091,0.0378,0.0333,0.0209,0.0211,0.018,0.0189,0.0001,0.0151,0.0108,0,6,2,22.539
JU06660016,-1.1194,39.7803,9/4/2017,Estación punto medio E. de Benagéber,DETERMINACION FÍSICO-QUÍMICA IN SITU,CLOROFILA A,3.93,µg/L,"3,93",,Fluorescencia atómica,DISCRETA,4,9/6/2017,2,S2A_MSIL2A_20170906T105621_N0205_R094_T30TXK_20170906T110139,0.0441,0.0505,0.091,0.0378,0.0333,0.0209,0.0211,0.018,0.0189,0.0001,0.0151,0.0108,0,6,2,22.539
JU06660016,-1.1194,39.7803,9/4/2017,Estación punto medio E. de Benagéber,DETERMINACION FÍSICO-QUÍMICA IN SITU,CLOROFILA A,4,µg/L,4,,Fluorescencia atómica,DISCRETA,6.02,9/6/2017,2,S2A_MSIL2A_20170906T105621_N0205_R094_T30TXK_20170906T110139,0.0441,0.0505,0.091,0.0378,0.0333,0.0209,0.0211,0.018,0.0189,0.0001,0.0151,0.0108,0,6,2,22.539
JU06660016,-1.1194,39.7803,9/4/2017,Estación punto medio E. de Benagéber,DETERMINACION FÍSICO-QUÍMICA IN SITU,CLOROFILA A,3.47,µg/L,"3,47",,Fluorescencia atómica,DISCRETA,9.01,9/6/2017,2,S2A_MSIL2A_20170906T105621_N0205_R094_T30TXK_20170906T110139,0.0441,0.0505,0.091,0.0378,0.0333,0.0209,0.0211,0.018,0.0189,0.0001,0.0151,0.0108,0,6,2,22.539
JU06660016,-1.1194,39.7803,9/4/2017,Estación punto medio E. de Benagéber,DETERMINACION FÍSICO-QUÍMICA IN SITU,CLOROFILA A,3.91,µg/L,"3,91",,Fluorescencia atómica,DISCRETA,5.03,9/6/2017,2,S2A_MSIL2A_20170906T105621_N0205_R094_T30TXK_20170906T110139,0.0441,0.0505,0.091,0.0378,0.0333,0.0209,0.0211,0.018,0.0189,0.0001,0.0151,0.0108,0,6,2,22.539
JU06660016,-1.1194,39.7803,9/4/2017,Estación punto medio E. de Benagéber,DETERMINACION FÍSICO-QUÍMICA IN SITU,CLOROFILA A,1.25,µg/L,"1,25",,Fluorescencia atómica,DISCRETA,0,9/6/2017,2,S2A_MSIL2A_20170906T105621_N0205_R094_T30TXK_20170906T110139,0.0441,0.0505,0.091,0.0378,0.0333,0.0209,0.0211,0.018,0.0189,0.0001,0.0151,0.0108,0,6,2,22.539
JU06660016,-1.1194,39.7803,9/4/2017,Estación punto medio E. de Benagéber,DETERMINACION FÍSICO-QUÍMICA IN SITU,CLOROFILA A,1.81,µg/L,"1,81",,Fluorescencia atómica,DISCRETA,1.02,9/6/2017,2,S2A_MSIL2A_20170906T105621_N0205_R094_T30TXK_20170906T110139,0.0441,0.0505,0.091,0.0378,0.0333,0.0209,0.0211,0.018,0.0189,0.0001,0.0151,0.0108,0,6,2,22.539
JU06660016,-1.1194,39.7803,9/4/2017,Estación punto medio E. de Benagéber,DETERMINACION FÍSICO-QUÍMICA IN SITU,CLOROFILA A,2.9,µg/L,"2,9",,Fluorescencia atómica,DISCRETA,10.02,9/6/2017,2,S2A_MSIL2A_20170906T105621_N0205_R094_T30TXK_20170906T110139,0.0441,0.0505,0.091,0.0378,0.0333,0.0209,0.0211,0.018,0.0189,0.0001,0.0151,0.0108,0,6,2,22.539
JU06660016,-1.1194,39.7803,9/4/2017,Estación punto medio E. de Benagéber,DETERMINACION FÍSICO-QUÍMICA IN SITU,CLOROFILA A,2.98,µg/L,"2,98",,Fluorescencia atómica,DISCRETA,11.99,9/6/2017,2,S2A_MSIL2A_20170906T105621_N0205_R094_T30TXK_20170906T110139,0.0441,0.0505,0.091,0.0378,0.0333,0.0209,0.0211,0.018,0.0189,0.0001,0.0151,0.0108,0,6,2,22.539
JU06660016,-1.1194,39.7803,9/4/2017,Estación punto medio E. de Benagéber,DETERMINACION FÍSICO-QUÍMICA IN SITU,CLOROFILA A,3.91,µg/L,"3,91",,Fluorescencia atómica,DISCRETA,7,9/6/2017,2,S2A_MSIL2A_20170906T105621_N0205_R094_T30TXK_20170906T110139,0.0441,0.0505,0.091,0.0378,0.0333,0.0209,0.0211,0.018,0.0189,0.0001,0.0151,0.0108,0,6,2,22.539
JU06660016,-1.1194,39.7803,9/4/2017,Estación punto medio E. de Benagéber,DETERMINACION FÍSICO-QUÍMICA IN SITU,CLOROFILA A,3.19,µg/L,"3,19",,Fluorescencia atómica,DISCRETA,10.99,9/6/2017,2,S2A_MSIL2A_20170906T105621_N0205_R094_T30TXK_20170906T110139,0.0441,0.0505,0.091,0.0378,0.0333,0.0209,0.0211,0.018,0.0189,0.0001,0.0151,0.0108,0,6,2,22.539
JU06660016,-1.1194,39.7803,9/4/2017,Estación punto medio E. de Benagéber,DETERMINACION FÍSICO-QUÍMICA IN SITU,CLOROFILA A,2.36,µg/L,"2,36",,Fluorescencia atómica,DISCRETA,2.01,9/6/2017,2,S2A_MSIL2A_20170906T105621_N0205_R094_T30TXK_20170906T110139,0.0441,0.0505,0.091,0.0378,0.0333,0.0209,0.0211,0.018,0.0189,0.0001,0.0151,0.0108,0,6,2,22.539
JU06660016,-1.1194,39.7803,9/4/2017,Estación punto medio E. de Benagéber,DETERMINACION FÍSICO-QUÍMICA IN SITU,CLOROFILA A,4.12,µg/L,"4,12",,Fluorescencia atómica,DISCRETA,8.02,9/6/2017,2,S2A_MSIL2A_20170906T105621_N0205_R094_T30TXK_20170906T110139,0.0441,0.0505,0.091,0.0378,0.0333,0.0209,0.0211,0.018,0.0189,0.0001,0.0151,0.0108,0,6,2,22.539
JU06660016,-1.1194,39.7803,9/4/2017,Estación punto medio E. de Benagéber,DETERMINACION FÍSICO-QUÍMICA IN SITU,Profundidad del disco de secchi,3.5,m,,,,INTEGRADA,-1,9/6/2017,2,S2A_MSIL2A_20170906T105621_N0205_R094_T30TXK_20170906T110139,0.0441,0.0505,0.091,0.0378,0.0333,0.0209,0.0211,0.018,0.0189,0.0001,0.0151,0.0108,0,6,2,22.539
JU06660015,-1.1448,39.8091,9/4/2017,Estación punto cola E. de Benagéber,DETERMINACION FÍSICO-QUÍMICA IN SITU,CLOROFILA A,2.52,µg/L,"2,52",,Fluorescencia atómica,DISCRETA,4.02,9/6/2017,2,S2A_MSIL2A_20170906T105621_N0205_R094_T30TXK_20170906T110139,0.0421,0.0471,0.0724,0.0829,0.1179,0.1809,0.2015,0.1959,0.2093,0.1504,0.176,0.1153,0,5,5,22.539
JU06660015,-1.1448,39.8091,9/4/2017,Estación punto cola E. de Benagéber,DETERMINACION FÍSICO-QUÍMICA IN SITU,CLOROFILA A,6.21,µg/L,"6,21",,Fluorescencia atómica,DISCRETA,0.97,9/6/2017,2,S2A_MSIL2A_20170906T105621_N0205_R094_T30TXK_20170906T110139,0.0421,0.0471,0.0724,0.0829,0.1179,0.1809,0.2015,0.1959,0.2093,0.1504,0.176,0.1153,0,5,5,22.539
JU06660015,-1.1448,39.8091,9/4/2017,Estación punto cola E. de Benagéber,TOMA DE MUESTRAS PARA LABORATORIO,CLOROFILA A,8,µg/L,8,1,Fluorescencia atómica,INTEGRADA,-1,9/6/2017,2,S2A_MSIL2A_20170906T105621_N0205_R094_T30TXK_20170906T110139,0.0421,0.0471,0.0724,0.0829,0.1179,0.1809,0.2015,0.1959,0.2093,0.1504,0.176,0.1153,0,5,5,22.539
JU06660015,-1.1448,39.8091,9/4/2017,Estación punto cola E. de Benagéber,DETERMINACION FÍSICO-QUÍMICA IN SITU,CLOROFILA A,3.28,µg/L,"3,28",,Fluorescencia atómica,DISCRETA,3,9/6/2017,2,S2A_MSIL2A_20170906T105621_N0205_R094_T30TXK_20170906T110139,0.0421,0.0471,0.0724,0.0829,0.1179,0.1809,0.2015,0.1959,0.2093,0.1504,0.176,0.1153,0,5,5,22.539
JU06660015,-1.1448,39.8091,9/4/2017,Estación punto cola E. de Benagéber,DETERMINACION FÍSICO-QUÍMICA IN SITU,CLOROFILA A,8.94,µg/L,"8,94",,Fluorescencia atómica,DISCRETA,2.02,9/6/2017,2,S2A_MSIL2A_20170906T105621_N0205_R094_T30TXK_20170906T110139,0.0421,0.0471,0.0724,0.0829,0.1179,0.1809,0.2015,0.1959,0.2093,0.1504,0.176,0.1153,0,5,5,22.539
JU06660015,-1.1448,39.8091,9/4/2017,Estación punto cola E. de Benagéber,DETERMINACION FÍSICO-QUÍMICA IN SITU,CLOROFILA A,3.22,µg/L,"3,22",,Fluorescencia atómica,DISCRETA,0,9/6/2017,2,S2A_MSIL2A_20170906T105621_N0205_R094_T30TXK_20170906T110139,0.0421,0.0471,0.0724,0.0829,0.1179,0.1809,0.2015,0.1959,0.2093,0.1504,0.176,0.1153,0,5,5,22.539
JU06660015,-1.1448,39.8091,9/4/2017,Estación punto cola E. de Benagéber,TOMA DE MUESTRAS PARA LABORATORIO,FOSFORO TOTAL,0.037,mg P/l,"0,037",0.02,Espectofotometría de absorción molecular,INTEGRADA,-1,9/6/2017,2,S2A_MSIL2A_20170906T105621_N0205_R094_T30TXK_20170906T110139,0.0421,0.0471,0.0724,0.0829,0.1179,0.1809,0.2015,0.1959,0.2093,0.1504,0.176,0.1153,0,5,5,22.539
JU06660015,-1.1448,39.8091,9/4/2017,Estación punto cola E. de Benagéber,DETERMINACION FÍSICO-QUÍMICA IN SITU,Profundidad del disco de secchi,1.25,m,,,,INTEGRADA,-1,9/6/2017,2,S2A_MSIL2A_20170906T105621_N0205_R094_T30TXK_20170906T110139,0.0421,0.0471,0.0724,0.0829,0.1179,0.1809,0.2015,0.1959,0.2093,0.1504,0.176,0.1153,0,5,5,22.539
,-1.0992,39.7301,9/4/2017,,,,,,,,,,,,,,,,,,,,,,,,,,,,,
,-1.0992,39.7301,9/4/2017,,,,,,,,,,,,,,,,,,,,,,,,,,,,,
,-1.0992,39.7301,9/4/2017,,,,,,,,,,,,,,,,,,,,,,,,,,,,,
,-1.0992,39.7301,9/4/2017,,,,,,,,,,,,,,,,,,,,,,,,,,,,,
,-1.0992,39.7301,9/4/2017,,,,,,,,,,,,,,,,,,,,,,,,,,,,,
,-1.0992,39.7301,9/4/2017,,,,,,,,,,,,,,,,,,,,,,,,,,,,,
,-1.0992,39.7301,9/4/2017,,,,,,,,,,,,,,,,,,,,,,,,,,,,,
,-1.0992,39.7301,9/4/2017,,,,,,,,,,,,,,,,,,,,,,,,,,,,,
,-1.0992,39.7301,9/4/2017,,,,,,,,,,,,,,,,,,,,,,,,,,,,,
,-1.0992,39.7301,9/4/2017,,,,,,,,,,,,,,,,,,,,,,,,,,,,,
,-1.0992,39.7301,9/4/2017,,,,,,,,,,,,,,,,,,,,,,,,,,,,,
,-1.0992,39.7301,9/4/2017,,,,,,,,,,,,,,,,,,,,,,,,,,,,,
,-1.0992,39.7301,9/4/2017,,,,,,,,,,,,,,,,,,,,,,,,,,,,,
,-1.0992,39.7301,9/4/2017,,,,,,,,,,,,,,,,,,,,,,,,,,,,,
,-1.0992,39.7301,9/4/2017,,,,,,,,,,,,,,,,,,,,,,,,,,,,,
,-1.0992,39.7301,9/4/2017,,,,,,,,,,,,,,,,,,,,,,,,,,,,,
,-1.0992,39.7301,9/4/2017,,,,,,,,,,,,,,,,,,,,,,,,,,,,,
,-1.0992,39.7301,9/4/2017,,,,,,,,,,,,,,,,,,,,,,,,,,,,,
,-1.0992,39.7301,9/4/2017,,,,,,,,,,,,,,,,,,,,,,,,,,,,,
,-1.0992,39.7301,9/4/2017,,,,,,,,,,,,,,,,,,,,,,,,,,,,,
,-1.0992,39.7301,9/4/2017,,,,,,,,,,,,,,,,,,,,,,,,,,,,,
,-1.0992,39.7301,9/4/2017,,,,,,,,,,,,,,,,,,,,,,,,,,,,,
,-1.0992,39.7301,9/4/2017,,,,,,,,,,,,,,,,,,,,,,,,,,,,,
,-1.0992,39.7301,9/4/2017,,,,,,,,,,,,,,,,,,,,,,,,,,,,,
,-1.0992,39.7301,9/4/2017,,,,,,,,,,,,,,,,,,,,,,,,,,,,,
,-1.0992,39.7301,9/4/2017,,,,,,,,,,,,,,,,,,,,,,,,,,,,,
,-1.0992,39.7301,9/4/2017,,,,,,,,,,,,,,,,,,,,,,,,,,,,,
,-1.0992,39.7301,9/4/2017,,,,,,,,,,,,,,,,,,,,,,,,,,,,,
,-1.0992,39.7301,9/4/2017,,,,,,,,,,,,,,,,,,,,,,,,,,,,,
,-1.0992,39.7301,9/4/2017,,,,,,,,,,,,,,,,,,,,,,,,,,,,,
,-1.0992,39.7301,9/4/2017,,,,,,,,,,,,,,,,,,,,,,,,,,,,,
,-1.0992,39.7301,9/4/2017,,,,,,,,,,,,,,,,,,,,,,,,,,,,,
,-1.0992,39.7301,9/4/2017,,,,,,,,,,,,,,,,,,,,,,,,,,,,,
,-1.0992,39.7301,9/4/2017,,,,,,,,,,,,,,,,,,,,,,,,,,,,,
,-1.0992,39.7301,9/4/2017,,,,,,,,,,,,,,,,,,,,,,,,,,,,,
,-1.0992,39.7301,9/4/2017,,,,,,,,,,,,,,,,,,,,,,,,,,,,,
,-1.0992,39.7301,9/4/2017,,,,,,,,,,,,,,,,,,,,,,,,,,,,,
,-1.0992,39.7301,9/4/2017,,,,,,,,,,,,,,,,,,,,,,,,,,,,,
,-1.0992,39.7301,9/4/2017,,,,,,,,,,,,,,,,,,,,,,,,,,,,,
,-1.0992,39.7301,9/4/2017,,,,,,,,,,,,,,,,,,,,,,,,,,,,,
,-1.0992,39.7301,9/4/2017,,,,,,,,,,,,,,,,,,,,,,,,,,,,,
,-1.0992,39.7301,9/4/2017,,,,,,,,,,,,,,,,,,,,,,,,,,,,,
JU06160013,-0.1601,40.0388,8/29/2017,Estación punto medio E. María Cristina,DETERMINACION FÍSICO-QUÍMICA IN SITU,CLOROFILA A,7.32,µg/L,"7,32",,Fluorescencia atómica,DISCRETA,3.03,8/24/2017,5,S2A_MSIL2A_20170824T105031_N0205_R051_T30TYK_20170824T105240,0.0755,0.0877,0.1576,0.0929,0.0762,0.0321,0.0331,0.0364,0.0326,0.098,0.0404,0.0321,0,7,2,2.3377
JU06160013,-0.1601,40.0388,8/29/2017,Estación punto medio E. María Cristina,DETERMINACION FÍSICO-QUÍMICA IN SITU,CLOROFILA A,4.58,µg/L,"4,58",,Fluorescencia atómica,DISCRETA,2.05,8/24/2017,5,S2A_MSIL2A_20170824T105031_N0205_R051_T30TYK_20170824T105240,0.0755,0.0877,0.1576,0.0929,0.0762,0.0321,0.0331,0.0364,0.0326,0.098,0.0404,0.0321,0,7,2,2.3377
JU06160013,-0.1601,40.0388,8/29/2017,Estación punto medio E. María Cristina,DETERMINACION FÍSICO-QUÍMICA IN SITU,CLOROFILA A,6.16,µg/L,"6,16",,Fluorescencia atómica,DISCRETA,2.53,8/24/2017,5,S2A_MSIL2A_20170824T105031_N0205_R051_T30TYK_20170824T105240,0.0755,0.0877,0.1576,0.0929,0.0762,0.0321,0.0331,0.0364,0.0326,0.098,0.0404,0.0321,0,7,2,2.3377
JU06160013,-0.1601,40.0388,8/29/2017,Estación punto medio E. María Cristina,DETERMINACION FÍSICO-QUÍMICA IN SITU,CLOROFILA A,6.64,µg/L,"6,64",,Fluorescencia atómica,DISCRETA,3.53,8/24/2017,5,S2A_MSIL2A_20170824T105031_N0205_R051_T30TYK_20170824T105240,0.0755,0.0877,0.1576,0.0929,0.0762,0.0321,0.0331,0.0364,0.0326,0.098,0.0404,0.0321,0,7,2,2.3377
JU06160013,-0.1601,40.0388,8/29/2017,Estación punto medio E. María Cristina,DETERMINACION FÍSICO-QUÍMICA IN SITU,CLOROFILA A,14.91,µg/L,"14,91",,Fluorescencia atómica,DISCRETA,4,8/24/2017,5,S2A_MSIL2A_20170824T105031_N0205_R051_T30TYK_20170824T105240,0.0755,0.0877,0.1576,0.0929,0.0762,0.0321,0.0331,0.0364,0.0326,0.098,0.0404,0.0321,0,7,2,2.3377
JU06160013,-0.1601,40.0388,8/29/2017,Estación punto medio E. María Cristina,DETERMINACION FÍSICO-QUÍMICA IN SITU,CLOROFILA A,4.1,µg/L,"4,1",,Fluorescencia atómica,DISCRETA,0.02,8/24/2017,5,S2A_MSIL2A_20170824T105031_N0205_R051_T30TYK_20170824T105240,0.0755,0.0877,0.1576,0.0929,0.0762,0.0321,0.0331,0.0364,0.0326,0.098,0.0404,0.0321,0,7,2,2.3377
JU06160013,-0.1601,40.0388,8/29/2017,Estación punto medio E. María Cristina,DETERMINACION FÍSICO-QUÍMICA IN SITU,CLOROFILA A,6.08,µg/L,"6,08",,Fluorescencia atómica,DISCRETA,1.53,8/24/2017,5,S2A_MSIL2A_20170824T105031_N0205_R051_T30TYK_20170824T105240,0.0755,0.0877,0.1576,0.0929,0.0762,0.0321,0.0331,0.0364,0.0326,0.098,0.0404,0.0321,0,7,2,2.3377
JU06160013,-0.1601,40.0388,8/29/2017,Estación punto medio E. María Cristina,DETERMINACION FÍSICO-QUÍMICA IN SITU,CLOROFILA A,13.4,µg/L,"13,4",,Fluorescencia atómica,DISCRETA,4.53,8/24/2017,5,S2A_MSIL2A_20170824T105031_N0205_R051_T30TYK_20170824T105240,0.0755,0.0877,0.1576,0.0929,0.0762,0.0321,0.0331,0.0364,0.0326,0.098,0.0404,0.0321,0,7,2,2.3377
JU06160013,-0.1601,40.0388,8/29/2017,Estación punto medio E. María Cristina,DETERMINACION FÍSICO-QUÍMICA IN SITU,CLOROFILA A,4.2,µg/L,"4,2",,Fluorescencia atómica,DISCRETA,0.51,8/24/2017,5,S2A_MSIL2A_20170824T105031_N0205_R051_T30TYK_20170824T105240,0.0755,0.0877,0.1576,0.0929,0.0762,0.0321,0.0331,0.0364,0.0326,0.098,0.0404,0.0321,0,7,2,2.3377
JU06160013,-0.1601,40.0388,8/29/2017,Estación punto medio E. María Cristina,DETERMINACION FÍSICO-QUÍMICA IN SITU,CLOROFILA A,4.59,µg/L,"4,59",,Fluorescencia atómica,DISCRETA,0.99,8/24/2017,5,S2A_MSIL2A_20170824T105031_N0205_R051_T30TYK_20170824T105240,0.0755,0.0877,0.1576,0.0929,0.0762,0.0321,0.0331,0.0364,0.0326,0.098,0.0404,0.0321,0,7,2,2.3377
JU06160013,-0.1601,40.0388,8/29/2017,Estación punto medio E. María Cristina,DETERMINACION FÍSICO-QUÍMICA IN SITU,Profundidad del disco de secchi,0.600000024,m,,,,INTEGRADA,-1,8/24/2017,5,S2A_MSIL2A_20170824T105031_N0205_R051_T30TYK_20170824T105240,0.0755,0.0877,0.1576,0.0929,0.0762,0.0321,0.0331,0.0364,0.0326,0.098,0.0404,0.0321,0,7,2,2.3377
JU06160012,-0.1572,40.0523,8/29/2017,Estación punto cola E. deMaría Cristina,DETERMINACION FÍSICO-QUÍMICA IN SITU,CLOROFILA A,5.03,µg/L,"5,03",,Fluorescencia atómica,DISCRETA,0.5,8/24/2017,5,S2A_MSIL2A_20170824T105031_N0205_R051_T30TYK_20170824T105240,0.0654,0.0856,0.1568,0.1572,0.182,0.1305,0.14,0.1326,0.1293,0.1433,0.121,0.0863,0,8,5,2.3377
JU06160012,-0.1572,40.0523,8/29/2017,Estación punto cola E. deMaría Cristina,TOMA DE MUESTRAS PARA LABORATORIO,CLOROFILA A,7,µg/L,7,1,Fluorescencia atómica,INTEGRADA,-1,8/24/2017,5,S2A_MSIL2A_20170824T105031_N0205_R051_T30TYK_20170824T105240,0.0654,0.0856,0.1568,0.1572,0.182,0.1305,0.14,0.1326,0.1293,0.1433,0.121,0.0863,0,8,5,2.3377
JU06160012,-0.1572,40.0523,8/29/2017,Estación punto cola E. deMaría Cristina,DETERMINACION FÍSICO-QUÍMICA IN SITU,CLOROFILA A,5.92,µg/L,"5,92",,Fluorescencia atómica,DISCRETA,1.5,8/24/2017,5,S2A_MSIL2A_20170824T105031_N0205_R051_T30TYK_20170824T105240,0.0654,0.0856,0.1568,0.1572,0.182,0.1305,0.14,0.1326,0.1293,0.1433,0.121,0.0863,0,8,5,2.3377
JU06160012,-0.1572,40.0523,8/29/2017,Estación punto cola E. deMaría Cristina,DETERMINACION FÍSICO-QUÍMICA IN SITU,CLOROFILA A,6.42,µg/L,"6,42",,Fluorescencia atómica,DISCRETA,2.49,8/24/2017,5,S2A_MSIL2A_20170824T105031_N0205_R051_T30TYK_20170824T105240,0.0654,0.0856,0.1568,0.1572,0.182,0.1305,0.14,0.1326,0.1293,0.1433,0.121,0.0863,0,8,5,2.3377
JU06160012,-0.1572,40.0523,8/29/2017,Estación punto cola E. deMaría Cristina,DETERMINACION FÍSICO-QUÍMICA IN SITU,CLOROFILA A,4.62,µg/L,"4,62",,Fluorescencia atómica,DISCRETA,0,8/24/2017,5,S2A_MSIL2A_20170824T105031_N0205_R051_T30TYK_20170824T105240,0.0654,0.0856,0.1568,0.1572,0.182,0.1305,0.14,0.1326,0.1293,0.1433,0.121,0.0863,0,8,5,2.3377
JU06160012,-0.1572,40.0523,8/29/2017,Estación punto cola E. deMaría Cristina,DETERMINACION FÍSICO-QUÍMICA IN SITU,CLOROFILA A,5.28,µg/L,"5,28",,Fluorescencia atómica,DISCRETA,1.02,8/24/2017,5,S2A_MSIL2A_20170824T105031_N0205_R051_T30TYK_20170824T105240,0.0654,0.0856,0.1568,0.1572,0.182,0.1305,0.14,0.1326,0.1293,0.1433,0.121,0.0863,0,8,5,2.3377
JU06160012,-0.1572,40.0523,8/29/2017,Estación punto cola E. deMaría Cristina,DETERMINACION FÍSICO-QUÍMICA IN SITU,CLOROFILA A,6.02,µg/L,"6,02",,Fluorescencia atómica,DISCRETA,2.03,8/24/2017,5,S2A_MSIL2A_20170824T105031_N0205_R051_T30TYK_20170824T105240,0.0654,0.0856,0.1568,0.1572,0.182,0.1305,0.14,0.1326,0.1293,0.1433,0.121,0.0863,0,8,5,2.3377
JU06160012,-0.1572,40.0523,8/29/2017,Estación punto cola E. deMaría Cristina,TOMA DE MUESTRAS PARA LABORATORIO,FOSFORO TOTAL,0.043,mg P/l,"0,043",0.02,Espectofotometría de absorción molecular,INTEGRADA,-1,8/24/2017,5,S2A_MSIL2A_20170824T105031_N0205_R051_T30TYK_20170824T105240,0.0654,0.0856,0.1568,0.1572,0.182,0.1305,0.14,0.1326,0.1293,0.1433,0.121,0.0863,0,8,5,2.3377
JU06160012,-0.1572,40.0523,8/29/2017,Estación punto cola E. deMaría Cristina,DETERMINACION FÍSICO-QUÍMICA IN SITU,Profundidad del disco de secchi,0.200000003,m,,,,INTEGRADA,-1,8/24/2017,5,S2A_MSIL2A_20170824T105031_N0205_R051_T30TYK_20170824T105240,0.0654,0.0856,0.1568,0.1572,0.182,0.1305,0.14,0.1326,0.1293,0.1433,0.121,0.0863,0,8,5,2.3377
JU06160014,-0.164,40.0293,8/29/2017,Estación punto de presa E. de María Cristina,DETERMINACION FÍSICO-QUÍMICA IN SITU,CLOROFILA A,3.4,µg/L,"3,4",,Fluorescencia atómica,DISCRETA,0.02,8/24/2017,5,S2A_MSIL2A_20170824T105031_N0205_R051_T30TYK_20170824T105240,0.0444,0.0618,0.1183,0.0434,0.0333,0.0092,0.0127,0.0105,0.0098,0.0001,0.0187,0.0165,0,6,1,2.3377
JU06160014,-0.164,40.0293,8/29/2017,Estación punto de presa E. de María Cristina,DETERMINACION FÍSICO-QUÍMICA IN SITU,CLOROFILA A,4,µg/L,4,,Fluorescencia atómica,DISCRETA,2.5,8/24/2017,5,S2A_MSIL2A_20170824T105031_N0205_R051_T30TYK_20170824T105240,0.0444,0.0618,0.1183,0.0434,0.0333,0.0092,0.0127,0.0105,0.0098,0.0001,0.0187,0.0165,0,6,1,2.3377
JU06160014,-0.164,40.0293,8/29/2017,Estación punto de presa E. de María Cristina,DETERMINACION FÍSICO-QUÍMICA IN SITU,CLOROFILA A,4.59,µg/L,"4,59",,Fluorescencia atómica,DISCRETA,3.02,8/24/2017,5,S2A_MSIL2A_20170824T105031_N0205_R051_T30TYK_20170824T105240,0.0444,0.0618,0.1183,0.0434,0.0333,0.0092,0.0127,0.0105,0.0098,0.0001,0.0187,0.0165,0,6,1,2.3377
JU06160014,-0.164,40.0293,8/29/2017,Estación punto de presa E. de María Cristina,DETERMINACION FÍSICO-QUÍMICA IN SITU,CLOROFILA A,3.21,µg/L,"3,21",,Fluorescencia atómica,DISCRETA,6.02,8/24/2017,5,S2A_MSIL2A_20170824T105031_N0205_R051_T30TYK_20170824T105240,0.0444,0.0618,0.1183,0.0434,0.0333,0.0092,0.0127,0.0105,0.0098,0.0001,0.0187,0.0165,0,6,1,2.3377
JU06160014,-0.164,40.0293,8/29/2017,Estación punto de presa E. de María Cristina,DETERMINACION FÍSICO-QUÍMICA IN SITU,CLOROFILA A,4.1,µg/L,"4,1",,Fluorescencia atómica,DISCRETA,1.51,8/24/2017,5,S2A_MSIL2A_20170824T105031_N0205_R051_T30TYK_20170824T105240,0.0444,0.0618,0.1183,0.0434,0.0333,0.0092,0.0127,0.0105,0.0098,0.0001,0.0187,0.0165,0,6,1,2.3377
JU06160014,-0.164,40.0293,8/29/2017,Estación punto de presa E. de María Cristina,DETERMINACION FÍSICO-QUÍMICA IN SITU,CLOROFILA A,11.87,µg/L,"11,87",,Fluorescencia atómica,DISCRETA,3.99,8/24/2017,5,S2A_MSIL2A_20170824T105031_N0205_R051_T30TYK_20170824T105240,0.0444,0.0618,0.1183,0.0434,0.0333,0.0092,0.0127,0.0105,0.0098,0.0001,0.0187,0.0165,0,6,1,2.3377
JU06160014,-0.164,40.0293,8/29/2017,Estación punto de presa E. de María Cristina,DETERMINACION FÍSICO-QUÍMICA IN SITU,CLOROFILA A,4.77,µg/L,"4,77",,Fluorescencia atómica,DISCRETA,3.53,8/24/2017,5,S2A_MSIL2A_20170824T105031_N0205_R051_T30TYK_20170824T105240,0.0444,0.0618,0.1183,0.0434,0.0333,0.0092,0.0127,0.0105,0.0098,0.0001,0.0187,0.0165,0,6,1,2.3377
JU06160014,-0.164,40.0293,8/29/2017,Estación punto de presa E. de María Cristina,DETERMINACION FÍSICO-QUÍMICA IN SITU,CLOROFILA A,11.07,µg/L,"11,07",,Fluorescencia atómica,DISCRETA,4.54,8/24/2017,5,S2A_MSIL2A_20170824T105031_N0205_R051_T30TYK_20170824T105240,0.0444,0.0618,0.1183,0.0434,0.0333,0.0092,0.0127,0.0105,0.0098,0.0001,0.0187,0.0165,0,6,1,2.3377
JU06160014,-0.164,40.0293,8/29/2017,Estación punto de presa E. de María Cristina,DETERMINACION FÍSICO-QUÍMICA IN SITU,CLOROFILA A,5.83,µg/L,"5,83",,Fluorescencia atómica,DISCRETA,5.52,8/24/2017,5,S2A_MSIL2A_20170824T105031_N0205_R051_T30TYK_20170824T105240,0.0444,0.0618,0.1183,0.0434,0.0333,0.0092,0.0127,0.0105,0.0098,0.0001,0.0187,0.0165,0,6,1,2.3377
JU06160014,-0.164,40.0293,8/29/2017,Estación punto de presa E. de María Cristina,DETERMINACION FÍSICO-QUÍMICA IN SITU,CLOROFILA A,3.81,µg/L,"3,81",,Fluorescencia atómica,DISCRETA,0.5,8/24/2017,5,S2A_MSIL2A_20170824T105031_N0205_R051_T30TYK_20170824T105240,0.0444,0.0618,0.1183,0.0434,0.0333,0.0092,0.0127,0.0105,0.0098,0.0001,0.0187,0.0165,0,6,1,2.3377
JU06160014,-0.164,40.0293,8/29/2017,Estación punto de presa E. de María Cristina,DETERMINACION FÍSICO-QUÍMICA IN SITU,CLOROFILA A,4.36,µg/L,"4,36",,Fluorescencia atómica,DISCRETA,2.05,8/24/2017,5,S2A_MSIL2A_20170824T105031_N0205_R051_T30TYK_20170824T105240,0.0444,0.0618,0.1183,0.0434,0.0333,0.0092,0.0127,0.0105,0.0098,0.0001,0.0187,0.0165,0,6,1,2.3377
JU06160014,-0.164,40.0293,8/29/2017,Estación punto de presa E. de María Cristina,DETERMINACION FÍSICO-QUÍMICA IN SITU,CLOROFILA A,3.97,µg/L,"3,97",,Fluorescencia atómica,DISCRETA,1.01,8/24/2017,5,S2A_MSIL2A_20170824T105031_N0205_R051_T30TYK_20170824T105240,0.0444,0.0618,0.1183,0.0434,0.0333,0.0092,0.0127,0.0105,0.0098,0.0001,0.0187,0.0165,0,6,1,2.3377
JU06160014,-0.164,40.0293,8/29/2017,Estación punto de presa E. de María Cristina,DETERMINACION FÍSICO-QUÍMICA IN SITU,CLOROFILA A,12.81,µg/L,"12,81",,Fluorescencia atómica,DISCRETA,5.01,8/24/2017,5,S2A_MSIL2A_20170824T105031_N0205_R051_T30TYK_20170824T105240,0.0444,0.0618,0.1183,0.0434,0.0333,0.0092,0.0127,0.0105,0.0098,0.0001,0.0187,0.0165,0,6,1,2.3377
JU06160014,-0.164,40.0293,8/29/2017,Estación punto de presa E. de María Cristina,TOMA DE MUESTRAS PARA LABORATORIO,CLOROFILA A,4.8,µg/L,"4,8",1,Fluorescencia atómica,INTEGRADA,-1,8/24/2017,5,S2A_MSIL2A_20170824T105031_N0205_R051_T30TYK_20170824T105240,0.0444,0.0618,0.1183,0.0434,0.0333,0.0092,0.0127,0.0105,0.0098,0.0001,0.0187,0.0165,0,6,1,2.3377
JU06160014,-0.164,40.0293,8/29/2017,Estación punto de presa E. de María Cristina,TOMA DE MUESTRAS PARA LABORATORIO,FOSFORO TOTAL,0.045,mg P/l,"0,045",0.02,Espectofotometría de absorción molecular,INTEGRADA,-1,8/24/2017,5,S2A_MSIL2A_20170824T105031_N0205_R051_T30TYK_20170824T105240,0.0444,0.0618,0.1183,0.0434,0.0333,0.0092,0.0127,0.0105,0.0098,0.0001,0.0187,0.0165,0,6,1,2.3377
JU06160014,-0.164,40.0293,8/29/2017,Estación punto de presa E. de María Cristina,DETERMINACION FÍSICO-QUÍMICA IN SITU,Profundidad del disco de secchi,1,m,,,,INTEGRADA,-1,8/24/2017,5,S2A_MSIL2A_20170824T105031_N0205_R051_T30TYK_20170824T105240,0.0444,0.0618,0.1183,0.0434,0.0333,0.0092,0.0127,0.0105,0.0098,0.0001,0.0187,0.0165,0,6,1,2.3377
JU06150027,-0.2482,40.0175,7/5/2017,Estación punto medio E. de Sitjar,DETERMINACION FÍSICO-QUÍMICA IN SITU,CLOROFILA A,0.24,µg/L,"0,24",,Fluorescencia atómica,DISCRETA,1.02,7/5/2017,0,S2A_MSIL2A_20170705T105031_N0205_R051_T30TYK_20170705T105605,0.0626,0.0747,0.064,0.021,0.0123,0.0067,0.0065,0.012,0.0083,0.0001,0.0273,0.0245,0,2,1,0.0148
JU06150027,-0.2482,40.0175,7/5/2017,Estación punto medio E. de Sitjar,DETERMINACION FÍSICO-QUÍMICA IN SITU,CLOROFILA A,0.71,µg/L,"0,71",,Fluorescencia atómica,DISCRETA,14.02,7/5/2017,0,S2A_MSIL2A_20170705T105031_N0205_R051_T30TYK_20170705T105605,0.0626,0.0747,0.064,0.021,0.0123,0.0067,0.0065,0.012,0.0083,0.0001,0.0273,0.0245,0,2,1,0.0148
JU06150027,-0.2482,40.0175,7/5/2017,Estación punto medio E. de Sitjar,DETERMINACION FÍSICO-QUÍMICA IN SITU,CLOROFILA A,0.71,µg/L,"0,71",,Fluorescencia atómica,DISCRETA,14.97,7/5/2017,0,S2A_MSIL2A_20170705T105031_N0205_R051_T30TYK_20170705T105605,0.0626,0.0747,0.064,0.021,0.0123,0.0067,0.0065,0.012,0.0083,0.0001,0.0273,0.0245,0,2,1,0.0148
JU06150027,-0.2482,40.0175,7/5/2017,Estación punto medio E. de Sitjar,DETERMINACION FÍSICO-QUÍMICA IN SITU,CLOROFILA A,0.69,µg/L,"0,69",,Fluorescencia atómica,DISCRETA,18.9,7/5/2017,0,S2A_MSIL2A_20170705T105031_N0205_R051_T30TYK_20170705T105605,0.0626,0.0747,0.064,0.021,0.0123,0.0067,0.0065,0.012,0.0083,0.0001,0.0273,0.0245,0,2,1,0.0148
JU06150027,-0.2482,40.0175,7/5/2017,Estación punto medio E. de Sitjar,DETERMINACION FÍSICO-QUÍMICA IN SITU,CLOROFILA A,0.25,µg/L,"0,25",,Fluorescencia atómica,DISCRETA,3.02,7/5/2017,0,S2A_MSIL2A_20170705T105031_N0205_R051_T30TYK_20170705T105605,0.0626,0.0747,0.064,0.021,0.0123,0.0067,0.0065,0.012,0.0083,0.0001,0.0273,0.0245,0,2,1,0.0148
JU06150027,-0.2482,40.0175,7/5/2017,Estación punto medio E. de Sitjar,DETERMINACION FÍSICO-QUÍMICA IN SITU,CLOROFILA A,1.82,µg/L,"1,82",,Fluorescencia atómica,DISCRETA,0,7/5/2017,0,S2A_MSIL2A_20170705T105031_N0205_R051_T30TYK_20170705T105605,0.0626,0.0747,0.064,0.021,0.0123,0.0067,0.0065,0.012,0.0083,0.0001,0.0273,0.0245,0,2,1,0.0148
JU06150027,-0.2482,40.0175,7/5/2017,Estación punto medio E. de Sitjar,DETERMINACION FÍSICO-QUÍMICA IN SITU,CLOROFILA A,0.77,µg/L,"0,77",,Fluorescencia atómica,DISCRETA,10.94,7/5/2017,0,S2A_MSIL2A_20170705T105031_N0205_R051_T30TYK_20170705T105605,0.0626,0.0747,0.064,0.021,0.0123,0.0067,0.0065,0.012,0.0083,0.0001,0.0273,0.0245,0,2,1,0.0148
JU06150027,-0.2482,40.0175,7/5/2017,Estación punto medio E. de Sitjar,DETERMINACION FÍSICO-QUÍMICA IN SITU,CLOROFILA A,0.67,µg/L,"0,67",,Fluorescencia atómica,DISCRETA,11.97,7/5/2017,0,S2A_MSIL2A_20170705T105031_N0205_R051_T30TYK_20170705T105605,0.0626,0.0747,0.064,0.021,0.0123,0.0067,0.0065,0.012,0.0083,0.0001,0.0273,0.0245,0,2,1,0.0148
JU06150027,-0.2482,40.0175,7/5/2017,Estación punto medio E. de Sitjar,DETERMINACION FÍSICO-QUÍMICA IN SITU,CLOROFILA A,0.36,µg/L,"0,36",,Fluorescencia atómica,DISCRETA,6.02,7/5/2017,0,S2A_MSIL2A_20170705T105031_N0205_R051_T30TYK_20170705T105605,0.0626,0.0747,0.064,0.021,0.0123,0.0067,0.0065,0.012,0.0083,0.0001,0.0273,0.0245,0,2,1,0.0148
JU06150027,-0.2482,40.0175,7/5/2017,Estación punto medio E. de Sitjar,DETERMINACION FÍSICO-QUÍMICA IN SITU,CLOROFILA A,0.64,µg/L,"0,64",,Fluorescencia atómica,DISCRETA,12.97,7/5/2017,0,S2A_MSIL2A_20170705T105031_N0205_R051_T30TYK_20170705T105605,0.0626,0.0747,0.064,0.021,0.0123,0.0067,0.0065,0.012,0.0083,0.0001,0.0273,0.0245,0,2,1,0.0148
JU06150027,-0.2482,40.0175,7/5/2017,Estación punto medio E. de Sitjar,DETERMINACION FÍSICO-QUÍMICA IN SITU,CLOROFILA A,0.35,µg/L,"0,35",,Fluorescencia atómica,DISCRETA,4.03,7/5/2017,0,S2A_MSIL2A_20170705T105031_N0205_R051_T30TYK_20170705T105605,0.0626,0.0747,0.064,0.021,0.0123,0.0067,0.0065,0.012,0.0083,0.0001,0.0273,0.0245,0,2,1,0.0148
JU06150027,-0.2482,40.0175,7/5/2017,Estación punto medio E. de Sitjar,DETERMINACION FÍSICO-QUÍMICA IN SITU,CLOROFILA A,0.36,µg/L,"0,36",,Fluorescencia atómica,DISCRETA,4.96,7/5/2017,0,S2A_MSIL2A_20170705T105031_N0205_R051_T30TYK_20170705T105605,0.0626,0.0747,0.064,0.021,0.0123,0.0067,0.0065,0.012,0.0083,0.0001,0.0273,0.0245,0,2,1,0.0148
JU06150027,-0.2482,40.0175,7/5/2017,Estación punto medio E. de Sitjar,DETERMINACION FÍSICO-QUÍMICA IN SITU,CLOROFILA A,0.7,µg/L,"0,7",,Fluorescencia atómica,DISCRETA,17.01,7/5/2017,0,S2A_MSIL2A_20170705T105031_N0205_R051_T30TYK_20170705T105605,0.0626,0.0747,0.064,0.021,0.0123,0.0067,0.0065,0.012,0.0083,0.0001,0.0273,0.0245,0,2,1,0.0148
JU06150027,-0.2482,40.0175,7/5/2017,Estación punto medio E. de Sitjar,DETERMINACION FÍSICO-QUÍMICA IN SITU,CLOROFILA A,0.59,µg/L,"0,59",,Fluorescencia atómica,DISCRETA,8.99,7/5/2017,0,S2A_MSIL2A_20170705T105031_N0205_R051_T30TYK_20170705T105605,0.0626,0.0747,0.064,0.021,0.0123,0.0067,0.0065,0.012,0.0083,0.0001,0.0273,0.0245,0,2,1,0.0148
JU06150027,-0.2482,40.0175,7/5/2017,Estación punto medio E. de Sitjar,DETERMINACION FÍSICO-QUÍMICA IN SITU,CLOROFILA A,0.57,µg/L,"0,57",,Fluorescencia atómica,DISCRETA,15.97,7/5/2017,0,S2A_MSIL2A_20170705T105031_N0205_R051_T30TYK_20170705T105605,0.0626,0.0747,0.064,0.021,0.0123,0.0067,0.0065,0.012,0.0083,0.0001,0.0273,0.0245,0,2,1,0.0148
JU06150027,-0.2482,40.0175,7/5/2017,Estación punto medio E. de Sitjar,DETERMINACION FÍSICO-QUÍMICA IN SITU,CLOROFILA A,0.29,µg/L,"0,29",,Fluorescencia atómica,DISCRETA,2.02,7/5/2017,0,S2A_MSIL2A_20170705T105031_N0205_R051_T30TYK_20170705T105605,0.0626,0.0747,0.064,0.021,0.0123,0.0067,0.0065,0.012,0.0083,0.0001,0.0273,0.0245,0,2,1,0.0148
JU06150027,-0.2482,40.0175,7/5/2017,Estación punto medio E. de Sitjar,DETERMINACION FÍSICO-QUÍMICA IN SITU,CLOROFILA A,0.47,µg/L,"0,47",,Fluorescencia atómica,DISCRETA,8.04,7/5/2017,0,S2A_MSIL2A_20170705T105031_N0205_R051_T30TYK_20170705T105605,0.0626,0.0747,0.064,0.021,0.0123,0.0067,0.0065,0.012,0.0083,0.0001,0.0273,0.0245,0,2,1,0.0148
JU06150027,-0.2482,40.0175,7/5/2017,Estación punto medio E. de Sitjar,DETERMINACION FÍSICO-QUÍMICA IN SITU,CLOROFILA A,0.73,µg/L,"0,73",,Fluorescencia atómica,DISCRETA,9.93,7/5/2017,0,S2A_MSIL2A_20170705T105031_N0205_R051_T30TYK_20170705T105605,0.0626,0.0747,0.064,0.021,0.0123,0.0067,0.0065,0.012,0.0083,0.0001,0.0273,0.0245,0,2,1,0.0148
JU06150027,-0.2482,40.0175,7/5/2017,Estación punto medio E. de Sitjar,DETERMINACION FÍSICO-QUÍMICA IN SITU,CLOROFILA A,0.72,µg/L,"0,72",,Fluorescencia atómica,DISCRETA,18,7/5/2017,0,S2A_MSIL2A_20170705T105031_N0205_R051_T30TYK_20170705T105605,0.0626,0.0747,0.064,0.021,0.0123,0.0067,0.0065,0.012,0.0083,0.0001,0.0273,0.0245,0,2,1,0.0148
JU06150027,-0.2482,40.0175,7/5/2017,Estación punto medio E. de Sitjar,DETERMINACION FÍSICO-QUÍMICA IN SITU,CLOROFILA A,0.44,µg/L,"0,44",,Fluorescencia atómica,DISCRETA,6.98,7/5/2017,0,S2A_MSIL2A_20170705T105031_N0205_R051_T30TYK_20170705T105605,0.0626,0.0747,0.064,0.021,0.0123,0.0067,0.0065,0.012,0.0083,0.0001,0.0273,0.0245,0,2,1,0.0148
JU06150027,-0.2482,40.0175,7/5/2017,Estación punto medio E. de Sitjar,DETERMINACION FÍSICO-QUÍMICA IN SITU,Profundidad del disco de secchi,4.75,m,,,,INTEGRADA,-1,7/5/2017,0,S2A_MSIL2A_20170705T105031_N0205_R051_T30TYK_20170705T105605,0.0626,0.0747,0.064,0.021,0.0123,0.0067,0.0065,0.012,0.0083,0.0001,0.0273,0.0245,0,2,1,0.0148
JU06150026,-0.2772,40.0203,7/5/2017,Estación punto cola E. de Sitjar,DETERMINACION FÍSICO-QUÍMICA IN SITU,CLOROFILA A,0.46,µg/L,"0,46",,Fluorescencia atómica,DISCRETA,3,7/5/2017,0,S2A_MSIL2A_20170705T105031_N0205_R051_T30TYK_20170705T105605,0.0595,0.0692,0.075,0.026,0.0101,0.0001,0.0005,0.0021,0.0053,0.0001,0.0307,0.0281,0,3,2,0.0148
JU06150026,-0.2772,40.0203,7/5/2017,Estación punto cola E. de Sitjar,DETERMINACION FÍSICO-QUÍMICA IN SITU,CLOROFILA A,0.36,µg/L,"0,36",,Fluorescencia atómica,DISCRETA,2,7/5/2017,0,S2A_MSIL2A_20170705T105031_N0205_R051_T30TYK_20170705T105605,0.0595,0.0692,0.075,0.026,0.0101,0.0001,0.0005,0.0021,0.0053,0.0001,0.0307,0.0281,0,3,2,0.0148
JU06150026,-0.2772,40.0203,7/5/2017,Estación punto cola E. de Sitjar,DETERMINACION FÍSICO-QUÍMICA IN SITU,CLOROFILA A,0.37,µg/L,"0,37",,Fluorescencia atómica,DISCRETA,0.99,7/5/2017,0,S2A_MSIL2A_20170705T105031_N0205_R051_T30TYK_20170705T105605,0.0595,0.0692,0.075,0.026,0.0101,0.0001,0.0005,0.0021,0.0053,0.0001,0.0307,0.0281,0,3,2,0.0148
JU06150026,-0.2772,40.0203,7/5/2017,Estación punto cola E. de Sitjar,DETERMINACION FÍSICO-QUÍMICA IN SITU,CLOROFILA A,0.4,µg/L,"0,4",,Fluorescencia atómica,DISCRETA,3.99,7/5/2017,0,S2A_MSIL2A_20170705T105031_N0205_R051_T30TYK_20170705T105605,0.0595,0.0692,0.075,0.026,0.0101,0.0001,0.0005,0.0021,0.0053,0.0001,0.0307,0.0281,0,3,2,0.0148
JU06150026,-0.2772,40.0203,7/5/2017,Estación punto cola E. de Sitjar,DETERMINACION FÍSICO-QUÍMICA IN SITU,CLOROFILA A,0.52,µg/L,"0,52",,Fluorescencia atómica,DISCRETA,4.95,7/5/2017,0,S2A_MSIL2A_20170705T105031_N0205_R051_T30TYK_20170705T105605,0.0595,0.0692,0.075,0.026,0.0101,0.0001,0.0005,0.0021,0.0053,0.0001,0.0307,0.0281,0,3,2,0.0148
JU06150026,-0.2772,40.0203,7/5/2017,Estación punto cola E. de Sitjar,TOMA DE MUESTRAS PARA LABORATORIO,CLOROFILA A,0,µg/L,<1,1,Fluorescencia atómica,INTEGRADA,-1,7/5/2017,0,S2A_MSIL2A_20170705T105031_N0205_R051_T30TYK_20170705T105605,0.0595,0.0692,0.075,0.026,0.0101,0.0001,0.0005,0.0021,0.0053,0.0001,0.0307,0.0281,0,3,2,0.0148
JU06150026,-0.2772,40.0203,7/5/2017,Estación punto cola E. de Sitjar,DETERMINACION FÍSICO-QUÍMICA IN SITU,CLOROFILA A,0.42,µg/L,"0,42",,Fluorescencia atómica,DISCRETA,0.02,7/5/2017,0,S2A_MSIL2A_20170705T105031_N0205_R051_T30TYK_20170705T105605,0.0595,0.0692,0.075,0.026,0.0101,0.0001,0.0005,0.0021,0.0053,0.0001,0.0307,0.0281,0,3,2,0.0148
JU06150026,-0.2772,40.0203,7/5/2017,Estación punto cola E. de Sitjar,DETERMINACION FÍSICO-QUÍMICA IN SITU,CLOROFILA A,0.56,µg/L,"0,56",,Fluorescencia atómica,DISCRETA,5.97,7/5/2017,0,S2A_MSIL2A_20170705T105031_N0205_R051_T30TYK_20170705T105605,0.0595,0.0692,0.075,0.026,0.0101,0.0001,0.0005,0.0021,0.0053,0.0001,0.0307,0.0281,0,3,2,0.0148
JU06150026,-0.2772,40.0203,7/5/2017,Estación punto cola E. de Sitjar,DETERMINACION FÍSICO-QUÍMICA IN SITU,CLOROFILA A,0.59,µg/L,"0,59",,Fluorescencia atómica,DISCRETA,7,7/5/2017,0,S2A_MSIL2A_20170705T105031_N0205_R051_T30TYK_20170705T105605,0.0595,0.0692,0.075,0.026,0.0101,0.0001,0.0005,0.0021,0.0053,0.0001,0.0307,0.0281,0,3,2,0.0148
JU06150026,-0.2772,40.0203,7/5/2017,Estación punto cola E. de Sitjar,DETERMINACION FÍSICO-QUÍMICA IN SITU,CLOROFILA A,0.65,µg/L,"0,65",,Fluorescencia atómica,DISCRETA,8.01,7/5/2017,0,S2A_MSIL2A_20170705T105031_N0205_R051_T30TYK_20170705T105605,0.0595,0.0692,0.075,0.026,0.0101,0.0001,0.0005,0.0021,0.0053,0.0001,0.0307,0.0281,0,3,2,0.0148
JU06150026,-0.2772,40.0203,7/5/2017,Estación punto cola E. de Sitjar,TOMA DE MUESTRAS PARA LABORATORIO,FOSFORO TOTAL,0,mg P/l,"<0,02",0.02,Espectofotometría de absorción molecular,INTEGRADA,-1,7/5/2017,0,S2A_MSIL2A_20170705T105031_N0205_R051_T30TYK_20170705T105605,0.0595,0.0692,0.075,0.026,0.0101,0.0001,0.0005,0.0021,0.0053,0.0001,0.0307,0.0281,0,3,2,0.0148
JU06150026,-0.2772,40.0203,7/5/2017,Estación punto cola E. de Sitjar,DETERMINACION FÍSICO-QUÍMICA IN SITU,Profundidad del disco de secchi,4.5,m,,,,INTEGRADA,-1,7/5/2017,0,S2A_MSIL2A_20170705T105031_N0205_R051_T30TYK_20170705T105605,0.0595,0.0692,0.075,0.026,0.0101,0.0001,0.0005,0.0021,0.0053,0.0001,0.0307,0.0281,0,3,2,0.0148
JU06150028,-0.2307,40.0116,7/5/2017,Estación punto de presa E. de Sitjar,DETERMINACION FÍSICO-QUÍMICA IN SITU,CLOROFILA A,1.09,µg/L,"1,09",,Fluorescencia atómica,DISCRETA,27.99,7/5/2017,0,S2A_MSIL2A_20170705T105031_N0205_R051_T30TYK_20170705T105605,0.041,0.0543,0.0431,0.007,0.0001,0.0001,0.0001,0.0003,0.0001,0.0001,0.016,0.0144,0,6,0,0.0148
JU06150028,-0.2307,40.0116,7/5/2017,Estación punto de presa E. de Sitjar,DETERMINACION FÍSICO-QUÍMICA IN SITU,CLOROFILA A,0.86,µg/L,"0,86",,Fluorescencia atómica,DISCRETA,11.01,7/5/2017,0,S2A_MSIL2A_20170705T105031_N0205_R051_T30TYK_20170705T105605,0.041,0.0543,0.0431,0.007,0.0001,0.0001,0.0001,0.0003,0.0001,0.0001,0.016,0.0144,0,6,0,0.0148
JU06150028,-0.2307,40.0116,7/5/2017,Estación punto de presa E. de Sitjar,DETERMINACION FÍSICO-QUÍMICA IN SITU,CLOROFILA A,0.35,µg/L,"0,35",,Fluorescencia atómica,DISCRETA,4.02,7/5/2017,0,S2A_MSIL2A_20170705T105031_N0205_R051_T30TYK_20170705T105605,0.041,0.0543,0.0431,0.007,0.0001,0.0001,0.0001,0.0003,0.0001,0.0001,0.016,0.0144,0,6,0,0.0148
JU06150028,-0.2307,40.0116,7/5/2017,Estación punto de presa E. de Sitjar,DETERMINACION FÍSICO-QUÍMICA IN SITU,CLOROFILA A,0.68,µg/L,"0,68",,Fluorescencia atómica,DISCRETA,21.95,7/5/2017,0,S2A_MSIL2A_20170705T105031_N0205_R051_T30TYK_20170705T105605,0.041,0.0543,0.0431,0.007,0.0001,0.0001,0.0001,0.0003,0.0001,0.0001,0.016,0.0144,0,6,0,0.0148
JU06150028,-0.2307,40.0116,7/5/2017,Estación punto de presa E. de Sitjar,DETERMINACION FÍSICO-QUÍMICA IN SITU,CLOROFILA A,0.7,µg/L,"0,7",,Fluorescencia atómica,DISCRETA,25.99,7/5/2017,0,S2A_MSIL2A_20170705T105031_N0205_R051_T30TYK_20170705T105605,0.041,0.0543,0.0431,0.007,0.0001,0.0001,0.0001,0.0003,0.0001,0.0001,0.016,0.0144,0,6,0,0.0148
JU06150028,-0.2307,40.0116,7/5/2017,Estación punto de presa E. de Sitjar,DETERMINACION FÍSICO-QUÍMICA IN SITU,CLOROFILA A,0.77,µg/L,"0,77",,Fluorescencia atómica,DISCRETA,26.97,7/5/2017,0,S2A_MSIL2A_20170705T105031_N0205_R051_T30TYK_20170705T105605,0.041,0.0543,0.0431,0.007,0.0001,0.0001,0.0001,0.0003,0.0001,0.0001,0.016,0.0144,0,6,0,0.0148
JU06150028,-0.2307,40.0116,7/5/2017,Estación punto de presa E. de Sitjar,DETERMINACION FÍSICO-QUÍMICA IN SITU,CLOROFILA A,0.33,µg/L,"0,33",,Fluorescencia atómica,DISCRETA,3,7/5/2017,0,S2A_MSIL2A_20170705T105031_N0205_R051_T30TYK_20170705T105605,0.041,0.0543,0.0431,0.007,0.0001,0.0001,0.0001,0.0003,0.0001,0.0001,0.016,0.0144,0,6,0,0.0148
JU06150028,-0.2307,40.0116,7/5/2017,Estación punto de presa E. de Sitjar,DETERMINACION FÍSICO-QUÍMICA IN SITU,CLOROFILA A,0.34,µg/L,"0,34",,Fluorescencia atómica,DISCRETA,5.01,7/5/2017,0,S2A_MSIL2A_20170705T105031_N0205_R051_T30TYK_20170705T105605,0.041,0.0543,0.0431,0.007,0.0001,0.0001,0.0001,0.0003,0.0001,0.0001,0.016,0.0144,0,6,0,0.0148
JU06150028,-0.2307,40.0116,7/5/2017,Estación punto de presa E. de Sitjar,DETERMINACION FÍSICO-QUÍMICA IN SITU,CLOROFILA A,0.49,µg/L,"0,49",,Fluorescencia atómica,DISCRETA,6.99,7/5/2017,0,S2A_MSIL2A_20170705T105031_N0205_R051_T30TYK_20170705T105605,0.041,0.0543,0.0431,0.007,0.0001,0.0001,0.0001,0.0003,0.0001,0.0001,0.016,0.0144,0,6,0,0.0148
JU06150028,-0.2307,40.0116,7/5/2017,Estación punto de presa E. de Sitjar,DETERMINACION FÍSICO-QUÍMICA IN SITU,CLOROFILA A,0.7,µg/L,"0,7",,Fluorescencia atómica,DISCRETA,18.98,7/5/2017,0,S2A_MSIL2A_20170705T105031_N0205_R051_T30TYK_20170705T105605,0.041,0.0543,0.0431,0.007,0.0001,0.0001,0.0001,0.0003,0.0001,0.0001,0.016,0.0144,0,6,0,0.0148
JU06150028,-0.2307,40.0116,7/5/2017,Estación punto de presa E. de Sitjar,DETERMINACION FÍSICO-QUÍMICA IN SITU,CLOROFILA A,0.62,µg/L,"0,62",,Fluorescencia atómica,DISCRETA,18,7/5/2017,0,S2A_MSIL2A_20170705T105031_N0205_R051_T30TYK_20170705T105605,0.041,0.0543,0.0431,0.007,0.0001,0.0001,0.0001,0.0003,0.0001,0.0001,0.016,0.0144,0,6,0,0.0148
JU06150028,-0.2307,40.0116,7/5/2017,Estación punto de presa E. de Sitjar,DETERMINACION FÍSICO-QUÍMICA IN SITU,CLOROFILA A,0.66,µg/L,"0,66",,Fluorescencia atómica,DISCRETA,23.03,7/5/2017,0,S2A_MSIL2A_20170705T105031_N0205_R051_T30TYK_20170705T105605,0.041,0.0543,0.0431,0.007,0.0001,0.0001,0.0001,0.0003,0.0001,0.0001,0.016,0.0144,0,6,0,0.0148
JU06150028,-0.2307,40.0116,7/5/2017,Estación punto de presa E. de Sitjar,DETERMINACION FÍSICO-QUÍMICA IN SITU,CLOROFILA A,0.63,µg/L,"0,63",,Fluorescencia atómica,DISCRETA,25,7/5/2017,0,S2A_MSIL2A_20170705T105031_N0205_R051_T30TYK_20170705T105605,0.041,0.0543,0.0431,0.007,0.0001,0.0001,0.0001,0.0003,0.0001,0.0001,0.016,0.0144,0,6,0,0.0148
JU06150028,-0.2307,40.0116,7/5/2017,Estación punto de presa E. de Sitjar,TOMA DE MUESTRAS PARA LABORATORIO,CLOROFILA A,0,µg/L,<1,1,Fluorescencia atómica,INTEGRADA,-1,7/5/2017,0,S2A_MSIL2A_20170705T105031_N0205_R051_T30TYK_20170705T105605,0.041,0.0543,0.0431,0.007,0.0001,0.0001,0.0001,0.0003,0.0001,0.0001,0.016,0.0144,0,6,0,0.0148
JU06150028,-0.2307,40.0116,7/5/2017,Estación punto de presa E. de Sitjar,DETERMINACION FÍSICO-QUÍMICA IN SITU,CLOROFILA A,0.88,µg/L,"0,88",,Fluorescencia atómica,DISCRETA,12.05,7/5/2017,0,S2A_MSIL2A_20170705T105031_N0205_R051_T30TYK_20170705T105605,0.041,0.0543,0.0431,0.007,0.0001,0.0001,0.0001,0.0003,0.0001,0.0001,0.016,0.0144,0,6,0,0.0148
JU06150028,-0.2307,40.0116,7/5/2017,Estación punto de presa E. de Sitjar,DETERMINACION FÍSICO-QUÍMICA IN SITU,CLOROFILA A,0.83,µg/L,"0,83",,Fluorescencia atómica,DISCRETA,12.98,7/5/2017,0,S2A_MSIL2A_20170705T105031_N0205_R051_T30TYK_20170705T105605,0.041,0.0543,0.0431,0.007,0.0001,0.0001,0.0001,0.0003,0.0001,0.0001,0.016,0.0144,0,6,0,0.0148
JU06150028,-0.2307,40.0116,7/5/2017,Estación punto de presa E. de Sitjar,DETERMINACION FÍSICO-QUÍMICA IN SITU,CLOROFILA A,0.76,µg/L,"0,76",,Fluorescencia atómica,DISCRETA,16,7/5/2017,0,S2A_MSIL2A_20170705T105031_N0205_R051_T30TYK_20170705T105605,0.041,0.0543,0.0431,0.007,0.0001,0.0001,0.0001,0.0003,0.0001,0.0001,0.016,0.0144,0,6,0,0.0148
JU06150028,-0.2307,40.0116,7/5/2017,Estación punto de presa E. de Sitjar,DETERMINACION FÍSICO-QUÍMICA IN SITU,CLOROFILA A,0.85,µg/L,"0,85",,Fluorescencia atómica,DISCRETA,9.98,7/5/2017,0,S2A_MSIL2A_20170705T105031_N0205_R051_T30TYK_20170705T105605,0.041,0.0543,0.0431,0.007,0.0001,0.0001,0.0001,0.0003,0.0001,0.0001,0.016,0.0144,0,6,0,0.0148
JU06150028,-0.2307,40.0116,7/5/2017,Estación punto de presa E. de Sitjar,DETERMINACION FÍSICO-QUÍMICA IN SITU,CLOROFILA A,0.67,µg/L,"0,67",,Fluorescencia atómica,DISCRETA,19.99,7/5/2017,0,S2A_MSIL2A_20170705T105031_N0205_R051_T30TYK_20170705T105605,0.041,0.0543,0.0431,0.007,0.0001,0.0001,0.0001,0.0003,0.0001,0.0001,0.016,0.0144,0,6,0,0.0148
JU06150028,-0.2307,40.0116,7/5/2017,Estación punto de presa E. de Sitjar,DETERMINACION FÍSICO-QUÍMICA IN SITU,CLOROFILA A,0.29,µg/L,"0,29",,Fluorescencia atómica,DISCRETA,2.01,7/5/2017,0,S2A_MSIL2A_20170705T105031_N0205_R051_T30TYK_20170705T105605,0.041,0.0543,0.0431,0.007,0.0001,0.0001,0.0001,0.0003,0.0001,0.0001,0.016,0.0144,0,6,0,0.0148
JU06150028,-0.2307,40.0116,7/5/2017,Estación punto de presa E. de Sitjar,DETERMINACION FÍSICO-QUÍMICA IN SITU,CLOROFILA A,0.45,µg/L,"0,45",,Fluorescencia atómica,DISCRETA,6.02,7/5/2017,0,S2A_MSIL2A_20170705T105031_N0205_R051_T30TYK_20170705T105605,0.041,0.0543,0.0431,0.007,0.0001,0.0001,0.0001,0.0003,0.0001,0.0001,0.016,0.0144,0,6,0,0.0148
JU06150028,-0.2307,40.0116,7/5/2017,Estación punto de presa E. de Sitjar,DETERMINACION FÍSICO-QUÍMICA IN SITU,CLOROFILA A,0.76,µg/L,"0,76",,Fluorescencia atómica,DISCRETA,9.01,7/5/2017,0,S2A_MSIL2A_20170705T105031_N0205_R051_T30TYK_20170705T105605,0.041,0.0543,0.0431,0.007,0.0001,0.0001,0.0001,0.0003,0.0001,0.0001,0.016,0.0144,0,6,0,0.0148
JU06150028,-0.2307,40.0116,7/5/2017,Estación punto de presa E. de Sitjar,DETERMINACION FÍSICO-QUÍMICA IN SITU,CLOROFILA A,0.6,µg/L,"0,6",,Fluorescencia atómica,DISCRETA,7.96,7/5/2017,0,S2A_MSIL2A_20170705T105031_N0205_R051_T30TYK_20170705T105605,0.041,0.0543,0.0431,0.007,0.0001,0.0001,0.0001,0.0003,0.0001,0.0001,0.016,0.0144,0,6,0,0.0148
JU06150028,-0.2307,40.0116,7/5/2017,Estación punto de presa E. de Sitjar,DETERMINACION FÍSICO-QUÍMICA IN SITU,CLOROFILA A,0.85,µg/L,"0,85",,Fluorescencia atómica,DISCRETA,15.02,7/5/2017,0,S2A_MSIL2A_20170705T105031_N0205_R051_T30TYK_20170705T105605,0.041,0.0543,0.0431,0.007,0.0001,0.0001,0.0001,0.0003,0.0001,0.0001,0.016,0.0144,0,6,0,0.0148
JU06150028,-0.2307,40.0116,7/5/2017,Estación punto de presa E. de Sitjar,DETERMINACION FÍSICO-QUÍMICA IN SITU,CLOROFILA A,0.85,µg/L,"0,85",,Fluorescencia atómica,DISCRETA,14.02,7/5/2017,0,S2A_MSIL2A_20170705T105031_N0205_R051_T30TYK_20170705T105605,0.041,0.0543,0.0431,0.007,0.0001,0.0001,0.0001,0.0003,0.0001,0.0001,0.016,0.0144,0,6,0,0.0148
JU06150028,-0.2307,40.0116,7/5/2017,Estación punto de presa E. de Sitjar,DETERMINACION FÍSICO-QUÍMICA IN SITU,CLOROFILA A,0.22,µg/L,"0,22",,Fluorescencia atómica,DISCRETA,0.98,7/5/2017,0,S2A_MSIL2A_20170705T105031_N0205_R051_T30TYK_20170705T105605,0.041,0.0543,0.0431,0.007,0.0001,0.0001,0.0001,0.0003,0.0001,0.0001,0.016,0.0144,0,6,0,0.0148
JU06150028,-0.2307,40.0116,7/5/2017,Estación punto de presa E. de Sitjar,DETERMINACION FÍSICO-QUÍMICA IN SITU,CLOROFILA A,0.73,µg/L,"0,73",,Fluorescencia atómica,DISCRETA,21.03,7/5/2017,0,S2A_MSIL2A_20170705T105031_N0205_R051_T30TYK_20170705T105605,0.041,0.0543,0.0431,0.007,0.0001,0.0001,0.0001,0.0003,0.0001,0.0001,0.016,0.0144,0,6,0,0.0148
JU06150028,-0.2307,40.0116,7/5/2017,Estación punto de presa E. de Sitjar,DETERMINACION FÍSICO-QUÍMICA IN SITU,CLOROFILA A,0.68,µg/L,"0,68",,Fluorescencia atómica,DISCRETA,24.01,7/5/2017,0,S2A_MSIL2A_20170705T105031_N0205_R051_T30TYK_20170705T105605,0.041,0.0543,0.0431,0.007,0.0001,0.0001,0.0001,0.0003,0.0001,0.0001,0.016,0.0144,0,6,0,0.0148
JU06150028,-0.2307,40.0116,7/5/2017,Estación punto de presa E. de Sitjar,DETERMINACION FÍSICO-QUÍMICA IN SITU,CLOROFILA A,1.76,µg/L,"1,76",,Fluorescencia atómica,DISCRETA,0,7/5/2017,0,S2A_MSIL2A_20170705T105031_N0205_R051_T30TYK_20170705T105605,0.041,0.0543,0.0431,0.007,0.0001,0.0001,0.0001,0.0003,0.0001,0.0001,0.016,0.0144,0,6,0,0.0148
JU06150028,-0.2307,40.0116,7/5/2017,Estación punto de presa E. de Sitjar,DETERMINACION FÍSICO-QUÍMICA IN SITU,CLOROFILA A,0.76,µg/L,"0,76",,Fluorescencia atómica,DISCRETA,16.98,7/5/2017,0,S2A_MSIL2A_20170705T105031_N0205_R051_T30TYK_20170705T105605,0.041,0.0543,0.0431,0.007,0.0001,0.0001,0.0001,0.0003,0.0001,0.0001,0.016,0.0144,0,6,0,0.0148
JU06150028,-0.2307,40.0116,7/5/2017,Estación punto de presa E. de Sitjar,TOMA DE MUESTRAS PARA LABORATORIO,FOSFORO TOTAL,0,mg P/l,"<0,02",0.02,Espectofotometría de absorción molecular,INTEGRADA,-1,7/5/2017,0,S2A_MSIL2A_20170705T105031_N0205_R051_T30TYK_20170705T105605,0.041,0.0543,0.0431,0.007,0.0001,0.0001,0.0001,0.0003,0.0001,0.0001,0.016,0.0144,0,6,0,0.0148
JU06150028,-0.2307,40.0116,7/5/2017,Estación punto de presa E. de Sitjar,DETERMINACION FÍSICO-QUÍMICA IN SITU,Profundidad del disco de secchi,4.5,m,,,,INTEGRADA,-1,7/5/2017,0,S2A_MSIL2A_20170705T105031_N0205_R051_T30TYK_20170705T105605,0.041,0.0543,0.0431,0.007,0.0001,0.0001,0.0001,0.0003,0.0001,0.0001,0.016,0.0144,0,6,0,0.0148
JU06160013,-0.1601,40.0388,6/22/2017,Estación punto medio E. María Cristina,DETERMINACION FÍSICO-QUÍMICA IN SITU,CLOROFILA A,0.7,µg/L,"0,7",,Fluorescencia atómica,DISCRETA,0.97,6/25/2017,3,S2A_MSIL2A_20170625T105031_N0205_R051_T30TYK_20170625T105322,0.2858,0.2453,0.2556,0.2167,0.2153,0.2136,0.2195,0.2105,0.2179,0.3682,0.126,0.1148,2048,8,100,78.3028
JU06160013,-0.1601,40.0388,6/22/2017,Estación punto medio E. María Cristina,DETERMINACION FÍSICO-QUÍMICA IN SITU,CLOROFILA A,1.06,µg/L,"1,06",,Fluorescencia atómica,DISCRETA,0,6/25/2017,3,S2A_MSIL2A_20170625T105031_N0205_R051_T30TYK_20170625T105322,0.2858,0.2453,0.2556,0.2167,0.2153,0.2136,0.2195,0.2105,0.2179,0.3682,0.126,0.1148,2048,8,100,78.3028
JU06160013,-0.1601,40.0388,6/22/2017,Estación punto medio E. María Cristina,DETERMINACION FÍSICO-QUÍMICA IN SITU,CLOROFILA A,1.08,µg/L,"1,08",,Fluorescencia atómica,DISCRETA,1.98,6/25/2017,3,S2A_MSIL2A_20170625T105031_N0205_R051_T30TYK_20170625T105322,0.2858,0.2453,0.2556,0.2167,0.2153,0.2136,0.2195,0.2105,0.2179,0.3682,0.126,0.1148,2048,8,100,78.3028
JU06160013,-0.1601,40.0388,6/22/2017,Estación punto medio E. María Cristina,DETERMINACION FÍSICO-QUÍMICA IN SITU,CLOROFILA A,2.48,µg/L,"2,48",,Fluorescencia atómica,DISCRETA,6.5,6/25/2017,3,S2A_MSIL2A_20170625T105031_N0205_R051_T30TYK_20170625T105322,0.2858,0.2453,0.2556,0.2167,0.2153,0.2136,0.2195,0.2105,0.2179,0.3682,0.126,0.1148,2048,8,100,78.3028
JU06160013,-0.1601,40.0388,6/22/2017,Estación punto medio E. María Cristina,DETERMINACION FÍSICO-QUÍMICA IN SITU,CLOROFILA A,1.35,µg/L,"1,35",,Fluorescencia atómica,DISCRETA,2.47,6/25/2017,3,S2A_MSIL2A_20170625T105031_N0205_R051_T30TYK_20170625T105322,0.2858,0.2453,0.2556,0.2167,0.2153,0.2136,0.2195,0.2105,0.2179,0.3682,0.126,0.1148,2048,8,100,78.3028
JU06160013,-0.1601,40.0388,6/22/2017,Estación punto medio E. María Cristina,DETERMINACION FÍSICO-QUÍMICA IN SITU,CLOROFILA A,12.07,µg/L,"12,07",,Fluorescencia atómica,DISCRETA,4.98,6/25/2017,3,S2A_MSIL2A_20170625T105031_N0205_R051_T30TYK_20170625T105322,0.2858,0.2453,0.2556,0.2167,0.2153,0.2136,0.2195,0.2105,0.2179,0.3682,0.126,0.1148,2048,8,100,78.3028
JU06160013,-0.1601,40.0388,6/22/2017,Estación punto medio E. María Cristina,DETERMINACION FÍSICO-QUÍMICA IN SITU,CLOROFILA A,1.64,µg/L,"1,64",,Fluorescencia atómica,DISCRETA,3.5,6/25/2017,3,S2A_MSIL2A_20170625T105031_N0205_R051_T30TYK_20170625T105322,0.2858,0.2453,0.2556,0.2167,0.2153,0.2136,0.2195,0.2105,0.2179,0.3682,0.126,0.1148,2048,8,100,78.3028
JU06160013,-0.1601,40.0388,6/22/2017,Estación punto medio E. María Cristina,DETERMINACION FÍSICO-QUÍMICA IN SITU,CLOROFILA A,0.87,µg/L,"0,87",,Fluorescencia atómica,DISCRETA,1.48,6/25/2017,3,S2A_MSIL2A_20170625T105031_N0205_R051_T30TYK_20170625T105322,0.2858,0.2453,0.2556,0.2167,0.2153,0.2136,0.2195,0.2105,0.2179,0.3682,0.126,0.1148,2048,8,100,78.3028
JU06160013,-0.1601,40.0388,6/22/2017,Estación punto medio E. María Cristina,DETERMINACION FÍSICO-QUÍMICA IN SITU,CLOROFILA A,1.6,µg/L,"1,6",,Fluorescencia atómica,DISCRETA,3,6/25/2017,3,S2A_MSIL2A_20170625T105031_N0205_R051_T30TYK_20170625T105322,0.2858,0.2453,0.2556,0.2167,0.2153,0.2136,0.2195,0.2105,0.2179,0.3682,0.126,0.1148,2048,8,100,78.3028
JU06160013,-0.1601,40.0388,6/22/2017,Estación punto medio E. María Cristina,DETERMINACION FÍSICO-QUÍMICA IN SITU,CLOROFILA A,13.98,µg/L,"13,98",,Fluorescencia atómica,DISCRETA,4.5,6/25/2017,3,S2A_MSIL2A_20170625T105031_N0205_R051_T30TYK_20170625T105322,0.2858,0.2453,0.2556,0.2167,0.2153,0.2136,0.2195,0.2105,0.2179,0.3682,0.126,0.1148,2048,8,100,78.3028
JU06160013,-0.1601,40.0388,6/22/2017,Estación punto medio E. María Cristina,DETERMINACION FÍSICO-QUÍMICA IN SITU,CLOROFILA A,4.93,µg/L,"4,93",,Fluorescencia atómica,DISCRETA,5.97,6/25/2017,3,S2A_MSIL2A_20170625T105031_N0205_R051_T30TYK_20170625T105322,0.2858,0.2453,0.2556,0.2167,0.2153,0.2136,0.2195,0.2105,0.2179,0.3682,0.126,0.1148,2048,8,100,78.3028
JU06160013,-0.1601,40.0388,6/22/2017,Estación punto medio E. María Cristina,DETERMINACION FÍSICO-QUÍMICA IN SITU,CLOROFILA A,5.07,µg/L,"5,07",,Fluorescencia atómica,DISCRETA,5.48,6/25/2017,3,S2A_MSIL2A_20170625T105031_N0205_R051_T30TYK_20170625T105322,0.2858,0.2453,0.2556,0.2167,0.2153,0.2136,0.2195,0.2105,0.2179,0.3682,0.126,0.1148,2048,8,100,78.3028
JU06160013,-0.1601,40.0388,6/22/2017,Estación punto medio E. María Cristina,DETERMINACION FÍSICO-QUÍMICA IN SITU,CLOROFILA A,0.61,µg/L,"0,61",,Fluorescencia atómica,DISCRETA,0.48,6/25/2017,3,S2A_MSIL2A_20170625T105031_N0205_R051_T30TYK_20170625T105322,0.2858,0.2453,0.2556,0.2167,0.2153,0.2136,0.2195,0.2105,0.2179,0.3682,0.126,0.1148,2048,8,100,78.3028
JU06160013,-0.1601,40.0388,6/22/2017,Estación punto medio E. María Cristina,DETERMINACION FÍSICO-QUÍMICA IN SITU,CLOROFILA A,9.72,µg/L,"9,72",,Fluorescencia atómica,DISCRETA,3.97,6/25/2017,3,S2A_MSIL2A_20170625T105031_N0205_R051_T30TYK_20170625T105322,0.2858,0.2453,0.2556,0.2167,0.2153,0.2136,0.2195,0.2105,0.2179,0.3682,0.126,0.1148,2048,8,100,78.3028
JU06160013,-0.1601,40.0388,6/22/2017,Estación punto medio E. María Cristina,DETERMINACION FÍSICO-QUÍMICA IN SITU,Profundidad del disco de secchi,1,m,,,,INTEGRADA,-1,6/25/2017,3,S2A_MSIL2A_20170625T105031_N0205_R051_T30TYK_20170625T105322,0.2858,0.2453,0.2556,0.2167,0.2153,0.2136,0.2195,0.2105,0.2179,0.3682,0.126,0.1148,2048,8,100,78.3028
JU06160012,-0.1572,40.0523,6/22/2017,Estación punto cola E. deMaría Cristina,DETERMINACION FÍSICO-QUÍMICA IN SITU,CLOROFILA A,1.75,µg/L,"1,75",,Fluorescencia atómica,DISCRETA,0.52,6/25/2017,3,S2A_MSIL2A_20170625T105031_N0205_R051_T30TYK_20170625T105322,0.2475,0.2519,0.2808,0.2315,0.2334,0.2152,0.2198,0.2134,0.2099,0.2622,0.1393,0.1156,2048,8,99,78.3028
JU06160012,-0.1572,40.0523,6/22/2017,Estación punto cola E. deMaría Cristina,DETERMINACION FÍSICO-QUÍMICA IN SITU,CLOROFILA A,2.01,µg/L,"2,01",,Fluorescencia atómica,DISCRETA,1.01,6/25/2017,3,S2A_MSIL2A_20170625T105031_N0205_R051_T30TYK_20170625T105322,0.2475,0.2519,0.2808,0.2315,0.2334,0.2152,0.2198,0.2134,0.2099,0.2622,0.1393,0.1156,2048,8,99,78.3028
JU06160012,-0.1572,40.0523,6/22/2017,Estación punto cola E. deMaría Cristina,DETERMINACION FÍSICO-QUÍMICA IN SITU,CLOROFILA A,2.14,µg/L,"2,14",,Fluorescencia atómica,DISCRETA,2.51,6/25/2017,3,S2A_MSIL2A_20170625T105031_N0205_R051_T30TYK_20170625T105322,0.2475,0.2519,0.2808,0.2315,0.2334,0.2152,0.2198,0.2134,0.2099,0.2622,0.1393,0.1156,2048,8,99,78.3028
JU06160012,-0.1572,40.0523,6/22/2017,Estación punto cola E. deMaría Cristina,DETERMINACION FÍSICO-QUÍMICA IN SITU,CLOROFILA A,2.23,µg/L,"2,23",,Fluorescencia atómica,DISCRETA,2.06,6/25/2017,3,S2A_MSIL2A_20170625T105031_N0205_R051_T30TYK_20170625T105322,0.2475,0.2519,0.2808,0.2315,0.2334,0.2152,0.2198,0.2134,0.2099,0.2622,0.1393,0.1156,2048,8,99,78.3028
JU06160012,-0.1572,40.0523,6/22/2017,Estación punto cola E. deMaría Cristina,DETERMINACION FÍSICO-QUÍMICA IN SITU,CLOROFILA A,2.38,µg/L,"2,38",,Fluorescencia atómica,DISCRETA,3.01,6/25/2017,3,S2A_MSIL2A_20170625T105031_N0205_R051_T30TYK_20170625T105322,0.2475,0.2519,0.2808,0.2315,0.2334,0.2152,0.2198,0.2134,0.2099,0.2622,0.1393,0.1156,2048,8,99,78.3028
JU06160012,-0.1572,40.0523,6/22/2017,Estación punto cola E. deMaría Cristina,DETERMINACION FÍSICO-QUÍMICA IN SITU,CLOROFILA A,5.6,µg/L,"5,6",,Fluorescencia atómica,DISCRETA,3.52,6/25/2017,3,S2A_MSIL2A_20170625T105031_N0205_R051_T30TYK_20170625T105322,0.2475,0.2519,0.2808,0.2315,0.2334,0.2152,0.2198,0.2134,0.2099,0.2622,0.1393,0.1156,2048,8,99,78.3028
JU06160012,-0.1572,40.0523,6/22/2017,Estación punto cola E. deMaría Cristina,DETERMINACION FÍSICO-QUÍMICA IN SITU,CLOROFILA A,2.1,µg/L,"2,1",,Fluorescencia atómica,DISCRETA,1.49,6/25/2017,3,S2A_MSIL2A_20170625T105031_N0205_R051_T30TYK_20170625T105322,0.2475,0.2519,0.2808,0.2315,0.2334,0.2152,0.2198,0.2134,0.2099,0.2622,0.1393,0.1156,2048,8,99,78.3028
JU06160012,-0.1572,40.0523,6/22/2017,Estación punto cola E. deMaría Cristina,TOMA DE MUESTRAS PARA LABORATORIO,CLOROFILA A,1.3,µg/L,"1,3",1,Fluorescencia atómica,INTEGRADA,-1,6/25/2017,3,S2A_MSIL2A_20170625T105031_N0205_R051_T30TYK_20170625T105322,0.2475,0.2519,0.2808,0.2315,0.2334,0.2152,0.2198,0.2134,0.2099,0.2622,0.1393,0.1156,2048,8,99,78.3028
JU06160012,-0.1572,40.0523,6/22/2017,Estación punto cola E. deMaría Cristina,DETERMINACION FÍSICO-QUÍMICA IN SITU,CLOROFILA A,1.37,µg/L,"1,37",,Fluorescencia atómica,DISCRETA,0,6/25/2017,3,S2A_MSIL2A_20170625T105031_N0205_R051_T30TYK_20170625T105322,0.2475,0.2519,0.2808,0.2315,0.2334,0.2152,0.2198,0.2134,0.2099,0.2622,0.1393,0.1156,2048,8,99,78.3028
JU06160012,-0.1572,40.0523,6/22/2017,Estación punto cola E. deMaría Cristina,TOMA DE MUESTRAS PARA LABORATORIO,FOSFORO TOTAL,0.041,mg P/l,"0,041",0.02,Espectofotometría de absorción molecular,INTEGRADA,-1,6/25/2017,3,S2A_MSIL2A_20170625T105031_N0205_R051_T30TYK_20170625T105322,0.2475,0.2519,0.2808,0.2315,0.2334,0.2152,0.2198,0.2134,0.2099,0.2622,0.1393,0.1156,2048,8,99,78.3028
JU06160012,-0.1572,40.0523,6/22/2017,Estación punto cola E. deMaría Cristina,DETERMINACION FÍSICO-QUÍMICA IN SITU,Profundidad del disco de secchi,0.400000006,m,,,,INTEGRADA,-1,6/25/2017,3,S2A_MSIL2A_20170625T105031_N0205_R051_T30TYK_20170625T105322,0.2475,0.2519,0.2808,0.2315,0.2334,0.2152,0.2198,0.2134,0.2099,0.2622,0.1393,0.1156,2048,8,99,78.3028
JU06160014,-0.164,40.0293,6/22/2017,Estación punto de presa E. de María Cristina,DETERMINACION FÍSICO-QUÍMICA IN SITU,CLOROFILA A,1.08,µg/L,"1,08",,Fluorescencia atómica,DISCRETA,2.01,6/25/2017,3,S2A_MSIL2A_20170625T105031_N0205_R051_T30TYK_20170625T105322,0.7862,0.5319,0.4864,0.4302,0.4437,0.4515,0.4691,0.4291,0.4662,0.992,0.1712,0.1792,2048,9,100,78.3028
JU06160014,-0.164,40.0293,6/22/2017,Estación punto de presa E. de María Cristina,DETERMINACION FÍSICO-QUÍMICA IN SITU,CLOROFILA A,1.48,µg/L,"1,48",,Fluorescencia atómica,DISCRETA,3.47,6/25/2017,3,S2A_MSIL2A_20170625T105031_N0205_R051_T30TYK_20170625T105322,0.7862,0.5319,0.4864,0.4302,0.4437,0.4515,0.4691,0.4291,0.4662,0.992,0.1712,0.1792,2048,9,100,78.3028
JU06160014,-0.164,40.0293,6/22/2017,Estación punto de presa E. de María Cristina,DETERMINACION FÍSICO-QUÍMICA IN SITU,CLOROFILA A,0.78,µg/L,"0,78",,Fluorescencia atómica,DISCRETA,0.49,6/25/2017,3,S2A_MSIL2A_20170625T105031_N0205_R051_T30TYK_20170625T105322,0.7862,0.5319,0.4864,0.4302,0.4437,0.4515,0.4691,0.4291,0.4662,0.992,0.1712,0.1792,2048,9,100,78.3028
JU06160014,-0.164,40.0293,6/22/2017,Estación punto de presa E. de María Cristina,DETERMINACION FÍSICO-QUÍMICA IN SITU,CLOROFILA A,0.88,µg/L,"0,88",,Fluorescencia atómica,DISCRETA,1.04,6/25/2017,3,S2A_MSIL2A_20170625T105031_N0205_R051_T30TYK_20170625T105322,0.7862,0.5319,0.4864,0.4302,0.4437,0.4515,0.4691,0.4291,0.4662,0.992,0.1712,0.1792,2048,9,100,78.3028
JU06160014,-0.164,40.0293,6/22/2017,Estación punto de presa E. de María Cristina,DETERMINACION FÍSICO-QUÍMICA IN SITU,CLOROFILA A,0.91,µg/L,"0,91",,Fluorescencia atómica,DISCRETA,1.49,6/25/2017,3,S2A_MSIL2A_20170625T105031_N0205_R051_T30TYK_20170625T105322,0.7862,0.5319,0.4864,0.4302,0.4437,0.4515,0.4691,0.4291,0.4662,0.992,0.1712,0.1792,2048,9,100,78.3028
JU06160014,-0.164,40.0293,6/22/2017,Estación punto de presa E. de María Cristina,DETERMINACION FÍSICO-QUÍMICA IN SITU,CLOROFILA A,1.16,µg/L,"1,16",,Fluorescencia atómica,DISCRETA,2.5,6/25/2017,3,S2A_MSIL2A_20170625T105031_N0205_R051_T30TYK_20170625T105322,0.7862,0.5319,0.4864,0.4302,0.4437,0.4515,0.4691,0.4291,0.4662,0.992,0.1712,0.1792,2048,9,100,78.3028
JU06160014,-0.164,40.0293,6/22/2017,Estación punto de presa E. de María Cristina,DETERMINACION FÍSICO-QUÍMICA IN SITU,CLOROFILA A,4.38,µg/L,"4,38",,Fluorescencia atómica,DISCRETA,6.98,6/25/2017,3,S2A_MSIL2A_20170625T105031_N0205_R051_T30TYK_20170625T105322,0.7862,0.5319,0.4864,0.4302,0.4437,0.4515,0.4691,0.4291,0.4662,0.992,0.1712,0.1792,2048,9,100,78.3028
JU06160014,-0.164,40.0293,6/22/2017,Estación punto de presa E. de María Cristina,DETERMINACION FÍSICO-QUÍMICA IN SITU,CLOROFILA A,3.74,µg/L,"3,74",,Fluorescencia atómica,DISCRETA,7.49,6/25/2017,3,S2A_MSIL2A_20170625T105031_N0205_R051_T30TYK_20170625T105322,0.7862,0.5319,0.4864,0.4302,0.4437,0.4515,0.4691,0.4291,0.4662,0.992,0.1712,0.1792,2048,9,100,78.3028
JU06160014,-0.164,40.0293,6/22/2017,Estación punto de presa E. de María Cristina,DETERMINACION FÍSICO-QUÍMICA IN SITU,CLOROFILA A,3.59,µg/L,"3,59",,Fluorescencia atómica,DISCRETA,8.5,6/25/2017,3,S2A_MSIL2A_20170625T105031_N0205_R051_T30TYK_20170625T105322,0.7862,0.5319,0.4864,0.4302,0.4437,0.4515,0.4691,0.4291,0.4662,0.992,0.1712,0.1792,2048,9,100,78.3028
JU06160014,-0.164,40.0293,6/22/2017,Estación punto de presa E. de María Cristina,DETERMINACION FÍSICO-QUÍMICA IN SITU,CLOROFILA A,2.26,µg/L,"2,26",,Fluorescencia atómica,DISCRETA,0,6/25/2017,3,S2A_MSIL2A_20170625T105031_N0205_R051_T30TYK_20170625T105322,0.7862,0.5319,0.4864,0.4302,0.4437,0.4515,0.4691,0.4291,0.4662,0.992,0.1712,0.1792,2048,9,100,78.3028
JU06160014,-0.164,40.0293,6/22/2017,Estación punto de presa E. de María Cristina,DETERMINACION FÍSICO-QUÍMICA IN SITU,CLOROFILA A,9.26,µg/L,"9,26",,Fluorescencia atómica,DISCRETA,5.96,6/25/2017,3,S2A_MSIL2A_20170625T105031_N0205_R051_T30TYK_20170625T105322,0.7862,0.5319,0.4864,0.4302,0.4437,0.4515,0.4691,0.4291,0.4662,0.992,0.1712,0.1792,2048,9,100,78.3028
JU06160014,-0.164,40.0293,6/22/2017,Estación punto de presa E. de María Cristina,DETERMINACION FÍSICO-QUÍMICA IN SITU,CLOROFILA A,5.74,µg/L,"5,74",,Fluorescencia atómica,DISCRETA,4.51,6/25/2017,3,S2A_MSIL2A_20170625T105031_N0205_R051_T30TYK_20170625T105322,0.7862,0.5319,0.4864,0.4302,0.4437,0.4515,0.4691,0.4291,0.4662,0.992,0.1712,0.1792,2048,9,100,78.3028
JU06160014,-0.164,40.0293,6/22/2017,Estación punto de presa E. de María Cristina,DETERMINACION FÍSICO-QUÍMICA IN SITU,CLOROFILA A,3.74,µg/L,"3,74",,Fluorescencia atómica,DISCRETA,8.01,6/25/2017,3,S2A_MSIL2A_20170625T105031_N0205_R051_T30TYK_20170625T105322,0.7862,0.5319,0.4864,0.4302,0.4437,0.4515,0.4691,0.4291,0.4662,0.992,0.1712,0.1792,2048,9,100,78.3028
JU06160014,-0.164,40.0293,6/22/2017,Estación punto de presa E. de María Cristina,TOMA DE MUESTRAS PARA LABORATORIO,CLOROFILA A,3.4,µg/L,"3,4",1,Fluorescencia atómica,INTEGRADA,-1,6/25/2017,3,S2A_MSIL2A_20170625T105031_N0205_R051_T30TYK_20170625T105322,0.7862,0.5319,0.4864,0.4302,0.4437,0.4515,0.4691,0.4291,0.4662,0.992,0.1712,0.1792,2048,9,100,78.3028
JU06160014,-0.164,40.0293,6/22/2017,Estación punto de presa E. de María Cristina,DETERMINACION FÍSICO-QUÍMICA IN SITU,CLOROFILA A,1.37,µg/L,"1,37",,Fluorescencia atómica,DISCRETA,2.99,6/25/2017,3,S2A_MSIL2A_20170625T105031_N0205_R051_T30TYK_20170625T105322,0.7862,0.5319,0.4864,0.4302,0.4437,0.4515,0.4691,0.4291,0.4662,0.992,0.1712,0.1792,2048,9,100,78.3028
JU06160014,-0.164,40.0293,6/22/2017,Estación punto de presa E. de María Cristina,DETERMINACION FÍSICO-QUÍMICA IN SITU,CLOROFILA A,4.24,µg/L,"4,24",,Fluorescencia atómica,DISCRETA,4.02,6/25/2017,3,S2A_MSIL2A_20170625T105031_N0205_R051_T30TYK_20170625T105322,0.7862,0.5319,0.4864,0.4302,0.4437,0.4515,0.4691,0.4291,0.4662,0.992,0.1712,0.1792,2048,9,100,78.3028
JU06160014,-0.164,40.0293,6/22/2017,Estación punto de presa E. de María Cristina,DETERMINACION FÍSICO-QUÍMICA IN SITU,CLOROFILA A,3.67,µg/L,"3,67",,Fluorescencia atómica,DISCRETA,8.97,6/25/2017,3,S2A_MSIL2A_20170625T105031_N0205_R051_T30TYK_20170625T105322,0.7862,0.5319,0.4864,0.4302,0.4437,0.4515,0.4691,0.4291,0.4662,0.992,0.1712,0.1792,2048,9,100,78.3028
JU06160014,-0.164,40.0293,6/22/2017,Estación punto de presa E. de María Cristina,DETERMINACION FÍSICO-QUÍMICA IN SITU,CLOROFILA A,13.85,µg/L,"13,85",,Fluorescencia atómica,DISCRETA,4.98,6/25/2017,3,S2A_MSIL2A_20170625T105031_N0205_R051_T30TYK_20170625T105322,0.7862,0.5319,0.4864,0.4302,0.4437,0.4515,0.4691,0.4291,0.4662,0.992,0.1712,0.1792,2048,9,100,78.3028
JU06160014,-0.164,40.0293,6/22/2017,Estación punto de presa E. de María Cristina,DETERMINACION FÍSICO-QUÍMICA IN SITU,CLOROFILA A,12.66,µg/L,"12,66",,Fluorescencia atómica,DISCRETA,5.48,6/25/2017,3,S2A_MSIL2A_20170625T105031_N0205_R051_T30TYK_20170625T105322,0.7862,0.5319,0.4864,0.4302,0.4437,0.4515,0.4691,0.4291,0.4662,0.992,0.1712,0.1792,2048,9,100,78.3028
JU06160014,-0.164,40.0293,6/22/2017,Estación punto de presa E. de María Cristina,DETERMINACION FÍSICO-QUÍMICA IN SITU,CLOROFILA A,6.58,µg/L,"6,58",,Fluorescencia atómica,DISCRETA,6.5,6/25/2017,3,S2A_MSIL2A_20170625T105031_N0205_R051_T30TYK_20170625T105322,0.7862,0.5319,0.4864,0.4302,0.4437,0.4515,0.4691,0.4291,0.4662,0.992,0.1712,0.1792,2048,9,100,78.3028
JU06160014,-0.164,40.0293,6/22/2017,Estación punto de presa E. de María Cristina,TOMA DE MUESTRAS PARA LABORATORIO,FOSFORO TOTAL,0.02,mg P/l,"0,02",0.02,Espectofotometría de absorción molecular,INTEGRADA,-1,6/25/2017,3,S2A_MSIL2A_20170625T105031_N0205_R051_T30TYK_20170625T105322,0.7862,0.5319,0.4864,0.4302,0.4437,0.4515,0.4691,0.4291,0.4662,0.992,0.1712,0.1792,2048,9,100,78.3028
JU06160014,-0.164,40.0293,6/22/2017,Estación punto de presa E. de María Cristina,DETERMINACION FÍSICO-QUÍMICA IN SITU,Profundidad del disco de secchi,2.5,m,,,,INTEGRADA,-1,6/25/2017,3,S2A_MSIL2A_20170625T105031_N0205_R051_T30TYK_20170625T105322,0.7862,0.5319,0.4864,0.4302,0.4437,0.4515,0.4691,0.4291,0.4662,0.992,0.1712,0.1792,2048,9,100,78.3028
JU06660016,-1.1194,39.7803,6/1/2017,Estación punto medio E. de Benagéber,DETERMINACION FÍSICO-QUÍMICA IN SITU,CLOROFILA A,1.76,µg/L,"1,76",,Fluorescencia atómica,DISCRETA,1.99,6/5/2017,4,S2A_MSIL2A_20170605T105031_N0205_R051_T30TXK_20170605T105303,0.0235,0.0305,0.0592,0.0263,0.024,0.0017,0.002,0.0012,0.0015,0.0001,0.0191,0.0179,0,6,3,17.569
JU06660016,-1.1194,39.7803,6/1/2017,Estación punto medio E. de Benagéber,DETERMINACION FÍSICO-QUÍMICA IN SITU,CLOROFILA A,3.47,µg/L,"3,47",,Fluorescencia atómica,DISCRETA,5.99,6/5/2017,4,S2A_MSIL2A_20170605T105031_N0205_R051_T30TXK_20170605T105303,0.0235,0.0305,0.0592,0.0263,0.024,0.0017,0.002,0.0012,0.0015,0.0001,0.0191,0.0179,0,6,3,17.569
JU06660016,-1.1194,39.7803,6/1/2017,Estación punto medio E. de Benagéber,DETERMINACION FÍSICO-QUÍMICA IN SITU,CLOROFILA A,1.22,µg/L,"1,22",,Fluorescencia atómica,DISCRETA,0,6/5/2017,4,S2A_MSIL2A_20170605T105031_N0205_R051_T30TXK_20170605T105303,0.0235,0.0305,0.0592,0.0263,0.024,0.0017,0.002,0.0012,0.0015,0.0001,0.0191,0.0179,0,6,3,17.569
JU06660016,-1.1194,39.7803,6/1/2017,Estación punto medio E. de Benagéber,DETERMINACION FÍSICO-QUÍMICA IN SITU,CLOROFILA A,1.47,µg/L,"1,47",,Fluorescencia atómica,DISCRETA,12.01,6/5/2017,4,S2A_MSIL2A_20170605T105031_N0205_R051_T30TXK_20170605T105303,0.0235,0.0305,0.0592,0.0263,0.024,0.0017,0.002,0.0012,0.0015,0.0001,0.0191,0.0179,0,6,3,17.569
JU06660016,-1.1194,39.7803,6/1/2017,Estación punto medio E. de Benagéber,DETERMINACION FÍSICO-QUÍMICA IN SITU,CLOROFILA A,1.37,µg/L,"1,37",,Fluorescencia atómica,DISCRETA,15.97,6/5/2017,4,S2A_MSIL2A_20170605T105031_N0205_R051_T30TXK_20170605T105303,0.0235,0.0305,0.0592,0.0263,0.024,0.0017,0.002,0.0012,0.0015,0.0001,0.0191,0.0179,0,6,3,17.569
JU06660016,-1.1194,39.7803,6/1/2017,Estación punto medio E. de Benagéber,DETERMINACION FÍSICO-QUÍMICA IN SITU,CLOROFILA A,1.68,µg/L,"1,68",,Fluorescencia atómica,DISCRETA,0.97,6/5/2017,4,S2A_MSIL2A_20170605T105031_N0205_R051_T30TXK_20170605T105303,0.0235,0.0305,0.0592,0.0263,0.024,0.0017,0.002,0.0012,0.0015,0.0001,0.0191,0.0179,0,6,3,17.569
JU06660016,-1.1194,39.7803,6/1/2017,Estación punto medio E. de Benagéber,DETERMINACION FÍSICO-QUÍMICA IN SITU,CLOROFILA A,1.38,µg/L,"1,38",,Fluorescencia atómica,DISCRETA,12.99,6/5/2017,4,S2A_MSIL2A_20170605T105031_N0205_R051_T30TXK_20170605T105303,0.0235,0.0305,0.0592,0.0263,0.024,0.0017,0.002,0.0012,0.0015,0.0001,0.0191,0.0179,0,6,3,17.569
JU06660016,-1.1194,39.7803,6/1/2017,Estación punto medio E. de Benagéber,DETERMINACION FÍSICO-QUÍMICA IN SITU,CLOROFILA A,1.56,µg/L,"1,56",,Fluorescencia atómica,DISCRETA,17.01,6/5/2017,4,S2A_MSIL2A_20170605T105031_N0205_R051_T30TXK_20170605T105303,0.0235,0.0305,0.0592,0.0263,0.024,0.0017,0.002,0.0012,0.0015,0.0001,0.0191,0.0179,0,6,3,17.569
JU06660016,-1.1194,39.7803,6/1/2017,Estación punto medio E. de Benagéber,DETERMINACION FÍSICO-QUÍMICA IN SITU,CLOROFILA A,3.65,µg/L,"3,65",,Fluorescencia atómica,DISCRETA,6.99,6/5/2017,4,S2A_MSIL2A_20170605T105031_N0205_R051_T30TXK_20170605T105303,0.0235,0.0305,0.0592,0.0263,0.024,0.0017,0.002,0.0012,0.0015,0.0001,0.0191,0.0179,0,6,3,17.569
JU06660016,-1.1194,39.7803,6/1/2017,Estación punto medio E. de Benagéber,DETERMINACION FÍSICO-QUÍMICA IN SITU,CLOROFILA A,1.5,µg/L,"1,5",,Fluorescencia atómica,DISCRETA,11,6/5/2017,4,S2A_MSIL2A_20170605T105031_N0205_R051_T30TXK_20170605T105303,0.0235,0.0305,0.0592,0.0263,0.024,0.0017,0.002,0.0012,0.0015,0.0001,0.0191,0.0179,0,6,3,17.569
JU06660016,-1.1194,39.7803,6/1/2017,Estación punto medio E. de Benagéber,DETERMINACION FÍSICO-QUÍMICA IN SITU,CLOROFILA A,1.67,µg/L,"1,67",,Fluorescencia atómica,DISCRETA,3.99,6/5/2017,4,S2A_MSIL2A_20170605T105031_N0205_R051_T30TXK_20170605T105303,0.0235,0.0305,0.0592,0.0263,0.024,0.0017,0.002,0.0012,0.0015,0.0001,0.0191,0.0179,0,6,3,17.569
JU06660016,-1.1194,39.7803,6/1/2017,Estación punto medio E. de Benagéber,DETERMINACION FÍSICO-QUÍMICA IN SITU,CLOROFILA A,1.42,µg/L,"1,42",,Fluorescencia atómica,DISCRETA,15,6/5/2017,4,S2A_MSIL2A_20170605T105031_N0205_R051_T30TXK_20170605T105303,0.0235,0.0305,0.0592,0.0263,0.024,0.0017,0.002,0.0012,0.0015,0.0001,0.0191,0.0179,0,6,3,17.569
JU06660016,-1.1194,39.7803,6/1/2017,Estación punto medio E. de Benagéber,DETERMINACION FÍSICO-QUÍMICA IN SITU,CLOROFILA A,1.99,µg/L,"1,99",,Fluorescencia atómica,DISCRETA,5,6/5/2017,4,S2A_MSIL2A_20170605T105031_N0205_R051_T30TXK_20170605T105303,0.0235,0.0305,0.0592,0.0263,0.024,0.0017,0.002,0.0012,0.0015,0.0001,0.0191,0.0179,0,6,3,17.569
JU06660016,-1.1194,39.7803,6/1/2017,Estación punto medio E. de Benagéber,DETERMINACION FÍSICO-QUÍMICA IN SITU,CLOROFILA A,2.24,µg/L,"2,24",,Fluorescencia atómica,DISCRETA,7.99,6/5/2017,4,S2A_MSIL2A_20170605T105031_N0205_R051_T30TXK_20170605T105303,0.0235,0.0305,0.0592,0.0263,0.024,0.0017,0.002,0.0012,0.0015,0.0001,0.0191,0.0179,0,6,3,17.569
JU06660016,-1.1194,39.7803,6/1/2017,Estación punto medio E. de Benagéber,DETERMINACION FÍSICO-QUÍMICA IN SITU,CLOROFILA A,1.41,µg/L,"1,41",,Fluorescencia atómica,DISCRETA,14.02,6/5/2017,4,S2A_MSIL2A_20170605T105031_N0205_R051_T30TXK_20170605T105303,0.0235,0.0305,0.0592,0.0263,0.024,0.0017,0.002,0.0012,0.0015,0.0001,0.0191,0.0179,0,6,3,17.569
JU06660016,-1.1194,39.7803,6/1/2017,Estación punto medio E. de Benagéber,DETERMINACION FÍSICO-QUÍMICA IN SITU,CLOROFILA A,1.78,µg/L,"1,78",,Fluorescencia atómica,DISCRETA,2.99,6/5/2017,4,S2A_MSIL2A_20170605T105031_N0205_R051_T30TXK_20170605T105303,0.0235,0.0305,0.0592,0.0263,0.024,0.0017,0.002,0.0012,0.0015,0.0001,0.0191,0.0179,0,6,3,17.569
JU06660016,-1.1194,39.7803,6/1/2017,Estación punto medio E. de Benagéber,DETERMINACION FÍSICO-QUÍMICA IN SITU,CLOROFILA A,1.55,µg/L,"1,55",,Fluorescencia atómica,DISCRETA,10,6/5/2017,4,S2A_MSIL2A_20170605T105031_N0205_R051_T30TXK_20170605T105303,0.0235,0.0305,0.0592,0.0263,0.024,0.0017,0.002,0.0012,0.0015,0.0001,0.0191,0.0179,0,6,3,17.569
JU06660016,-1.1194,39.7803,6/1/2017,Estación punto medio E. de Benagéber,DETERMINACION FÍSICO-QUÍMICA IN SITU,CLOROFILA A,1.68,µg/L,"1,68",,Fluorescencia atómica,DISCRETA,8.98,6/5/2017,4,S2A_MSIL2A_20170605T105031_N0205_R051_T30TXK_20170605T105303,0.0235,0.0305,0.0592,0.0263,0.024,0.0017,0.002,0.0012,0.0015,0.0001,0.0191,0.0179,0,6,3,17.569
JU06660016,-1.1194,39.7803,6/1/2017,Estación punto medio E. de Benagéber,DETERMINACION FÍSICO-QUÍMICA IN SITU,Profundidad del disco de secchi,4.25,m,,,,INTEGRADA,-1,6/5/2017,4,S2A_MSIL2A_20170605T105031_N0205_R051_T30TXK_20170605T105303,0.0235,0.0305,0.0592,0.0263,0.024,0.0017,0.002,0.0012,0.0015,0.0001,0.0191,0.0179,0,6,3,17.569
JU06660015,-1.1448,39.8091,6/1/2017,Estación punto cola E. de Benagéber,DETERMINACION FÍSICO-QUÍMICA IN SITU,CLOROFILA A,5.69,µg/L,"5,69",,Fluorescencia atómica,DISCRETA,3.97,6/5/2017,4,S2A_MSIL2A_20170605T105031_N0205_R051_T30TXK_20170605T105303,0.0337,0.0426,0.0854,0.0658,0.1521,0.4151,0.479,0.492,0.4978,0.4165,0.1968,0.1008,0,4,4,17.569
JU06660015,-1.1448,39.8091,6/1/2017,Estación punto cola E. de Benagéber,DETERMINACION FÍSICO-QUÍMICA IN SITU,CLOROFILA A,8.34,µg/L,"8,34",,Fluorescencia atómica,DISCRETA,2.98,6/5/2017,4,S2A_MSIL2A_20170605T105031_N0205_R051_T30TXK_20170605T105303,0.0337,0.0426,0.0854,0.0658,0.1521,0.4151,0.479,0.492,0.4978,0.4165,0.1968,0.1008,0,4,4,17.569
JU06660015,-1.1448,39.8091,6/1/2017,Estación punto cola E. de Benagéber,DETERMINACION FÍSICO-QUÍMICA IN SITU,CLOROFILA A,12.41,µg/L,"12,41",,Fluorescencia atómica,DISCRETA,0.95,6/5/2017,4,S2A_MSIL2A_20170605T105031_N0205_R051_T30TXK_20170605T105303,0.0337,0.0426,0.0854,0.0658,0.1521,0.4151,0.479,0.492,0.4978,0.4165,0.1968,0.1008,0,4,4,17.569
JU06660015,-1.1448,39.8091,6/1/2017,Estación punto cola E. de Benagéber,DETERMINACION FÍSICO-QUÍMICA IN SITU,CLOROFILA A,7.15,µg/L,"7,15",,Fluorescencia atómica,DISCRETA,0,6/5/2017,4,S2A_MSIL2A_20170605T105031_N0205_R051_T30TXK_20170605T105303,0.0337,0.0426,0.0854,0.0658,0.1521,0.4151,0.479,0.492,0.4978,0.4165,0.1968,0.1008,0,4,4,17.569
JU06660015,-1.1448,39.8091,6/1/2017,Estación punto cola E. de Benagéber,DETERMINACION FÍSICO-QUÍMICA IN SITU,CLOROFILA A,11.5,µg/L,"11,5",,Fluorescencia atómica,DISCRETA,1.96,6/5/2017,4,S2A_MSIL2A_20170605T105031_N0205_R051_T30TXK_20170605T105303,0.0337,0.0426,0.0854,0.0658,0.1521,0.4151,0.479,0.492,0.4978,0.4165,0.1968,0.1008,0,4,4,17.569
JU06660015,-1.1448,39.8091,6/1/2017,Estación punto cola E. de Benagéber,TOMA DE MUESTRAS PARA LABORATORIO,CLOROFILA A,3.1,µg/L,"3,1",1,Fluorescencia atómica,INTEGRADA,-1,6/5/2017,4,S2A_MSIL2A_20170605T105031_N0205_R051_T30TXK_20170605T105303,0.0337,0.0426,0.0854,0.0658,0.1521,0.4151,0.479,0.492,0.4978,0.4165,0.1968,0.1008,0,4,4,17.569
JU06660015,-1.1448,39.8091,6/1/2017,Estación punto cola E. de Benagéber,TOMA DE MUESTRAS PARA LABORATORIO,FOSFORO TOTAL,0.065,mg P/l,"0,065",0.02,Espectofotometría de absorción molecular,INTEGRADA,-1,6/5/2017,4,S2A_MSIL2A_20170605T105031_N0205_R051_T30TXK_20170605T105303,0.0337,0.0426,0.0854,0.0658,0.1521,0.4151,0.479,0.492,0.4978,0.4165,0.1968,0.1008,0,4,4,17.569
JU06660015,-1.1448,39.8091,6/1/2017,Estación punto cola E. de Benagéber,DETERMINACION FÍSICO-QUÍMICA IN SITU,Profundidad del disco de secchi,1,m,,,,INTEGRADA,-1,6/5/2017,4,S2A_MSIL2A_20170605T105031_N0205_R051_T30TXK_20170605T105303,0.0337,0.0426,0.0854,0.0658,0.1521,0.4151,0.479,0.492,0.4978,0.4165,0.1968,0.1008,0,4,4,17.569
JU06660017,-1.0992,39.7301,6/1/2017,Estación punto de presa E. de Benagéber,DETERMINACION FÍSICO-QUÍMICA IN SITU,CLOROFILA A,2.09,µg/L,"2,09",,Fluorescencia atómica,DISCRETA,23.97,6/5/2017,4,S2A_MSIL2A_20170605T105031_N0205_R051_T30SXJ_20170605T105303,0.022,0.0342,0.0475,0.0063,0.001,0.0001,0.0001,0.0001,0.0001,0.0001,0.0039,0.0036,0,6,1,6.2005
JU06660017,-1.0992,39.7301,6/1/2017,Estación punto de presa E. de Benagéber,DETERMINACION FÍSICO-QUÍMICA IN SITU,CLOROFILA A,2.02,µg/L,"2,02",,Fluorescencia atómica,DISCRETA,25.97,6/5/2017,4,S2A_MSIL2A_20170605T105031_N0205_R051_T30SXJ_20170605T105303,0.022,0.0342,0.0475,0.0063,0.001,0.0001,0.0001,0.0001,0.0001,0.0001,0.0039,0.0036,0,6,1,6.2005
JU06660017,-1.0992,39.7301,6/1/2017,Estación punto de presa E. de Benagéber,DETERMINACION FÍSICO-QUÍMICA IN SITU,CLOROFILA A,2.04,µg/L,"2,04",,Fluorescencia atómica,DISCRETA,29.99,6/5/2017,4,S2A_MSIL2A_20170605T105031_N0205_R051_T30SXJ_20170605T105303,0.022,0.0342,0.0475,0.0063,0.001,0.0001,0.0001,0.0001,0.0001,0.0001,0.0039,0.0036,0,6,1,6.2005
JU06660017,-1.0992,39.7301,6/1/2017,Estación punto de presa E. de Benagéber,DETERMINACION FÍSICO-QUÍMICA IN SITU,CLOROFILA A,1.96,µg/L,"1,96",,Fluorescencia atómica,DISCRETA,31.02,6/5/2017,4,S2A_MSIL2A_20170605T105031_N0205_R051_T30SXJ_20170605T105303,0.022,0.0342,0.0475,0.0063,0.001,0.0001,0.0001,0.0001,0.0001,0.0001,0.0039,0.0036,0,6,1,6.2005
JU06660017,-1.0992,39.7301,6/1/2017,Estación punto de presa E. de Benagéber,DETERMINACION FÍSICO-QUÍMICA IN SITU,CLOROFILA A,1.87,µg/L,"1,87",,Fluorescencia atómica,DISCRETA,36.99,6/5/2017,4,S2A_MSIL2A_20170605T105031_N0205_R051_T30SXJ_20170605T105303,0.022,0.0342,0.0475,0.0063,0.001,0.0001,0.0001,0.0001,0.0001,0.0001,0.0039,0.0036,0,6,1,6.2005
JU06660017,-1.0992,39.7301,6/1/2017,Estación punto de presa E. de Benagéber,DETERMINACION FÍSICO-QUÍMICA IN SITU,CLOROFILA A,1.58,µg/L,"1,58",,Fluorescencia atómica,DISCRETA,0.99,6/5/2017,4,S2A_MSIL2A_20170605T105031_N0205_R051_T30SXJ_20170605T105303,0.022,0.0342,0.0475,0.0063,0.001,0.0001,0.0001,0.0001,0.0001,0.0001,0.0039,0.0036,0,6,1,6.2005
JU06660017,-1.0992,39.7301,6/1/2017,Estación punto de presa E. de Benagéber,DETERMINACION FÍSICO-QUÍMICA IN SITU,CLOROFILA A,1.33,µg/L,"1,33",,Fluorescencia atómica,DISCRETA,0,6/5/2017,4,S2A_MSIL2A_20170605T105031_N0205_R051_T30SXJ_20170605T105303,0.022,0.0342,0.0475,0.0063,0.001,0.0001,0.0001,0.0001,0.0001,0.0001,0.0039,0.0036,0,6,1,6.2005
JU06660017,-1.0992,39.7301,6/1/2017,Estación punto de presa E. de Benagéber,DETERMINACION FÍSICO-QUÍMICA IN SITU,CLOROFILA A,3.7,µg/L,"3,7",,Fluorescencia atómica,DISCRETA,10.98,6/5/2017,4,S2A_MSIL2A_20170605T105031_N0205_R051_T30SXJ_20170605T105303,0.022,0.0342,0.0475,0.0063,0.001,0.0001,0.0001,0.0001,0.0001,0.0001,0.0039,0.0036,0,6,1,6.2005
JU06660017,-1.0992,39.7301,6/1/2017,Estación punto de presa E. de Benagéber,DETERMINACION FÍSICO-QUÍMICA IN SITU,CLOROFILA A,1.73,µg/L,"1,73",,Fluorescencia atómica,DISCRETA,2,6/5/2017,4,S2A_MSIL2A_20170605T105031_N0205_R051_T30SXJ_20170605T105303,0.022,0.0342,0.0475,0.0063,0.001,0.0001,0.0001,0.0001,0.0001,0.0001,0.0039,0.0036,0,6,1,6.2005
JU06660017,-1.0992,39.7301,6/1/2017,Estación punto de presa E. de Benagéber,DETERMINACION FÍSICO-QUÍMICA IN SITU,CLOROFILA A,1.87,µg/L,"1,87",,Fluorescencia atómica,DISCRETA,38.98,6/5/2017,4,S2A_MSIL2A_20170605T105031_N0205_R051_T30SXJ_20170605T105303,0.022,0.0342,0.0475,0.0063,0.001,0.0001,0.0001,0.0001,0.0001,0.0001,0.0039,0.0036,0,6,1,6.2005
JU06660017,-1.0992,39.7301,6/1/2017,Estación punto de presa E. de Benagéber,DETERMINACION FÍSICO-QUÍMICA IN SITU,CLOROFILA A,3.4,µg/L,"3,4",,Fluorescencia atómica,DISCRETA,6.94,6/5/2017,4,S2A_MSIL2A_20170605T105031_N0205_R051_T30SXJ_20170605T105303,0.022,0.0342,0.0475,0.0063,0.001,0.0001,0.0001,0.0001,0.0001,0.0001,0.0039,0.0036,0,6,1,6.2005
JU06660017,-1.0992,39.7301,6/1/2017,Estación punto de presa E. de Benagéber,DETERMINACION FÍSICO-QUÍMICA IN SITU,CLOROFILA A,4.23,µg/L,"4,23",,Fluorescencia atómica,DISCRETA,7.94,6/5/2017,4,S2A_MSIL2A_20170605T105031_N0205_R051_T30SXJ_20170605T105303,0.022,0.0342,0.0475,0.0063,0.001,0.0001,0.0001,0.0001,0.0001,0.0001,0.0039,0.0036,0,6,1,6.2005
JU06660017,-1.0992,39.7301,6/1/2017,Estación punto de presa E. de Benagéber,DETERMINACION FÍSICO-QUÍMICA IN SITU,CLOROFILA A,3.06,µg/L,"3,06",,Fluorescencia atómica,DISCRETA,11.98,6/5/2017,4,S2A_MSIL2A_20170605T105031_N0205_R051_T30SXJ_20170605T105303,0.022,0.0342,0.0475,0.0063,0.001,0.0001,0.0001,0.0001,0.0001,0.0001,0.0039,0.0036,0,6,1,6.2005
JU06660017,-1.0992,39.7301,6/1/2017,Estación punto de presa E. de Benagéber,DETERMINACION FÍSICO-QUÍMICA IN SITU,CLOROFILA A,2.01,µg/L,"2,01",,Fluorescencia atómica,DISCRETA,2.95,6/5/2017,4,S2A_MSIL2A_20170605T105031_N0205_R051_T30SXJ_20170605T105303,0.022,0.0342,0.0475,0.0063,0.001,0.0001,0.0001,0.0001,0.0001,0.0001,0.0039,0.0036,0,6,1,6.2005
JU06660017,-1.0992,39.7301,6/1/2017,Estación punto de presa E. de Benagéber,DETERMINACION FÍSICO-QUÍMICA IN SITU,CLOROFILA A,2.06,µg/L,"2,06",,Fluorescencia atómica,DISCRETA,28,6/5/2017,4,S2A_MSIL2A_20170605T105031_N0205_R051_T30SXJ_20170605T105303,0.022,0.0342,0.0475,0.0063,0.001,0.0001,0.0001,0.0001,0.0001,0.0001,0.0039,0.0036,0,6,1,6.2005
JU06660017,-1.0992,39.7301,6/1/2017,Estación punto de presa E. de Benagéber,DETERMINACION FÍSICO-QUÍMICA IN SITU,CLOROFILA A,1.97,µg/L,"1,97",,Fluorescencia atómica,DISCRETA,32.95,6/5/2017,4,S2A_MSIL2A_20170605T105031_N0205_R051_T30SXJ_20170605T105303,0.022,0.0342,0.0475,0.0063,0.001,0.0001,0.0001,0.0001,0.0001,0.0001,0.0039,0.0036,0,6,1,6.2005
JU06660017,-1.0992,39.7301,6/1/2017,Estación punto de presa E. de Benagéber,DETERMINACION FÍSICO-QUÍMICA IN SITU,CLOROFILA A,1.95,µg/L,"1,95",,Fluorescencia atómica,DISCRETA,33.99,6/5/2017,4,S2A_MSIL2A_20170605T105031_N0205_R051_T30SXJ_20170605T105303,0.022,0.0342,0.0475,0.0063,0.001,0.0001,0.0001,0.0001,0.0001,0.0001,0.0039,0.0036,0,6,1,6.2005
JU06660017,-1.0992,39.7301,6/1/2017,Estación punto de presa E. de Benagéber,DETERMINACION FÍSICO-QUÍMICA IN SITU,CLOROFILA A,2.53,µg/L,"2,53",,Fluorescencia atómica,DISCRETA,5,6/5/2017,4,S2A_MSIL2A_20170605T105031_N0205_R051_T30SXJ_20170605T105303,0.022,0.0342,0.0475,0.0063,0.001,0.0001,0.0001,0.0001,0.0001,0.0001,0.0039,0.0036,0,6,1,6.2005
JU06660017,-1.0992,39.7301,6/1/2017,Estación punto de presa E. de Benagéber,DETERMINACION FÍSICO-QUÍMICA IN SITU,CLOROFILA A,4.55,µg/L,"4,55",,Fluorescencia atómica,DISCRETA,9.99,6/5/2017,4,S2A_MSIL2A_20170605T105031_N0205_R051_T30SXJ_20170605T105303,0.022,0.0342,0.0475,0.0063,0.001,0.0001,0.0001,0.0001,0.0001,0.0001,0.0039,0.0036,0,6,1,6.2005
JU06660017,-1.0992,39.7301,6/1/2017,Estación punto de presa E. de Benagéber,DETERMINACION FÍSICO-QUÍMICA IN SITU,CLOROFILA A,2.34,µg/L,"2,34",,Fluorescencia atómica,DISCRETA,15.98,6/5/2017,4,S2A_MSIL2A_20170605T105031_N0205_R051_T30SXJ_20170605T105303,0.022,0.0342,0.0475,0.0063,0.001,0.0001,0.0001,0.0001,0.0001,0.0001,0.0039,0.0036,0,6,1,6.2005
JU06660017,-1.0992,39.7301,6/1/2017,Estación punto de presa E. de Benagéber,DETERMINACION FÍSICO-QUÍMICA IN SITU,CLOROFILA A,2.38,µg/L,"2,38",,Fluorescencia atómica,DISCRETA,16.97,6/5/2017,4,S2A_MSIL2A_20170605T105031_N0205_R051_T30SXJ_20170605T105303,0.022,0.0342,0.0475,0.0063,0.001,0.0001,0.0001,0.0001,0.0001,0.0001,0.0039,0.0036,0,6,1,6.2005
JU06660017,-1.0992,39.7301,6/1/2017,Estación punto de presa E. de Benagéber,DETERMINACION FÍSICO-QUÍMICA IN SITU,CLOROFILA A,2.03,µg/L,"2,03",,Fluorescencia atómica,DISCRETA,25.03,6/5/2017,4,S2A_MSIL2A_20170605T105031_N0205_R051_T30SXJ_20170605T105303,0.022,0.0342,0.0475,0.0063,0.001,0.0001,0.0001,0.0001,0.0001,0.0001,0.0039,0.0036,0,6,1,6.2005
JU06660017,-1.0992,39.7301,6/1/2017,Estación punto de presa E. de Benagéber,DETERMINACION FÍSICO-QUÍMICA IN SITU,CLOROFILA A,2,µg/L,2,,Fluorescencia atómica,DISCRETA,26.97,6/5/2017,4,S2A_MSIL2A_20170605T105031_N0205_R051_T30SXJ_20170605T105303,0.022,0.0342,0.0475,0.0063,0.001,0.0001,0.0001,0.0001,0.0001,0.0001,0.0039,0.0036,0,6,1,6.2005
JU06660017,-1.0992,39.7301,6/1/2017,Estación punto de presa E. de Benagéber,DETERMINACION FÍSICO-QUÍMICA IN SITU,CLOROFILA A,1.9,µg/L,"1,9",,Fluorescencia atómica,DISCRETA,35.01,6/5/2017,4,S2A_MSIL2A_20170605T105031_N0205_R051_T30SXJ_20170605T105303,0.022,0.0342,0.0475,0.0063,0.001,0.0001,0.0001,0.0001,0.0001,0.0001,0.0039,0.0036,0,6,1,6.2005
JU06660017,-1.0992,39.7301,6/1/2017,Estación punto de presa E. de Benagéber,DETERMINACION FÍSICO-QUÍMICA IN SITU,CLOROFILA A,1.93,µg/L,"1,93",,Fluorescencia atómica,DISCRETA,37.98,6/5/2017,4,S2A_MSIL2A_20170605T105031_N0205_R051_T30SXJ_20170605T105303,0.022,0.0342,0.0475,0.0063,0.001,0.0001,0.0001,0.0001,0.0001,0.0001,0.0039,0.0036,0,6,1,6.2005
JU06660017,-1.0992,39.7301,6/1/2017,Estación punto de presa E. de Benagéber,DETERMINACION FÍSICO-QUÍMICA IN SITU,CLOROFILA A,1.92,µg/L,"1,92",,Fluorescencia atómica,DISCRETA,39.97,6/5/2017,4,S2A_MSIL2A_20170605T105031_N0205_R051_T30SXJ_20170605T105303,0.022,0.0342,0.0475,0.0063,0.001,0.0001,0.0001,0.0001,0.0001,0.0001,0.0039,0.0036,0,6,1,6.2005
JU06660017,-1.0992,39.7301,6/1/2017,Estación punto de presa E. de Benagéber,DETERMINACION FÍSICO-QUÍMICA IN SITU,CLOROFILA A,3,µg/L,3,,Fluorescencia atómica,DISCRETA,5.97,6/5/2017,4,S2A_MSIL2A_20170605T105031_N0205_R051_T30SXJ_20170605T105303,0.022,0.0342,0.0475,0.0063,0.001,0.0001,0.0001,0.0001,0.0001,0.0001,0.0039,0.0036,0,6,1,6.2005
JU06660017,-1.0992,39.7301,6/1/2017,Estación punto de presa E. de Benagéber,DETERMINACION FÍSICO-QUÍMICA IN SITU,CLOROFILA A,2.31,µg/L,"2,31",,Fluorescencia atómica,DISCRETA,14.01,6/5/2017,4,S2A_MSIL2A_20170605T105031_N0205_R051_T30SXJ_20170605T105303,0.022,0.0342,0.0475,0.0063,0.001,0.0001,0.0001,0.0001,0.0001,0.0001,0.0039,0.0036,0,6,1,6.2005
JU06660017,-1.0992,39.7301,6/1/2017,Estación punto de presa E. de Benagéber,DETERMINACION FÍSICO-QUÍMICA IN SITU,CLOROFILA A,2.41,µg/L,"2,41",,Fluorescencia atómica,DISCRETA,14.99,6/5/2017,4,S2A_MSIL2A_20170605T105031_N0205_R051_T30SXJ_20170605T105303,0.022,0.0342,0.0475,0.0063,0.001,0.0001,0.0001,0.0001,0.0001,0.0001,0.0039,0.0036,0,6,1,6.2005
JU06660017,-1.0992,39.7301,6/1/2017,Estación punto de presa E. de Benagéber,DETERMINACION FÍSICO-QUÍMICA IN SITU,CLOROFILA A,2.36,µg/L,"2,36",,Fluorescencia atómica,DISCRETA,20.99,6/5/2017,4,S2A_MSIL2A_20170605T105031_N0205_R051_T30SXJ_20170605T105303,0.022,0.0342,0.0475,0.0063,0.001,0.0001,0.0001,0.0001,0.0001,0.0001,0.0039,0.0036,0,6,1,6.2005
JU06660017,-1.0992,39.7301,6/1/2017,Estación punto de presa E. de Benagéber,DETERMINACION FÍSICO-QUÍMICA IN SITU,CLOROFILA A,1.97,µg/L,"1,97",,Fluorescencia atómica,DISCRETA,35.98,6/5/2017,4,S2A_MSIL2A_20170605T105031_N0205_R051_T30SXJ_20170605T105303,0.022,0.0342,0.0475,0.0063,0.001,0.0001,0.0001,0.0001,0.0001,0.0001,0.0039,0.0036,0,6,1,6.2005
JU06660017,-1.0992,39.7301,6/1/2017,Estación punto de presa E. de Benagéber,DETERMINACION FÍSICO-QUÍMICA IN SITU,CLOROFILA A,4.41,µg/L,"4,41",,Fluorescencia atómica,DISCRETA,8.99,6/5/2017,4,S2A_MSIL2A_20170605T105031_N0205_R051_T30SXJ_20170605T105303,0.022,0.0342,0.0475,0.0063,0.001,0.0001,0.0001,0.0001,0.0001,0.0001,0.0039,0.0036,0,6,1,6.2005
JU06660017,-1.0992,39.7301,6/1/2017,Estación punto de presa E. de Benagéber,TOMA DE MUESTRAS PARA LABORATORIO,CLOROFILA A,2.1,µg/L,"2,1",1,Fluorescencia atómica,INTEGRADA,-1,6/5/2017,4,S2A_MSIL2A_20170605T105031_N0205_R051_T30SXJ_20170605T105303,0.022,0.0342,0.0475,0.0063,0.001,0.0001,0.0001,0.0001,0.0001,0.0001,0.0039,0.0036,0,6,1,6.2005
JU06660017,-1.0992,39.7301,6/1/2017,Estación punto de presa E. de Benagéber,DETERMINACION FÍSICO-QUÍMICA IN SITU,CLOROFILA A,2.33,µg/L,"2,33",,Fluorescencia atómica,DISCRETA,18.02,6/5/2017,4,S2A_MSIL2A_20170605T105031_N0205_R051_T30SXJ_20170605T105303,0.022,0.0342,0.0475,0.0063,0.001,0.0001,0.0001,0.0001,0.0001,0.0001,0.0039,0.0036,0,6,1,6.2005
JU06660017,-1.0992,39.7301,6/1/2017,Estación punto de presa E. de Benagéber,DETERMINACION FÍSICO-QUÍMICA IN SITU,CLOROFILA A,1.93,µg/L,"1,93",,Fluorescencia atómica,DISCRETA,40.97,6/5/2017,4,S2A_MSIL2A_20170605T105031_N0205_R051_T30SXJ_20170605T105303,0.022,0.0342,0.0475,0.0063,0.001,0.0001,0.0001,0.0001,0.0001,0.0001,0.0039,0.0036,0,6,1,6.2005
JU06660017,-1.0992,39.7301,6/1/2017,Estación punto de presa E. de Benagéber,DETERMINACION FÍSICO-QUÍMICA IN SITU,CLOROFILA A,1.92,µg/L,"1,92",,Fluorescencia atómica,DISCRETA,41.99,6/5/2017,4,S2A_MSIL2A_20170605T105031_N0205_R051_T30SXJ_20170605T105303,0.022,0.0342,0.0475,0.0063,0.001,0.0001,0.0001,0.0001,0.0001,0.0001,0.0039,0.0036,0,6,1,6.2005
JU06660017,-1.0992,39.7301,6/1/2017,Estación punto de presa E. de Benagéber,DETERMINACION FÍSICO-QUÍMICA IN SITU,CLOROFILA A,2.21,µg/L,"2,21",,Fluorescencia atómica,DISCRETA,18.99,6/5/2017,4,S2A_MSIL2A_20170605T105031_N0205_R051_T30SXJ_20170605T105303,0.022,0.0342,0.0475,0.0063,0.001,0.0001,0.0001,0.0001,0.0001,0.0001,0.0039,0.0036,0,6,1,6.2005
JU06660017,-1.0992,39.7301,6/1/2017,Estación punto de presa E. de Benagéber,DETERMINACION FÍSICO-QUÍMICA IN SITU,CLOROFILA A,2.31,µg/L,"2,31",,Fluorescencia atómica,DISCRETA,19.94,6/5/2017,4,S2A_MSIL2A_20170605T105031_N0205_R051_T30SXJ_20170605T105303,0.022,0.0342,0.0475,0.0063,0.001,0.0001,0.0001,0.0001,0.0001,0.0001,0.0039,0.0036,0,6,1,6.2005
JU06660017,-1.0992,39.7301,6/1/2017,Estación punto de presa E. de Benagéber,DETERMINACION FÍSICO-QUÍMICA IN SITU,CLOROFILA A,2.04,µg/L,"2,04",,Fluorescencia atómica,DISCRETA,28.97,6/5/2017,4,S2A_MSIL2A_20170605T105031_N0205_R051_T30SXJ_20170605T105303,0.022,0.0342,0.0475,0.0063,0.001,0.0001,0.0001,0.0001,0.0001,0.0001,0.0039,0.0036,0,6,1,6.2005
JU06660017,-1.0992,39.7301,6/1/2017,Estación punto de presa E. de Benagéber,DETERMINACION FÍSICO-QUÍMICA IN SITU,CLOROFILA A,2.43,µg/L,"2,43",,Fluorescencia atómica,DISCRETA,12.99,6/5/2017,4,S2A_MSIL2A_20170605T105031_N0205_R051_T30SXJ_20170605T105303,0.022,0.0342,0.0475,0.0063,0.001,0.0001,0.0001,0.0001,0.0001,0.0001,0.0039,0.0036,0,6,1,6.2005
JU06660017,-1.0992,39.7301,6/1/2017,Estación punto de presa E. de Benagéber,DETERMINACION FÍSICO-QUÍMICA IN SITU,CLOROFILA A,2.2,µg/L,"2,2",,Fluorescencia atómica,DISCRETA,21.99,6/5/2017,4,S2A_MSIL2A_20170605T105031_N0205_R051_T30SXJ_20170605T105303,0.022,0.0342,0.0475,0.0063,0.001,0.0001,0.0001,0.0001,0.0001,0.0001,0.0039,0.0036,0,6,1,6.2005
JU06660017,-1.0992,39.7301,6/1/2017,Estación punto de presa E. de Benagéber,DETERMINACION FÍSICO-QUÍMICA IN SITU,CLOROFILA A,2.17,µg/L,"2,17",,Fluorescencia atómica,DISCRETA,22.96,6/5/2017,4,S2A_MSIL2A_20170605T105031_N0205_R051_T30SXJ_20170605T105303,0.022,0.0342,0.0475,0.0063,0.001,0.0001,0.0001,0.0001,0.0001,0.0001,0.0039,0.0036,0,6,1,6.2005
JU06660017,-1.0992,39.7301,6/1/2017,Estación punto de presa E. de Benagéber,DETERMINACION FÍSICO-QUÍMICA IN SITU,CLOROFILA A,1.97,µg/L,"1,97",,Fluorescencia atómica,DISCRETA,31.98,6/5/2017,4,S2A_MSIL2A_20170605T105031_N0205_R051_T30SXJ_20170605T105303,0.022,0.0342,0.0475,0.0063,0.001,0.0001,0.0001,0.0001,0.0001,0.0001,0.0039,0.0036,0,6,1,6.2005
JU06660017,-1.0992,39.7301,6/1/2017,Estación punto de presa E. de Benagéber,DETERMINACION FÍSICO-QUÍMICA IN SITU,CLOROFILA A,1.95,µg/L,"1,95",,Fluorescencia atómica,DISCRETA,42.97,6/5/2017,4,S2A_MSIL2A_20170605T105031_N0205_R051_T30SXJ_20170605T105303,0.022,0.0342,0.0475,0.0063,0.001,0.0001,0.0001,0.0001,0.0001,0.0001,0.0039,0.0036,0,6,1,6.2005
JU06660017,-1.0992,39.7301,6/1/2017,Estación punto de presa E. de Benagéber,DETERMINACION FÍSICO-QUÍMICA IN SITU,CLOROFILA A,2.15,µg/L,"2,15",,Fluorescencia atómica,DISCRETA,4,6/5/2017,4,S2A_MSIL2A_20170605T105031_N0205_R051_T30SXJ_20170605T105303,0.022,0.0342,0.0475,0.0063,0.001,0.0001,0.0001,0.0001,0.0001,0.0001,0.0039,0.0036,0,6,1,6.2005
JU06660017,-1.0992,39.7301,6/1/2017,Estación punto de presa E. de Benagéber,TOMA DE MUESTRAS PARA LABORATORIO,FOSFORO TOTAL,0.036,mg P/l,"0,036",0.02,Espectofotometría de absorción molecular,INTEGRADA,-1,6/5/2017,4,S2A_MSIL2A_20170605T105031_N0205_R051_T30SXJ_20170605T105303,0.022,0.0342,0.0475,0.0063,0.001,0.0001,0.0001,0.0001,0.0001,0.0001,0.0039,0.0036,0,6,1,6.2005
JU06660017,-1.0992,39.7301,6/1/2017,Estación punto de presa E. de Benagéber,DETERMINACION FÍSICO-QUÍMICA IN SITU,Profundidad del disco de secchi,3.5,m,,,,INTEGRADA,-1,6/5/2017,4,S2A_MSIL2A_20170605T105031_N0205_R051_T30SXJ_20170605T105303,0.022,0.0342,0.0475,0.0063,0.001,0.0001,0.0001,0.0001,0.0001,0.0001,0.0039,0.0036,0,6,1,6.2005
,-0.2482,40.0175,9/28/2016,,,,,,,,,,,,,,,,,,,,,,,,,,,,,
,-0.2482,40.0175,9/28/2016,,,,,,,,,,,,,,,,,,,,,,,,,,,,,
,-0.2482,40.0175,9/28/2016,,,,,,,,,,,,,,,,,,,,,,,,,,,,,
,-0.2482,40.0175,9/28/2016,,,,,,,,,,,,,,,,,,,,,,,,,,,,,
,-0.2482,40.0175,9/28/2016,,,,,,,,,,,,,,,,,,,,,,,,,,,,,
,-0.2482,40.0175,9/28/2016,,,,,,,,,,,,,,,,,,,,,,,,,,,,,
,-0.2482,40.0175,9/28/2016,,,,,,,,,,,,,,,,,,,,,,,,,,,,,
,-0.2482,40.0175,9/28/2016,,,,,,,,,,,,,,,,,,,,,,,,,,,,,
,-0.2482,40.0175,9/28/2016,,,,,,,,,,,,,,,,,,,,,,,,,,,,,
,-0.2482,40.0175,9/28/2016,,,,,,,,,,,,,,,,,,,,,,,,,,,,,
,-0.2482,40.0175,9/28/2016,,,,,,,,,,,,,,,,,,,,,,,,,,,,,
,-0.2482,40.0175,9/28/2016,,,,,,,,,,,,,,,,,,,,,,,,,,,,,
,-0.2482,40.0175,9/28/2016,,,,,,,,,,,,,,,,,,,,,,,,,,,,,
,-0.2482,40.0175,9/28/2016,,,,,,,,,,,,,,,,,,,,,,,,,,,,,
,-0.2482,40.0175,9/28/2016,,,,,,,,,,,,,,,,,,,,,,,,,,,,,
,-0.2772,40.0203,9/28/2016,,,,,,,,,,,,,,,,,,,,,,,,,,,,,
,-0.2772,40.0203,9/28/2016,,,,,,,,,,,,,,,,,,,,,,,,,,,,,
,-0.2772,40.0203,9/28/2016,,,,,,,,,,,,,,,,,,,,,,,,,,,,,
,-0.2772,40.0203,9/28/2016,,,,,,,,,,,,,,,,,,,,,,,,,,,,,
,-0.2772,40.0203,9/28/2016,,,,,,,,,,,,,,,,,,,,,,,,,,,,,
,-0.2772,40.0203,9/28/2016,,,,,,,,,,,,,,,,,,,,,,,,,,,,,
,-0.2772,40.0203,9/28/2016,,,,,,,,,,,,,,,,,,,,,,,,,,,,,
,-0.2772,40.0203,9/28/2016,,,,,,,,,,,,,,,,,,,,,,,,,,,,,
,-0.2772,40.0203,9/28/2016,,,,,,,,,,,,,,,,,,,,,,,,,,,,,
,-0.2772,40.0203,9/28/2016,,,,,,,,,,,,,,,,,,,,,,,,,,,,,
,-0.2307,40.0116,9/28/2016,,,,,,,,,,,,,,,,,,,,,,,,,,,,,
,-0.2307,40.0116,9/28/2016,,,,,,,,,,,,,,,,,,,,,,,,,,,,,
,-0.2307,40.0116,9/28/2016,,,,,,,,,,,,,,,,,,,,,,,,,,,,,
,-0.2307,40.0116,9/28/2016,,,,,,,,,,,,,,,,,,,,,,,,,,,,,
,-0.2307,40.0116,9/28/2016,,,,,,,,,,,,,,,,,,,,,,,,,,,,,
,-0.2307,40.0116,9/28/2016,,,,,,,,,,,,,,,,,,,,,,,,,,,,,
,-0.2307,40.0116,9/28/2016,,,,,,,,,,,,,,,,,,,,,,,,,,,,,
,-0.2307,40.0116,9/28/2016,,,,,,,,,,,,,,,,,,,,,,,,,,,,,
,-0.2307,40.0116,9/28/2016,,,,,,,,,,,,,,,,,,,,,,,,,,,,,
,-0.2307,40.0116,9/28/2016,,,,,,,,,,,,,,,,,,,,,,,,,,,,,
,-0.2307,40.0116,9/28/2016,,,,,,,,,,,,,,,,,,,,,,,,,,,,,
,-0.2307,40.0116,9/28/2016,,,,,,,,,,,,,,,,,,,,,,,,,,,,,
,-0.2307,40.0116,9/28/2016,,,,,,,,,,,,,,,,,,,,,,,,,,,,,
,-0.2307,40.0116,9/28/2016,,,,,,,,,,,,,,,,,,,,,,,,,,,,,
,-0.2307,40.0116,9/28/2016,,,,,,,,,,,,,,,,,,,,,,,,,,,,,
,-0.2307,40.0116,9/28/2016,,,,,,,,,,,,,,,,,,,,,,,,,,,,,
,-0.2307,40.0116,9/28/2016,,,,,,,,,,,,,,,,,,,,,,,,,,,,,
,-0.2307,40.0116,9/28/2016,,,,,,,,,,,,,,,,,,,,,,,,,,,,,
,-0.2307,40.0116,9/28/2016,,,,,,,,,,,,,,,,,,,,,,,,,,,,,
,-0.2307,40.0116,9/28/2016,,,,,,,,,,,,,,,,,,,,,,,,,,,,,
,-0.2307,40.0116,9/28/2016,,,,,,,,,,,,,,,,,,,,,,,,,,,,,
,-0.2307,40.0116,9/28/2016,,,,,,,,,,,,,,,,,,,,,,,,,,,,,
,-0.2307,40.0116,9/28/2016,,,,,,,,,,,,,,,,,,,,,,,,,,,,,
,-0.2307,40.0116,9/28/2016,,,,,,,,,,,,,,,,,,,,,,,,,,,,,
,-0.2307,40.0116,9/28/2016,,,,,,,,,,,,,,,,,,,,,,,,,,,,,
,-0.1601,40.0388,9/22/2016,,,,,,,,,,,,,,,,,,,,,,,,,,,,,
,-0.1601,40.0388,9/22/2016,,,,,,,,,,,,,,,,,,,,,,,,,,,,,
,-0.1601,40.0388,9/22/2016,,,,,,,,,,,,,,,,,,,,,,,,,,,,,
,-0.1601,40.0388,9/22/2016,,,,,,,,,,,,,,,,,,,,,,,,,,,,,
,-0.1601,40.0388,9/22/2016,,,,,,,,,,,,,,,,,,,,,,,,,,,,,
,-0.1601,40.0388,9/22/2016,,,,,,,,,,,,,,,,,,,,,,,,,,,,,
,-0.1601,40.0388,9/22/2016,,,,,,,,,,,,,,,,,,,,,,,,,,,,,
,-0.1572,40.0523,9/22/2016,,,,,,,,,,,,,,,,,,,,,,,,,,,,,
,-0.1572,40.0523,9/22/2016,,,,,,,,,,,,,,,,,,,,,,,,,,,,,
,-0.1572,40.0523,9/22/2016,,,,,,,,,,,,,,,,,,,,,,,,,,,,,
,-0.1572,40.0523,9/22/2016,,,,,,,,,,,,,,,,,,,,,,,,,,,,,
,-0.1572,40.0523,9/22/2016,,,,,,,,,,,,,,,,,,,,,,,,,,,,,
,-0.1572,40.0523,9/22/2016,,,,,,,,,,,,,,,,,,,,,,,,,,,,,
,-0.1572,40.0523,9/22/2016,,,,,,,,,,,,,,,,,,,,,,,,,,,,,
,-0.164,40.0293,9/22/2016,,,,,,,,,,,,,,,,,,,,,,,,,,,,,
,-0.164,40.0293,9/22/2016,,,,,,,,,,,,,,,,,,,,,,,,,,,,,
,-0.164,40.0293,9/22/2016,,,,,,,,,,,,,,,,,,,,,,,,,,,,,
,-0.164,40.0293,9/22/2016,,,,,,,,,,,,,,,,,,,,,,,,,,,,,
,-0.164,40.0293,9/22/2016,,,,,,,,,,,,,,,,,,,,,,,,,,,,,
,-0.164,40.0293,9/22/2016,,,,,,,,,,,,,,,,,,,,,,,,,,,,,
,-0.164,40.0293,9/22/2016,,,,,,,,,,,,,,,,,,,,,,,,,,,,,
,-0.164,40.0293,9/22/2016,,,,,,,,,,,,,,,,,,,,,,,,,,,,,
,-0.164,40.0293,9/22/2016,,,,,,,,,,,,,,,,,,,,,,,,,,,,,
,-0.164,40.0293,9/22/2016,,,,,,,,,,,,,,,,,,,,,,,,,,,,,
,-0.2482,40.0175,7/6/2016,,,,,,,,,,,,,,,,,,,,,,,,,,,,,
,-0.2482,40.0175,7/6/2016,,,,,,,,,,,,,,,,,,,,,,,,,,,,,
,-0.2482,40.0175,7/6/2016,,,,,,,,,,,,,,,,,,,,,,,,,,,,,
,-0.2482,40.0175,7/6/2016,,,,,,,,,,,,,,,,,,,,,,,,,,,,,
,-0.2482,40.0175,7/6/2016,,,,,,,,,,,,,,,,,,,,,,,,,,,,,
,-0.2482,40.0175,7/6/2016,,,,,,,,,,,,,,,,,,,,,,,,,,,,,
,-0.2482,40.0175,7/6/2016,,,,,,,,,,,,,,,,,,,,,,,,,,,,,
,-0.2482,40.0175,7/6/2016,,,,,,,,,,,,,,,,,,,,,,,,,,,,,
,-0.2482,40.0175,7/6/2016,,,,,,,,,,,,,,,,,,,,,,,,,,,,,
,-0.2482,40.0175,7/6/2016,,,,,,,,,,,,,,,,,,,,,,,,,,,,,
,-0.2482,40.0175,7/6/2016,,,,,,,,,,,,,,,,,,,,,,,,,,,,,
,-0.2482,40.0175,7/6/2016,,,,,,,,,,,,,,,,,,,,,,,,,,,,,
,-0.2482,40.0175,7/6/2016,,,,,,,,,,,,,,,,,,,,,,,,,,,,,
,-0.2482,40.0175,7/6/2016,,,,,,,,,,,,,,,,,,,,,,,,,,,,,
,-0.2482,40.0175,7/6/2016,,,,,,,,,,,,,,,,,,,,,,,,,,,,,
,-0.2482,40.0175,7/6/2016,,,,,,,,,,,,,,,,,,,,,,,,,,,,,
,-0.2482,40.0175,7/6/2016,,,,,,,,,,,,,,,,,,,,,,,,,,,,,
,-0.2772,40.0203,7/6/2016,,,,,,,,,,,,,,,,,,,,,,,,,,,,,
,-0.2772,40.0203,7/6/2016,,,,,,,,,,,,,,,,,,,,,,,,,,,,,
,-0.2772,40.0203,7/6/2016,,,,,,,,,,,,,,,,,,,,,,,,,,,,,
,-0.2772,40.0203,7/6/2016,,,,,,,,,,,,,,,,,,,,,,,,,,,,,
,-0.2772,40.0203,7/6/2016,,,,,,,,,,,,,,,,,,,,,,,,,,,,,
,-0.2772,40.0203,7/6/2016,,,,,,,,,,,,,,,,,,,,,,,,,,,,,
,-0.2772,40.0203,7/6/2016,,,,,,,,,,,,,,,,,,,,,,,,,,,,,
,-0.2772,40.0203,7/6/2016,,,,,,,,,,,,,,,,,,,,,,,,,,,,,
,-0.2772,40.0203,7/6/2016,,,,,,,,,,,,,,,,,,,,,,,,,,,,,
,-0.2772,40.0203,7/6/2016,,,,,,,,,,,,,,,,,,,,,,,,,,,,,
,-0.2772,40.0203,7/6/2016,,,,,,,,,,,,,,,,,,,,,,,,,,,,,
,-0.2772,40.0203,7/6/2016,,,,,,,,,,,,,,,,,,,,,,,,,,,,,
,-0.2307,40.0116,7/6/2016,,,,,,,,,,,,,,,,,,,,,,,,,,,,,
,-0.2307,40.0116,7/6/2016,,,,,,,,,,,,,,,,,,,,,,,,,,,,,
,-0.2307,40.0116,7/6/2016,,,,,,,,,,,,,,,,,,,,,,,,,,,,,
,-0.2307,40.0116,7/6/2016,,,,,,,,,,,,,,,,,,,,,,,,,,,,,
,-0.2307,40.0116,7/6/2016,,,,,,,,,,,,,,,,,,,,,,,,,,,,,
,-0.2307,40.0116,7/6/2016,,,,,,,,,,,,,,,,,,,,,,,,,,,,,
,-0.2307,40.0116,7/6/2016,,,,,,,,,,,,,,,,,,,,,,,,,,,,,
,-0.2307,40.0116,7/6/2016,,,,,,,,,,,,,,,,,,,,,,,,,,,,,
,-0.2307,40.0116,7/6/2016,,,,,,,,,,,,,,,,,,,,,,,,,,,,,
,-0.2307,40.0116,7/6/2016,,,,,,,,,,,,,,,,,,,,,,,,,,,,,
,-0.2307,40.0116,7/6/2016,,,,,,,,,,,,,,,,,,,,,,,,,,,,,
,-0.2307,40.0116,7/6/2016,,,,,,,,,,,,,,,,,,,,,,,,,,,,,
,-0.2307,40.0116,7/6/2016,,,,,,,,,,,,,,,,,,,,,,,,,,,,,
,-0.2307,40.0116,7/6/2016,,,,,,,,,,,,,,,,,,,,,,,,,,,,,
,-0.2307,40.0116,7/6/2016,,,,,,,,,,,,,,,,,,,,,,,,,,,,,
,-0.2307,40.0116,7/6/2016,,,,,,,,,,,,,,,,,,,,,,,,,,,,,
,-0.2307,40.0116,7/6/2016,,,,,,,,,,,,,,,,,,,,,,,,,,,,,
,-0.2307,40.0116,7/6/2016,,,,,,,,,,,,,,,,,,,,,,,,,,,,,
,-0.2307,40.0116,7/6/2016,,,,,,,,,,,,,,,,,,,,,,,,,,,,,
,-0.2307,40.0116,7/6/2016,,,,,,,,,,,,,,,,,,,,,,,,,,,,,
,-0.2307,40.0116,7/6/2016,,,,,,,,,,,,,,,,,,,,,,,,,,,,,
,-0.2307,40.0116,7/6/2016,,,,,,,,,,,,,,,,,,,,,,,,,,,,,
,-0.2307,40.0116,7/6/2016,,,,,,,,,,,,,,,,,,,,,,,,,,,,,
,-0.2307,40.0116,7/6/2016,,,,,,,,,,,,,,,,,,,,,,,,,,,,,
,-0.2307,40.0116,7/6/2016,,,,,,,,,,,,,,,,,,,,,,,,,,,,,
,-0.1601,40.0388,6/17/2016,,,,,,,,,,,,,,,,,,,,,,,,,,,,,
,-0.1601,40.0388,6/17/2016,,,,,,,,,,,,,,,,,,,,,,,,,,,,,
,-0.1601,40.0388,6/17/2016,,,,,,,,,,,,,,,,,,,,,,,,,,,,,
,-0.1601,40.0388,6/17/2016,,,,,,,,,,,,,,,,,,,,,,,,,,,,,
,-0.1601,40.0388,6/17/2016,,,,,,,,,,,,,,,,,,,,,,,,,,,,,
,-0.1601,40.0388,6/17/2016,,,,,,,,,,,,,,,,,,,,,,,,,,,,,
,-0.1601,40.0388,6/17/2016,,,,,,,,,,,,,,,,,,,,,,,,,,,,,
,-0.1601,40.0388,6/17/2016,,,,,,,,,,,,,,,,,,,,,,,,,,,,,
,-0.1601,40.0388,6/17/2016,,,,,,,,,,,,,,,,,,,,,,,,,,,,,
,-0.1572,40.0523,6/17/2016,,,,,,,,,,,,,,,,,,,,,,,,,,,,,
,-0.1572,40.0523,6/17/2016,,,,,,,,,,,,,,,,,,,,,,,,,,,,,
,-0.1572,40.0523,6/17/2016,,,,,,,,,,,,,,,,,,,,,,,,,,,,,
,-0.1572,40.0523,6/17/2016,,,,,,,,,,,,,,,,,,,,,,,,,,,,,
,-0.1572,40.0523,6/17/2016,,,,,,,,,,,,,,,,,,,,,,,,,,,,,
,-0.1572,40.0523,6/17/2016,,,,,,,,,,,,,,,,,,,,,,,,,,,,,
,-0.1572,40.0523,6/17/2016,,,,,,,,,,,,,,,,,,,,,,,,,,,,,
,-0.1572,40.0523,6/17/2016,,,,,,,,,,,,,,,,,,,,,,,,,,,,,
,-0.1572,40.0523,6/17/2016,,,,,,,,,,,,,,,,,,,,,,,,,,,,,
,-0.1572,40.0523,6/17/2016,,,,,,,,,,,,,,,,,,,,,,,,,,,,,
,-0.164,40.0293,6/17/2016,,,,,,,,,,,,,,,,,,,,,,,,,,,,,
,-0.164,40.0293,6/17/2016,,,,,,,,,,,,,,,,,,,,,,,,,,,,,
,-0.164,40.0293,6/17/2016,,,,,,,,,,,,,,,,,,,,,,,,,,,,,
,-0.164,40.0293,6/17/2016,,,,,,,,,,,,,,,,,,,,,,,,,,,,,
,-0.164,40.0293,6/17/2016,,,,,,,,,,,,,,,,,,,,,,,,,,,,,
,-0.164,40.0293,6/17/2016,,,,,,,,,,,,,,,,,,,,,,,,,,,,,
,-0.164,40.0293,6/17/2016,,,,,,,,,,,,,,,,,,,,,,,,,,,,,
,-0.164,40.0293,6/17/2016,,,,,,,,,,,,,,,,,,,,,,,,,,,,,
,-0.164,40.0293,6/17/2016,,,,,,,,,,,,,,,,,,,,,,,,,,,,,
,-0.164,40.0293,6/17/2016,,,,,,,,,,,,,,,,,,,,,,,,,,,,,
,-0.164,40.0293,6/17/2016,,,,,,,,,,,,,,,,,,,,,,,,,,,,,
,-0.164,40.0293,6/17/2016,,,,,,,,,,,,,,,,,,,,,,,,,,,,,
,-0.164,40.0293,6/17/2016,,,,,,,,,,,,,,,,,,,,,,,,,,,,,
,-0.164,40.0293,6/17/2016,,,,,,,,,,,,,,,,,,,,,,,,,,,,,
,-1.1194,39.7803,6/6/2016,,,,,,,,,,,,,,,,,,,,,,,,,,,,,
,-1.1194,39.7803,6/6/2016,,,,,,,,,,,,,,,,,,,,,,,,,,,,,
,-1.1194,39.7803,6/6/2016,,,,,,,,,,,,,,,,,,,,,,,,,,,,,
,-1.1194,39.7803,6/6/2016,,,,,,,,,,,,,,,,,,,,,,,,,,,,,
,-1.1194,39.7803,6/6/2016,,,,,,,,,,,,,,,,,,,,,,,,,,,,,
,-1.1194,39.7803,6/6/2016,,,,,,,,,,,,,,,,,,,,,,,,,,,,,
,-1.1194,39.7803,6/6/2016,,,,,,,,,,,,,,,,,,,,,,,,,,,,,
,-1.1194,39.7803,6/6/2016,,,,,,,,,,,,,,,,,,,,,,,,,,,,,
,-1.1194,39.7803,6/6/2016,,,,,,,,,,,,,,,,,,,,,,,,,,,,,
,-1.1194,39.7803,6/6/2016,,,,,,,,,,,,,,,,,,,,,,,,,,,,,
,-1.1194,39.7803,6/6/2016,,,,,,,,,,,,,,,,,,,,,,,,,,,,,
,-1.1194,39.7803,6/6/2016,,,,,,,,,,,,,,,,,,,,,,,,,,,,,
,-1.1194,39.7803,6/6/2016,,,,,,,,,,,,,,,,,,,,,,,,,,,,,
,-1.1194,39.7803,6/6/2016,,,,,,,,,,,,,,,,,,,,,,,,,,,,,
,-1.1194,39.7803,6/6/2016,,,,,,,,,,,,,,,,,,,,,,,,,,,,,
,-1.1194,39.7803,6/6/2016,,,,,,,,,,,,,,,,,,,,,,,,,,,,,
,-1.1448,39.8091,6/6/2016,,,,,,,,,,,,,,,,,,,,,,,,,,,,,
,-1.1448,39.8091,6/6/2016,,,,,,,,,,,,,,,,,,,,,,,,,,,,,
,-1.1448,39.8091,6/6/2016,,,,,,,,,,,,,,,,,,,,,,,,,,,,,
,-1.1448,39.8091,6/6/2016,,,,,,,,,,,,,,,,,,,,,,,,,,,,,
,-1.1448,39.8091,6/6/2016,,,,,,,,,,,,,,,,,,,,,,,,,,,,,
,-1.1448,39.8091,6/6/2016,,,,,,,,,,,,,,,,,,,,,,,,,,,,,
,-1.1448,39.8091,6/6/2016,,,,,,,,,,,,,,,,,,,,,,,,,,,,,
,-1.1448,39.8091,6/6/2016,,,,,,,,,,,,,,,,,,,,,,,,,,,,,
,-1.0992,39.7301,6/6/2016,,,,,,,,,,,,,,,,,,,,,,,,,,,,,
,-1.0992,39.7301,6/6/2016,,,,,,,,,,,,,,,,,,,,,,,,,,,,,
,-1.0992,39.7301,6/6/2016,,,,,,,,,,,,,,,,,,,,,,,,,,,,,
,-1.0992,39.7301,6/6/2016,,,,,,,,,,,,,,,,,,,,,,,,,,,,,
,-1.0992,39.7301,6/6/2016,,,,,,,,,,,,,,,,,,,,,,,,,,,,,
,-1.0992,39.7301,6/6/2016,,,,,,,,,,,,,,,,,,,,,,,,,,,,,
,-1.0992,39.7301,6/6/2016,,,,,,,,,,,,,,,,,,,,,,,,,,,,,
,-1.0992,39.7301,6/6/2016,,,,,,,,,,,,,,,,,,,,,,,,,,,,,
,-1.0992,39.7301,6/6/2016,,,,,,,,,,,,,,,,,,,,,,,,,,,,,
,-1.0992,39.7301,6/6/2016,,,,,,,,,,,,,,,,,,,,,,,,,,,,,
,-1.0992,39.7301,6/6/2016,,,,,,,,,,,,,,,,,,,,,,,,,,,,,
,-1.0992,39.7301,6/6/2016,,,,,,,,,,,,,,,,,,,,,,,,,,,,,
,-1.0992,39.7301,6/6/2016,,,,,,,,,,,,,,,,,,,,,,,,,,,,,
,-1.0992,39.7301,6/6/2016,,,,,,,,,,,,,,,,,,,,,,,,,,,,,
,-1.0992,39.7301,6/6/2016,,,,,,,,,,,,,,,,,,,,,,,,,,,,,
,-1.0992,39.7301,6/6/2016,,,,,,,,,,,,,,,,,,,,,,,,,,,,,
,-1.0992,39.7301,6/6/2016,,,,,,,,,,,,,,,,,,,,,,,,,,,,,
,-1.0992,39.7301,6/6/2016,,,,,,,,,,,,,,,,,,,,,,,,,,,,,
,-1.0992,39.7301,6/6/2016,,,,,,,,,,,,,,,,,,,,,,,,,,,,,
,-1.0992,39.7301,6/6/2016,,,,,,,,,,,,,,,,,,,,,,,,,,,,,
,-1.0992,39.7301,6/6/2016,,,,,,,,,,,,,,,,,,,,,,,,,,,,,
,-1.0992,39.7301,6/6/2016,,,,,,,,,,,,,,,,,,,,,,,,,,,,,
,-1.0992,39.7301,6/6/2016,,,,,,,,,,,,,,,,,,,,,,,,,,,,,
,-1.0992,39.7301,6/6/2016,,,,,,,,,,,,,,,,,,,,,,,,,,,,,
,-1.0992,39.7301,6/6/2016,,,,,,,,,,,,,,,,,,,,,,,,,,,,,
,-1.0992,39.7301,6/6/2016,,,,,,,,,,,,,,,,,,,,,,,,,,,,,
,-1.0992,39.7301,6/6/2016,,,,,,,,,,,,,,,,,,,,,,,,,,,,,
,-1.0992,39.7301,6/6/2016,,,,,,,,,,,,,,,,,,,,,,,,,,,,,
,-1.0992,39.7301,6/6/2016,,,,,,,,,,,,,,,,,,,,,,,,,,,,,
,-1.0992,39.7301,6/6/2016,,,,,,,,,,,,,,,,,,,,,,,,,,,,,
,-1.0992,39.7301,6/6/2016,,,,,,,,,,,,,,,,,,,,,,,,,,,,,
,-1.0992,39.7301,6/6/2016,,,,,,,,,,,,,,,,,,,,,,,,,,,,,
,-1.0992,39.7301,6/6/2016,,,,,,,,,,,,,,,,,,,,,,,,,,,,,
,-1.0992,39.7301,6/6/2016,,,,,,,,,,,,,,,,,,,,,,,,,,,,,
,-1.0992,39.7301,6/6/2016,,,,,,,,,,,,,,,,,,,,,,,,,,,,,
,-1.0992,39.7301,6/6/2016,,,,,,,,,,,,,,,,,,,,,,,,,,,,,
,-1.0992,39.7301,6/6/2016,,,,,,,,,,,,,,,,,,,,,,,,,,,,,
,-1.0992,39.7301,6/6/2016,,,,,,,,,,,,,,,,,,,,,,,,,,,,,
,-1.0992,39.7301,6/6/2016,,,,,,,,,,,,,,,,,,,,,,,,,,,,,
,-1.0992,39.7301,6/6/2016,,,,,,,,,,,,,,,,,,,,,,,,,,,,,
,-1.0992,39.7301,6/6/2016,,,,,,,,,,,,,,,,,,,,,,,,,,,,,
,-1.0992,39.7301,6/6/2016,,,,,,,,,,,,,,,,,,,,,,,,,,,,,
,-1.0992,39.7301,6/6/2016,,,,,,,,,,,,,,,,,,,,,,,,,,,,,
